accession,ticker,cik,documentFileName,documentType,exhibitUrl,fullTextSha256,fullTextLength,modelInputSha256,modelInputLength,truncated,maxInputLength,outcome,fetchedAtUtc
0001437749-25-031807,NPK,80172,ex_876956.htm,EX-99.1,https://www.sec.gov/Archives/edgar/data/80172/000143774925031807/ex_876956.htm,73684b29ac25f7d707c589697d5819e533008b904c43135a5220e6a14c86fddb,3196,73684b29ac25f7d707c589697d5819e533008b904c43135a5220e6a14c86fddb,3196,false,12000,success,2026-07-29T22:18:20.0606572Z
0000950170-25-097225,AGYS,78749,agys-ex99_1.htm,EX-99.1,https://www.sec.gov/Archives/edgar/data/78749/000095017025097225/agys-ex99_1.htm,ebf79dfbafa487227be5241dc5dad7de5e6fe4df959627f78188ba561303b7e8,18898,cecb74d53090890b9845d7fae619c5de738a83f2cb344165e5e0b202854056dd,12000,true,12000,success,2026-07-29T22:18:20.5883321Z
0001694028-26-000036,LBRT,1694028,lbrt_6302026.htm,EX-99.1,https://www.sec.gov/Archives/edgar/data/1694028/000169402826000036/lbrt_6302026.htm,7ca53ba6bb02d8b1711e6f8f601cb22d10f153ddfa8a423f9f4a6b5afa122c0f,29247,2e759a1780d8b46e2f202135ff0c176daaa01689e4cba2f1f2e7fdb8991f72f5,12000,true,12000,success,2026-07-29T22:18:21.0879427Z
0000093410-26-000110,CVX,93410,a03312026ex9918-k.htm,EX-99.1,https://www.sec.gov/Archives/edgar/data/93410/000009341026000110/a03312026ex9918-k.htm,f05603564392c079e4593542196906be7a697ba356e45414bc3213f6019a3291,28822,f98afec88a00ab77442e021ff266bb138d5cf4b164de4152d73ead4a3665e4ab,12000,true,12000,success,2026-07-29T22:18:21.5227749Z
0000048465-25-000005,HRL,48465,hormelearningsreleaseq12025.htm,EX-99,https://www.sec.gov/Archives/edgar/data/48465/000004846525000005/hormelearningsreleaseq12025.htm,f85888f2a34001018207880443f2c0d84957ace1557d58281d9e99bb09c8323e,29952,0b9621738242ee762024b7b38f4d66d3080ef46e5dd628858fc6c01ef365d9e5,12000,true,12000,success,2026-07-29T22:18:21.9867338Z
0001193125-26-046677,GTY,1052752,gty-ex99_1.htm,EX-99.1,https://www.sec.gov/Archives/edgar/data/1052752/000119312526046677/gty-ex99_1.htm,90faf952ee883627d1a30cba3d8384ff1abd29e2dec4846cba16a85dcec0f3c2,25208,22def575d31d8b828a6a4c4040f6761acf6c6067d4f509b1c2698a0899bc246b,12000,true,12000,success,2026-07-29T22:18:22.7845861Z
0001104659-25-101733,TR,98677,tr-20251022xex99d1.htm,EX-99.1,https://www.sec.gov/Archives/edgar/data/98677/000110465925101733/tr-20251022xex99d1.htm,37fd16519996e1e04e38c5d816cc00c4222dcb45bf272819a1217ccdeeb7825e,7812,37fd16519996e1e04e38c5d816cc00c4222dcb45bf272819a1217ccdeeb7825e,7812,false,12000,success,2026-07-29T22:18:23.3319632Z
0001169561-26-000013,CVLT,1169561,q4fy26pressrelease.htm,EX-99.1,https://www.sec.gov/Archives/edgar/data/1169561/000116956126000013/q4fy26pressrelease.htm,799688f44e2b44efb1467d801fa7f4e910e182ed894e805010f8155503e4c253,41541,125ecaea7d2d799a56f39f317cbbf0853710ee47c57f7a232dbf48c9ee30364e,12000,true,12000,success,2026-07-29T22:18:23.7223808Z
0001193125-25-246857,GTY,1052752,gty-ex99_1.htm,EX-99.1,https://www.sec.gov/Archives/edgar/data/1052752/000119312525246857/gty-ex99_1.htm,1ad12d508788dac88fdcf4d8accbeaf8878c69a8e4cd406f93b2622e685076e8,24948,28b8293cae4190b904db4a15b1d226819465e5c2b8e97ee5c2a59ff6dd7688a9,12000,true,12000,success,2026-07-29T22:18:24.1700334Z
0001558370-25-005361,TR,98677,tr-20250423xex99d1.htm,EX-99.1,https://www.sec.gov/Archives/edgar/data/98677/000155837025005361/tr-20250423xex99d1.htm,0283eac355c666fa88b3dda15c1501196b840041f7a4c14b635c5a6c080c8915,6045,0283eac355c666fa88b3dda15c1501196b840041f7a4c14b635c5a6c080c8915,6045,false,12000,success,2026-07-29T22:18:24.6908147Z
0001628280-26-049290,IMAX,921582,imax-q22026epr.htm,EX-99.1,https://www.sec.gov/Archives/edgar/data/921582/000162828026049290/imax-q22026epr.htm,bd0ea719e6bce0201b7b2d187a3d702f310f46a7bfbf7a7569e63e7bfa5d7138,38660,a40b92767de60ef824cdcc056a6d8911e669ca51fa50c90279872e4054eef254,12000,true,12000,success,2026-07-29T22:18:25.3371454Z
0000018230-25-000013,CAT,18230,ex991toformcat1q2025earnin.htm,EX-99.1,https://www.sec.gov/Archives/edgar/data/18230/000001823025000013/ex991toformcat1q2025earnin.htm,3a6457dbf54d95b2dc1ec92e4c445e965a609eef34b1d80f5b08f91cf546ca5d,49732,6ee3b5d264a26b9eb3bb5009d2dc28df6e0d3d01706e5a2da5c843ec8c4ce522,12000,true,12000,success,2026-07-29T22:18:25.7239794Z
0000105132-25-000013,WDFC,105132,wdfc-20250408xexx991.htm,EX-99.1,https://www.sec.gov/Archives/edgar/data/105132/000010513225000013/wdfc-20250408xexx991.htm,f632b9bc8ba5680abf26a7a58ed39b3fac55f654a9e9dd6e5717322e5402d90b,21885,eec0f35deff2b6eed4b9c0d7c5bfa3fe8cdbb2dbf26f522fc2335675875a0343,12000,true,12000,success,2026-07-29T22:18:26.2473096Z
0000320193-26-000011,AAPL,320193,a8-kex991q2202603282026.htm,EX-99.1,https://www.sec.gov/Archives/edgar/data/320193/000032019326000011/a8-kex991q2202603282026.htm,089ea87d19c676171d4fc82dc3c3416c0377039c8671ad318ec41f046fcc32b8,10792,089ea87d19c676171d4fc82dc3c3416c0377039c8671ad318ec41f046fcc32b8,10792,false,12000,success,2026-07-29T22:18:26.7566188Z
0001654954-26-000197,AEHR,1040470,aehr_ex991.htm,EX-99.1,https://www.sec.gov/Archives/edgar/data/1040470/000165495426000197/aehr_ex991.htm,26bd410987f8bea4b81d0449e890ac63e2de4b57b39384cfb6a945909d8fe848,24778,ddf31d1b97ddca40defdaf8ebf2bd55103af123f53bf37724e98325a4a733124,12000,true,12000,success,2026-07-29T22:18:27.2867133Z
0001193125-25-251570,AGYS,78749,agys-ex99_1.htm,EX-99.1,https://www.sec.gov/Archives/edgar/data/78749/000119312525251570/agys-ex99_1.htm,5380ca5e58b15a0a3637750c3d39dc8b5c820faaf20ef3088165b11772d4887d,20774,75602ef1af14650da22f892a288929a82dcc0ec1003dbce1d4e18a5840c5c43a,12000,true,12000,success,2026-07-29T22:18:27.7783176Z
0001805077-25-000152,EOSE,1805077,eoseq22025earningsreleas.htm,EX-99.1,https://www.sec.gov/Archives/edgar/data/1805077/000180507725000152/eoseq22025earningsreleas.htm,310b1ba9004104372b71106633a2ffec7f705deb55dbf4ae65f672240b60bfdf,23199,0e21c55c4b0d15711a71249113757fe0042af45eb0b2bbbe9cd948958f1071b1,12000,true,12000,success,2026-07-29T22:18:28.3240318Z
0001193125-26-209013,PLMR,1761312,plmr-ex99_1.htm,EX-99.1,https://www.sec.gov/Archives/edgar/data/1761312/000119312526209013/plmr-ex99_1.htm,958c02ca3074bab25b08ad4dfe4f04a73a87361941440168736cf901ac5b9b99,31679,38625df3a2e89dc47972244849d5cacb516da73196cf31d5910cf33b9ac108d5,12000,true,12000,success,2026-07-29T22:18:28.8720709Z
0001171843-25-006529,SFBS,1430723,exh_991.htm,EX-99.1,https://www.sec.gov/Archives/edgar/data/1430723/000117184325006529/exh_991.htm,0e25c68a8df5d14d05c83944cabe0c22538a5c343938e3197d28308db9a8a63a,43142,656cd8574f34bd79292d46677a6f6306dec2074f89aabaf607bdb81cfc3cb215,12000,true,12000,success,2026-07-29T22:18:29.3675731Z
0001493152-25-011490,SHOO,913241,ex99-1.htm,EX-99.1,https://www.sec.gov/Archives/edgar/data/913241/000149315225011490/ex99-1.htm,37fb15500554518c5a757216596a50f5305c76570e21b13cd7776543d09f95a7,20890,2488985f8eec787241d64908ae85fc9ba14025d28999ce1746104003e9492da1,12000,true,12000,success,2026-07-29T22:18:29.9811715Z
0001421517-25-000116,ERII,1421517,ex991earningsrelease2025-q2.htm,EX-99.1,https://www.sec.gov/Archives/edgar/data/1421517/000142151725000116/ex991earningsrelease2025-q2.htm,eb58fb664b0a8c72b9e69f38d3d8a9eeb8e295488cfc04f009983cca4a56ad2e,16862,d2348698531ae769b57661ef66cebd7fe51dcb1ba9606aa82b82099fbbd76de4,12000,true,12000,success,2026-07-29T22:18:30.5042730Z
0001628280-26-029906,UFPT,914156,ufpt-20260504x8kxexx991.htm,EX-99.1,https://www.sec.gov/Archives/edgar/data/914156/000162828026029906/ufpt-20260504x8kxexx991.htm,d60024494bc131cf142a24f4c87255754a0d32f54aa386aeaa898daba93eb1b5,17603,8584b3660dab287b7407c347a743ceb4a1c890f0dd72732080fda4345b1877aa,12000,true,12000,success,2026-07-29T22:18:30.8933433Z
0001558370-25-011749,NSSC,69633,nssc-20250821xex99d1.htm,EX-99.1,https://www.sec.gov/Archives/edgar/data/69633/000155837025011749/nssc-20250821xex99d1.htm,894fb2e907b450bd6f597e4d2bb3bf6d8f6b634e436dbedc1455d21edda213a9,19632,8b745a6bf6631784ba47008fec3ee178ef91b25305a091c980a5e70354430a12,12000,true,12000,success,2026-07-29T22:18:31.5517586Z
0001104659-25-106421,CYRX,1124524,tm2530148d1_ex99-1.htm,EX-99.1,https://www.sec.gov/Archives/edgar/data/1124524/000110465925106421/tm2530148d1_ex99-1.htm,2197f8f23b03ae67f8542fcf0558d99be542a0c78997be33a9b38394f6350ad3,30818,3db3be8403a51a307f7f226a066f5e4917dfae098062673d5ebc101025daf658,12000,true,12000,success,2026-07-29T22:18:32.2220548Z
0001169561-25-000083,CVLT,1169561,q2fy26pressrelease.htm,EX-99.1,https://www.sec.gov/Archives/edgar/data/1169561/000116956125000083/q2fy26pressrelease.htm,4419759ea25c4ef83d2df8f2500dc575aa4b8b14b2e41ff95eb477255f545cca,32879,2d925b56f8b8b4771b9a35abba805c5756e874f5de6798ebb76f2cbf92b02969,12000,true,12000,success,2026-07-29T22:18:32.8748448Z
0000950170-25-057490,GTY,1052752,gty-ex99_1.htm,EX-99.1,https://www.sec.gov/Archives/edgar/data/1052752/000095017025057490/gty-ex99_1.htm,162e8afbb70a6b7cab4207d60cdfb2f196ab85b6af1f809c8fb1a7cdcbb3ecc7,23658,533e6e498513d18572315554b0729b5dc3002d09655ea4de20da5d78917f8581,12000,true,12000,success,2026-07-29T22:18:33.2796601Z
0001628280-25-048260,UFPT,914156,ufpt-20251104x8kxexx991.htm,EX-99.1,https://www.sec.gov/Archives/edgar/data/914156/000162828025048260/ufpt-20251104x8kxexx991.htm,1a506c29e1d75fe059c3db55dcae2686fd63364240da39d5d43f3adb0fce4fba,20571,c2edc19b08cccfc982866857346d36bbf82a198cd6fcdcd84c15bca432782d11,12000,true,12000,success,2026-07-29T22:18:33.7384634Z
0001030469-26-000004,OFG,1030469,ofg-20254qexx99.htm,EX-99,https://www.sec.gov/Archives/edgar/data/1030469/000103046926000004/ofg-20254qexx99.htm,a48b932952f2178b9c04f750fcadff87165dc6b6e564b1ec6d19ad989196e767,49820,e7e66b60715cea6aa36ac87bce08b06fa396988fbb8ab1de667d95b3ff09ea6d,12000,true,12000,success,2026-07-29T22:18:34.5250340Z
0000921582-25-000022,IMAX,921582,imax-q12025epr.htm,EX-99.1,https://www.sec.gov/Archives/edgar/data/921582/000092158225000022/imax-q12025epr.htm,12b8876b196ac03f52b72f14ea6e0431eb255aa5a22e4168f57b7f9eb867afdc,33299,c5aef12b08fc6389618ae34719c97a44282dc47a0a6baa98383be4c4ca4085a3,12000,true,12000,success,2026-07-29T22:18:35.0511216Z
0001493152-26-021398,SHOO,913241,ex99-1.htm,EX-99.1,https://www.sec.gov/Archives/edgar/data/913241/000149315226021398/ex99-1.htm,e6cb0b775d850f488723c71aabfa14bb06340908d7f2c647795a46473688af2f,22266,e92352a7202a490f0a65577239d15ed3c191b4194583035ce34f6691297537e7,12000,true,12000,success,2026-07-29T22:18:35.4803942Z
0000093410-25-000058,CVX,93410,a06302025ex9918-k.htm,EX-99.1,https://www.sec.gov/Archives/edgar/data/93410/000009341025000058/a06302025ex9918-k.htm,5f8579f27ef166097122d586e96c5942033b8a2b92cb0e8bc415f1adfad2263d,30395,dff2c80fab8145a8f31afc37dbc29869c6877e32ae0606502535f3d4ed8c09e4,12000,true,12000,success,2026-07-29T22:18:36.0934217Z
0001421517-25-000133,ERII,1421517,ex991earningsrelease2025-q3.htm,EX-99.1,https://www.sec.gov/Archives/edgar/data/1421517/000142151725000133/ex991earningsrelease2025-q3.htm,2d6f07fe91440deb39766af5729dcde898caf2e12df0e536481296540914d60e,16952,773cf14034169a6727514ecb345be50b8dfc904021ce38d743992c578a02d6ff,12000,true,12000,success,2026-07-29T22:18:36.5008513Z
0001628280-26-011150,UFPT,914156,ufpt-20260224x8kxexx991.htm,EX-99.1,https://www.sec.gov/Archives/edgar/data/914156/000162828026011150/ufpt-20260224x8kxexx991.htm,5c75d00bc1c3d6754fe946876265a656cd25ac0afbd068be6ca4640c93e39be3,20896,9c62656d694a5d07ea240e4c66810ec7fb0f5022bd564065a3e0a9d3987edee7,12000,true,12000,success,2026-07-29T22:18:37.1200795Z
0000874238-25-000133,STRL,874238,a20251103ex991earningsrele.htm,EX-99.1,https://www.sec.gov/Archives/edgar/data/874238/000087423825000133/a20251103ex991earningsrele.htm,8c9a32de76577c62609261fd1cd5c1938aea90d53948b832dd387989864ead3b,33982,5fe9e11011f4b524368fffdcbf998b0f3f8fd9ed83f9efde257506e6b6eb4669,12000,true,12000,success,2026-07-29T22:18:37.6438057Z
0000056978-26-000010,KLIC,56978,ex991liveq12026.htm,EX-99.1,https://www.sec.gov/Archives/edgar/data/56978/000005697826000010/ex991liveq12026.htm,a2c9f74b7eae40fda8d79925611c098f9edd2ec2ec11df5cca41723befa539c7,15807,4949a940557c97a6d503b5ecbfebe159c000398721dde5c37740a140ef4b907a,12000,true,12000,success,2026-07-29T22:18:38.3012647Z
0001140361-25-028927,WTTR,1693256,ef20053266_ex99-1.htm,EX-99.1,https://www.sec.gov/Archives/edgar/data/1693256/000114036125028927/ef20053266_ex99-1.htm,de86f16df121e295a39673c31d4b0ffa7d3074ebfdac96def351223dde7b4892,47908,fbf591256a26f049c5ff1e53eeb0b6774ba8ec1978b67467b7b00fd821ec083b,12000,true,12000,success,2026-07-29T22:18:38.7540540Z
0001193125-25-262948,HLIO,1024795,hlio-ex99_1.htm,EX-99.1,https://www.sec.gov/Archives/edgar/data/1024795/000119312525262948/hlio-ex99_1.htm,a76c30c9baa79145fb9dade54657610e11451638a59935670d5771e7fa4fe08c,45146,f0ad042d94c2f117275831120d16336c7225f74f22f5acbe6728d127289231df,12000,true,12000,success,2026-07-29T22:18:39.1578746Z
0000105132-26-000059,WDFC,105132,wdfc-20260709xexx991.htm,EX-99.1,https://www.sec.gov/Archives/edgar/data/105132/000010513226000059/wdfc-20260709xexx991.htm,2b2d6084b26b9ef5b0e6a60c2714d8dd383392582cef5cc80d087c413fab78d5,23517,c38eed9a4a2cd839574b9325240e0cea82fce09f9eb625ef98adabe21236ecc1,12000,true,12000,success,2026-07-29T22:18:39.7210856Z
0001403161-26-000044,V,1403161,q12026earningsrelease.htm,EX-99.1,https://www.sec.gov/Archives/edgar/data/1403161/000140316126000044/q12026earningsrelease.htm,cafb2e49a8efe2e70ccd737244518992ad1172308f4b48265f9557c6012b7523,26559,6833f555b912b47d12a47076681d1577aa564f978e92fa250e3dd223bfc1109e,12000,true,12000,success,2026-07-29T22:18:41.2184524Z
0001104659-25-045557,CYRX,1124524,tm2514334d1_ex99-1.htm,EX-99.1,https://www.sec.gov/Archives/edgar/data/1124524/000110465925045557/tm2514334d1_ex99-1.htm,04e13ea61042591b95b197facdecd6e30786d3c4b66961609fdcbc533a0b5705,28026,9da4b0968a6f6818e0ff56006f3a5ea3d2ae41164e2c1410fd37cbab28c3b8cd,12000,true,12000,success,2026-07-29T22:18:41.6593263Z
0000700923-26-000006,MYRG,700923,myrg-20260225x8kxexx991.htm,EX-99.1,https://www.sec.gov/Archives/edgar/data/700923/000070092326000006/myrg-20260225x8kxexx991.htm,de5db56611463dc5c3cfe7cca13088686be4ca95c004b1f987c5815a164b18f5,34472,cb313a9041bac513f8166422dc5df65c851fdafea08fb08bd0c9277229428377,12000,true,12000,success,2026-07-29T22:18:42.1644688Z
0001673985-26-000004,ASIX,1673985,exhibit99q42025prearningsf.htm,EX-99.1,https://www.sec.gov/Archives/edgar/data/1673985/000167398526000004/exhibit99q42025prearningsf.htm,197beb2eec370026944f559c9b6aa2f2a551dc4c09ddeff28f0f4beb9a4442c0,26407,27cbca31fc1fed463f65da1dd2bda8dfd43628dee5dee120492ad7330f2aa2e2,12000,true,12000,success,2026-07-29T22:18:42.5881615Z
0001023024-26-000049,ANIP,1023024,anip-20260508xexx991.htm,EX-99.1,https://www.sec.gov/Archives/edgar/data/1023024/000102302426000049/anip-20260508xexx991.htm,bc4b1d57e2724ba01b2c6383dcc4fc07f60bc35b5f2054a16ebfae1ed1ef5e57,33835,d1207d4643b23352539f4556e6e87ad686bb3295435d64a1cc9b54cafa304c94,12000,true,12000,success,2026-07-29T22:18:43.1007318Z
0001140361-26-023148,PLUS,1022408,ef20075008_ex99-1.htm,EX-99.1,https://www.sec.gov/Archives/edgar/data/1022408/000114036126023148/ef20075008_ex99-1.htm,b78401b2066a047ece5bf40106df332891eb4ae64d8daee2919a5bb06e41d90f,33335,f74a7405eb741291cfcb6a3c6029a32a099fa5e5fd77de7a45bea7eccf568b5c,12000,true,12000,success,2026-07-29T22:18:43.6283163Z
0001193125-26-322170,MNRO,876427,d66984dex991.htm,EX-99.1,https://www.sec.gov/Archives/edgar/data/876427/000119312526322170/d66984dex991.htm,543ac8e1da0f83a05f8f679105c81e98be1c7304037fe599c0ceba104f2c1422,17558,0e8ef3aba6a3d1adc8f680bb1cde245ac62acdf4d3e7ad599dd12b32013f5123,12000,true,12000,success,2026-07-29T22:18:44.1211780Z
0001030469-25-000047,OFG,1030469,ofg-20253qexx99.htm,EX-99,https://www.sec.gov/Archives/edgar/data/1030469/000103046925000047/ofg-20253qexx99.htm,abe81344af0af0756ed4d33dd8b33757dfcfc24920ff19024ffdd7d88168ccd9,48356,ceaa2301ba56af560240458963a2fe5571019dab8e36d3ceebdd9c1d2a7b5d4e,12000,true,12000,success,2026-07-29T22:18:44.6387019Z
0000700923-26-000026,MYRG,700923,myrg-2026331x8kxexx991.htm,EX-99.1,https://www.sec.gov/Archives/edgar/data/700923/000070092326000026/myrg-2026331x8kxexx991.htm,8f7cd5eb32ea2e9b4a97af23a084dfbd97621f4d44cbcb582c855c991b097115,27717,2a70c6a584ec8d8c28272c69e5a07b140b2982316bc695a5f70b17ed61fb96fc,12000,true,12000,success,2026-07-29T22:18:45.2378521Z
0000048465-26-000024,HRL,48465,hormelearningsreleaseq22026.htm,EX-99,https://www.sec.gov/Archives/edgar/data/48465/000004846526000024/hormelearningsreleaseq22026.htm,65569f5ac6a666418d4a55949fd94e36f14e64fa2f72e0376fc3462f302c61b5,30502,9d3f15f11b316a519d55110bfa0012aed9126f56de23ed1736e935d588cedbce,12000,true,12000,success,2026-07-29T22:18:45.6583985Z
0000057131-25-000028,LZB,57131,fy25q4pressrelease.htm,EX-99.1,https://www.sec.gov/Archives/edgar/data/57131/000005713125000028/fy25q4pressrelease.htm,c18d1601670a7425e479a09129818108ce64a8a159de0e382234ca63640e29b3,36160,d32807eb43a456a0f4ae26f20b111e79b9468bea83631a3f4f49f465a4303cd8,12000,true,12000,success,2026-07-29T22:18:46.2121595Z
0001304492-25-000108,ATEX,1304492,atex-09302025xpressrelease.htm,EX-99.1,https://www.sec.gov/Archives/edgar/data/1304492/000130449225000108/atex-09302025xpressrelease.htm,7fd22f695db03aa902ce30f8e9490f6c8373f4b06898edc87dd81b8fa1b216f3,13719,bd049a4d3fb535746a223676706604231e0734efd9d1640b7b25a7bf7acb9a42,12000,true,12000,success,2026-07-29T22:18:46.7216966Z
0001049521-26-000004,MRCY,1049521,a2026q2earningsreleaseex.htm,EX-99.1,https://www.sec.gov/Archives/edgar/data/1049521/000104952126000004/a2026q2earningsreleaseex.htm,bac5d825b597b11fd7189d57a0c283d8bda160e2381e43c131793efafa67a840,33002,26203becbd933322164d2563c449ad216ccb666e6b32b60dbfc80f97654e5f30,12000,true,12000,success,2026-07-29T22:18:47.3368380Z
0000921582-25-000064,IMAX,921582,imax-q22025epr.htm,EX-99.1,https://www.sec.gov/Archives/edgar/data/921582/000092158225000064/imax-q22025epr.htm,87c5832c9d29a0285590cf71c218d31c8eec1fbf6df026caab275b42e686537f,37347,e9c4ace666eb1d3f060d35cc6a058d7d10e22d3a71ea66bdc4680e9668201327,12000,true,12000,success,2026-07-29T22:18:47.8802381Z
0001628280-26-009722,MSEX,66004,msex-202510kexx991.htm,EX-99.1,https://www.sec.gov/Archives/edgar/data/66004/000162828026009722/msex-202510kexx991.htm,315ecc440f36fb7a45355b9bf3d22562fb405e366a1f3dbb258c6ed580729aab,9619,315ecc440f36fb7a45355b9bf3d22562fb405e366a1f3dbb258c6ed580729aab,9619,false,12000,success,2026-07-29T22:18:48.3851306Z
0001193125-26-240509,MNRO,876427,d128639dex991.htm,EX-99.1,https://www.sec.gov/Archives/edgar/data/876427/000119312526240509/d128639dex991.htm,078dd33e25cfdfd29dece714564da7f262b1cca6cdbbf53ea12e6ad149b4a4b4,25551,6ef8c27636c2d38b5c158e260b6fbcc93a9e4d3e88e1126df6c4895a6a283e75,12000,true,12000,success,2026-07-29T22:18:48.8302346Z
0001437749-26-019382,IDT,1005731,ex_949775.htm,EX-99.1,https://www.sec.gov/Archives/edgar/data/1005731/000143774926019382/ex_949775.htm,14c00439d686a9ba79cee229dea594aef92b10b920f362ec707a489c2863cfec,42307,aa960ef79c99b0a11881c4ef82d69bd4f4ae47236cdd887099160491566c7b2f,12000,true,12000,success,2026-07-29T22:18:49.2926936Z
0001552781-25-000041,WTRG,78128,e25070_ex99-1.htm,EX-99.1,https://www.sec.gov/Archives/edgar/data/78128/000155278125000041/e25070_ex99-1.htm,bdd4eac3a42f273c4ebfb2b0e06b9f166e0ae867e8f2dcde3a4e41d1b50aefaa,26211,dfb9853a3cbc78b1cc6a750be3231cb2c2436ba8f5ac2171f2297757907c7f62,12000,true,12000,success,2026-07-29T22:18:49.8401083Z
0001169561-26-000020,CVLT,1169561,q1fy27pressrelease.htm,EX-99.1,https://www.sec.gov/Archives/edgar/data/1169561/000116956126000020/q1fy27pressrelease.htm,16044718e5638494460214336436f357157db6163781d4694875ebf8adfefff0,29482,7e53a01ddff874ac83f892d169484fe1c9fe2368b4867ad905c2bc4e264b0c0e,12000,true,12000,success,2026-07-29T22:18:50.6229129Z
0001104659-25-109314,WTTR,1693256,tm254551d1_ex99-1.htm,EX-99.1,https://www.sec.gov/Archives/edgar/data/1693256/000110465925109314/tm254551d1_ex99-1.htm,c88629aefc96e6b39cb6b1eb1ed14f1f40a385ff58eb5536374d442f4de342a0,43678,6e5d19b24f98a642fdd928eb00505b9588e9e7d1c4f7012aeed7d27aef139951,12000,true,12000,success,2026-07-29T22:18:50.9468017Z
0000048465-25-000035,HRL,48465,hormelearningsreleaseq22025.htm,EX-99,https://www.sec.gov/Archives/edgar/data/48465/000004846525000035/hormelearningsreleaseq22025.htm,3d217be12e502e69378a6607afcd87035c196ce98daf47cdc53e91c8e8a4eafb,32596,e5f68011e64c277ff3e8ba988d515d5a0b66276322eab9b7480c1f97fe698d47,12000,true,12000,success,2026-07-29T22:18:51.5545264Z
0001169561-25-000066,CVLT,1169561,q1fy26pressrelease.htm,EX-99.1,https://www.sec.gov/Archives/edgar/data/1169561/000116956125000066/q1fy26pressrelease.htm,d63b6759b2e401abff40c41218fabbea4acf37bde79082e5205cb9243153dcd3,28677,5eec35c34cdbed2b4a2a81a86ce43bc5fee24670671af34ae4ed0c1fd32827a9,12000,true,12000,success,2026-07-29T22:18:51.9874523Z
0000950170-25-074348,AGYS,78749,agys-ex99_1.htm,EX-99.1,https://www.sec.gov/Archives/edgar/data/78749/000095017025074348/agys-ex99_1.htm,b6f51aea61d6c855a27037aabb5544a5d46df20fb319d490add3ece6ee185c3f,23231,da9d9cc1671428e82c8f55a14bf7114934723b48e10350941e169c25148d9273,12000,true,12000,success,2026-07-29T22:18:52.5119935Z
0001104659-26-054942,CYRX,1124524,tm2613494d1_ex99-1.htm,EX-99.1,https://www.sec.gov/Archives/edgar/data/1124524/000110465926054942/tm2613494d1_ex99-1.htm,e5db525a61e7bf9541a03d9ca98f8fe4dbff81803a91f036cd72842c15abbe3b,22657,7174ef2fd376107be219db5478350d80ce6a47887b00b88230bac9008e2dcb68,12000,true,12000,success,2026-07-29T22:18:53.0206917Z
0001193125-26-228898,AGYS,78749,agys-ex99_1.htm,EX-99.1,https://www.sec.gov/Archives/edgar/data/78749/000119312526228898/agys-ex99_1.htm,765cf296615cb8deaa0663af3e249118cbbe76182819bb56093b3f6498377768,23618,703ea049c049a9fee015b41341d2ecc190cec20111a7a6c41b64ffcbc56c6518,12000,true,12000,success,2026-07-29T22:18:53.5339900Z
0001558370-25-000885,TR,98677,tr-20250212xex99d1.htm,EX-99.1,https://www.sec.gov/Archives/edgar/data/98677/000155837025000885/tr-20250212xex99d1.htm,970bcca24c01fadd6429ee5193de73232566ab317e42229cb68195114446280a,7657,970bcca24c01fadd6429ee5193de73232566ab317e42229cb68195114446280a,7657,false,12000,success,2026-07-29T22:18:54.0888423Z
0000080420-25-000095,POWL,80420,ex991-powlq3xfy2025earning.htm,EX-99.1,https://www.sec.gov/Archives/edgar/data/80420/000008042025000095/ex991-powlq3xfy2025earning.htm,8020546415de2c8a5c3eedaead1da1d07660e1ec41faf231f04374ef76c0a0fb,10911,8020546415de2c8a5c3eedaead1da1d07660e1ec41faf231f04374ef76c0a0fb,10911,false,12000,success,2026-07-29T22:18:54.5554721Z
0000950170-25-026058,DEA,1622194,dea-ex99_1.htm,EX-99.1,https://www.sec.gov/Archives/edgar/data/1622194/000095017025026058/dea-ex99_1.htm,8d58befe495ccab03adc119e49c23b0e85309fe0f89b29647794571ba8e69437,40841,141e608b40b23ac49c02bd7b4ce2329928c09b539bdb6a2d1de7de7536d0213e,12000,true,12000,success,2026-07-29T22:18:55.1081452Z
0001493152-25-020615,UMH,752642,ex99-1.htm,EX-99.1,https://www.sec.gov/Archives/edgar/data/752642/000149315225020615/ex99-1.htm,eefb9e5cf1628dcff5c80a4b5e4d37e596bc57a553ff6017fbf9c60682a10bb6,16038,17ae45ba16f5f72025eb464807e52d5f9a7d44476755cde7806692749281cb87,12000,true,12000,success,2026-07-29T22:18:55.6251031Z
0000908315-26-000027,WINA,908315,wina-20260715xex99d1.htm,EX-99.1,https://www.sec.gov/Archives/edgar/data/908315/000090831526000027/wina-20260715xex99d1.htm,ce9d99c898521f4bcc36057c64c9e8eb8768800d9e02e08a81d1d9688c326cf5,8196,ce9d99c898521f4bcc36057c64c9e8eb8768800d9e02e08a81d1d9688c326cf5,8196,false,12000,success,2026-07-29T22:18:56.3348926Z
0001104659-26-012356,IRMD,1325618,irmd-20260210xex99d1.htm,EX-99.1,https://www.sec.gov/Archives/edgar/data/1325618/000110465926012356/irmd-20260210xex99d1.htm,2ed4cb49a50955a7e638bcd94915ed2c8965c71e9a43f7753c0ebba378420203,27628,d648b4e779bca6c4f106c3a4b6adb34b54e96d2c30ce61b69d0f2d9e44523a86,12000,true,12000,success,2026-07-29T22:18:56.6889878Z
0001304492-26-000024,ATEX,1304492,atex-20260331xpressrelease.htm,EX-99.1,https://www.sec.gov/Archives/edgar/data/1304492/000130449226000024/atex-20260331xpressrelease.htm,3bbc99bb16aefe0c5d7f36fda7a302a53d514b051970a9b9ec27f730e880992a,13365,d19780343aabae33b2737441150877ac9b113a3434d82fb4327188a6d6bdbf55,12000,true,12000,success,2026-07-29T22:18:57.2074593Z
0001680247-26-000058,PUMP,1680247,exhibit991-earningsrelea.htm,EX-99.1,https://www.sec.gov/Archives/edgar/data/1680247/000168024726000058/exhibit991-earningsrelea.htm,e3ae140548c26279bfbd7446ee9a24563ccd3eca526be90408e44a8c54f12545,33353,a12547367c57809a2301e66b7590bd2995154781b0c9d20a27206b6b012240eb,12000,true,12000,success,2026-07-29T22:18:57.8471661Z
0001171843-25-002859,UFPT,914156,exh_991.htm,EX-99.1,https://www.sec.gov/Archives/edgar/data/914156/000117184325002859/exh_991.htm,22aaaef0fc47382b4df44ef3260a00343d5e68797ad4e299e7704f7df7e91d5d,16506,f328449bc840cb6a43dbe4e57ee27222b0ee5db99e85f9e7302d196ed1c31ba8,12000,true,12000,success,2026-07-29T22:18:58.2137597Z
0001628280-26-010689,KWR,81362,kwr-20251231exx991.htm,EX-99.1,https://www.sec.gov/Archives/edgar/data/81362/000162828026010689/kwr-20251231exx991.htm,9a235239ff6651f7e7310b036cd9ad1c437132cecf12a8c46a30fc07b7827289,34554,3e87f2808a36da7c9c72a7f62342135c1ed186cf010ce08322999686e46b7156,12000,true,12000,success,2026-07-29T22:18:58.9032910Z
0000105132-25-000023,WDFC,105132,wdfc-20250710xexx991.htm,EX-99.1,https://www.sec.gov/Archives/edgar/data/105132/000010513225000023/wdfc-20250710xexx991.htm,8cd843319a0df45b4dacdb5bd69c7c6b3b241f2fdb9de20673c120426ebfae0e,21419,bd9b51ca7c43089d3b70913f6bc2be995043cc92b08ddb1e37e840a67a857a35,12000,true,12000,success,2026-07-29T22:18:59.2517297Z
0001493152-26-008051,UMH,752642,ex99-1.htm,EX-99.1,https://www.sec.gov/Archives/edgar/data/752642/000149315226008051/ex99-1.htm,fbbdb63cca6be769e350993b35c3b667c2df086611564f4c30a58ed35f793924,18149,2748bf0a3d24903ceb587d831eebc09a22e02da9e0b693a5806419cf2860ed27,12000,true,12000,success,2026-07-29T22:18:59.7847640Z
0001030469-26-000022,OFG,1030469,ofg-20261qexx99.htm,EX-99,https://www.sec.gov/Archives/edgar/data/1030469/000103046926000022/ofg-20261qexx99.htm,5f1f8c922d650d4f00766ba5ab53e02c67f23db03acc2b56e62c203473d77b24,42041,ad72fb25227dd54b41c48695fda03f70d5a1fde3147e64221c55819216c4d3e6,12000,true,12000,success,2026-07-29T22:19:00.3670559Z
0000200406-26-000146,JNJ,200406,a2026q2exhibit991.htm,EX-99.1,https://www.sec.gov/Archives/edgar/data/200406/000020040626000146/a2026q2exhibit991.htm,43a4f7fc05b53ea71b87c53726319fc64cce8b79478a1aa60f5fc10a67c380e7,17785,eb8cd0acb4e18b4ee9bc93150fb1538c3946ef6d9218d6af96d840db6c14c7db,12000,true,12000,success,2026-07-29T22:19:00.9119294Z
0001767042-26-000041,KGS,1767042,kgsq12026earningsrelease.htm,EX-99.1,https://www.sec.gov/Archives/edgar/data/1767042/000176704226000041/kgsq12026earningsrelease.htm,a8c63c4fec2a85d535170834bf9c9e6586eb403f2d10444cf7ee4e2a332f3055,31476,2b82bffb40e748bd203d268b1dedcebfef548dee05b46aa1d0b053d96d4668df,12000,true,12000,success,2026-07-29T22:19:01.3252769Z
0001171843-25-004919,SHEN,354963,exh_991.htm,EX-99.1,https://www.sec.gov/Archives/edgar/data/354963/000117184325004919/exh_991.htm,d700845ce3af0f9a86d412524796baa8b5956d60a25022767eef738f9f5a35d9,23122,485f72569732fcf636e00c62df2fca782ccfe26a8f63e8fdeb9e22fe07764e90,12000,true,12000,success,2026-07-29T22:19:01.8371718Z
0001104659-26-014044,TR,98677,tr-20260211xex99d1.htm,EX-99.1,https://www.sec.gov/Archives/edgar/data/98677/000110465926014044/tr-20260211xex99d1.htm,fdf120448cd108fed681563140f9b1ca113edc66f1c8999bde3b1d28cfe0e5d6,8397,fdf120448cd108fed681563140f9b1ca113edc66f1c8999bde3b1d28cfe0e5d6,8397,false,12000,success,2026-07-29T22:19:02.4009069Z
0001694028-26-000021,LBRT,1694028,lbrt_3312026.htm,EX-99.1,https://www.sec.gov/Archives/edgar/data/1694028/000169402826000021/lbrt_3312026.htm,5927ac4be7ffc2c65810ba889995e84e0578edd55b1fd25d4feecf92ea556eda,29356,1fb37c130a5b4b76b5ce0e6c6207a1be889fd2d4d7bc58b6fa679bd210794113,12000,true,12000,success,2026-07-29T22:19:02.9988051Z
0001049521-25-000022,MRCY,1049521,a2025q4earningsreleaseex.htm,EX-99.1,https://www.sec.gov/Archives/edgar/data/1049521/000104952125000022/a2025q4earningsreleaseex.htm,19fe33b4d8d2c18f1fa7e050a663687aee604ca318153878cf4c7fa125cf3d27,35078,9d1eb8b66f8ff7d7aee21abec2f3cdd69612f640798ac2d69ff042309d9f88ce,12000,true,12000,success,2026-07-29T22:19:03.4289497Z
0000700923-25-000005,MYRG,700923,myrg-20250226x8kxexx991.htm,EX-99.1,https://www.sec.gov/Archives/edgar/data/700923/000070092325000005/myrg-20250226x8kxexx991.htm,e04f137d2ef43468d93c6b02f2ecb4df50ea3dcc8653333e21826ab9d476530e,37358,5032f35cf355ae9d9279cff7459b1ee4a2f9f74695f3287873d6e1546f2bf800,12000,true,12000,success,2026-07-29T22:19:03.8920782Z
0001403161-25-000051,V,1403161,q32025earningsrelease.htm,EX-99.1,https://www.sec.gov/Archives/edgar/data/1403161/000140316125000051/q32025earningsrelease.htm,720e2e41e9a4b64c151d20d9e7cd51dac172a1eb7af464c1c3d4b92070c101fe,28041,3eaa4f3e5e91d20322d22f642eb50899fd33333c1249a47c3eb38cacbb81d8f4,12000,true,12000,success,2026-07-29T22:19:04.5600317Z
0001641172-25-008949,SHOO,913241,ex99-1.htm,EX-99.1,https://www.sec.gov/Archives/edgar/data/913241/000164117225008949/ex99-1.htm,7fee18a18b032fcd53148cd666e64c1e631fde45585dcae76e17ded946766e21,21287,b6fa185b36e124a26e42c42e47a3698adfbcea6b8d00a00b8a6fb8bc4d719eae,12000,true,12000,success,2026-07-29T22:19:04.9487540Z
0001493152-26-007955,SHOO,913241,ex99-1.htm,EX-99.1,https://www.sec.gov/Archives/edgar/data/913241/000149315226007955/ex99-1.htm,9c76b7be7d1191238ffedc7a55acf3abd033ad173e6920f9d10973e417a4bad2,28371,36d34af7a46eb2d28362af72af02a6459d7e6f07fa4a4f0db6566bdb1835593d,12000,true,12000,success,2026-07-29T22:19:05.5545232Z
0000057131-25-000096,LZB,57131,fy26q2pressrelease.htm,EX-99.1,https://www.sec.gov/Archives/edgar/data/57131/000005713125000096/fy26q2pressrelease.htm,9a4a8221f11b616617e76f49ff517bc40f558469b4c5d28ada3ea79bc381bd9a,26910,42e5938611ecccb49e4fe1cc3ef7b48a806fd029f08e953f9cf9ce9d9528fc4f,12000,true,12000,success,2026-07-29T22:19:06.0749577Z
0000854775-26-000016,DGII,854775,dgii-ex991_20260506.htm,EX-99.1,https://www.sec.gov/Archives/edgar/data/854775/000085477526000016/dgii-ex991_20260506.htm,50632bb032887c8d04dd14ffc71a8a9a7cc796cd5c3c52e497b908bf9a78e53d,23655,a050e0caf90d93f9ce9ad7418ef5027681727bfd576cbe989d4313c06fffb1ad,12000,true,12000,success,2026-07-29T22:19:06.7766963Z
0001140361-25-017561,WTTR,1693256,ef20048531_ex99-1.htm,EX-99.1,https://www.sec.gov/Archives/edgar/data/1693256/000114036125017561/ef20048531_ex99-1.htm,230bfa8dc078f07761cca0dd4165df58f9461fd957ca4641a279213f3136b6bd,45847,bba4facea00fd66fa938d5b603c16105071c8a43b026eae520abe73775305fe8,12000,true,12000,success,2026-07-29T22:19:07.1567277Z
0001493152-25-008267,SHOO,913241,ex99-1.htm,EX-99.1,https://www.sec.gov/Archives/edgar/data/913241/000149315225008267/ex99-1.htm,a68da8892c8b07760d12d81de15b5be461213cded32d3a6841742544c9934ada,26318,202675411a4ab928996b5cd3e93789a93054a5f2d95d8e51c43603aff37561fd,12000,true,12000,success,2026-07-29T22:19:07.7476520Z
0001193125-25-256326,TMDX,1756262,tmdx-ex99_1.htm,EX-99.1,https://www.sec.gov/Archives/edgar/data/1756262/000119312525256326/tmdx-ex99_1.htm,2ea91db8d021f896ce3c25e5c88b258f803dd44236c7cd5859f223112f370d23,14037,ca355ba22693e6bf6bdf25894fb075e9647434912bbd345867bdcb15c67a7564,12000,true,12000,success,2026-07-29T22:19:08.2131378Z
0001193125-26-085812,HLIO,1024795,hlio-ex99_1.htm,EX-99.1,https://www.sec.gov/Archives/edgar/data/1024795/000119312526085812/hlio-ex99_1.htm,49871fbf2c23bb1a3309985af44c5dbd79f1bdc9dcb6e9bc968a8112d431514a,45976,83001b68205841c704ae0f5fe5bbff8c4aef13d6b568816f1e66f57c24ceff54,12000,true,12000,success,2026-07-29T22:19:08.8894424Z
0001437749-26-014873,NPK,80172,ex_956204.htm,EX-99.1,https://www.sec.gov/Archives/edgar/data/80172/000143774926014873/ex_956204.htm,e8c42011392938a37962bb52a123fd557dfd0383f70fa6d5e19518f3e1d4c361,5730,e8c42011392938a37962bb52a123fd557dfd0383f70fa6d5e19518f3e1d4c361,5730,false,12000,success,2026-07-29T22:19:09.3665203Z
0001193125-26-312471,GTY,1052752,gty-ex99_1.htm,EX-99.1,https://www.sec.gov/Archives/edgar/data/1052752/000119312526312471/gty-ex99_1.htm,6fbfeb8be1236ce9e87a4a29904ff9ba78df9c0f5e763d30ec39501eb2379743,23980,70010781a2c252fde2a60776816bd084e25d6fb128f7a796c6d62ccab7c55ba1,12000,true,12000,success,2026-07-29T22:19:09.7451744Z
0001767042-26-000009,KGS,1767042,kgsq42025earningsrelease.htm,EX-99.1,https://www.sec.gov/Archives/edgar/data/1767042/000176704226000009/kgsq42025earningsrelease.htm,03ee36226769ffd7cd82fa8b6c4465ca54848de47b4e473fe1d0bda3e26aa4e0,38015,dc9447da48cecf5fb8318ecee1278eadf995ab735ba89ba1ba504fa8c096e777,12000,true,12000,success,2026-07-29T22:19:10.2729298Z
0001193125-25-181264,FLO,1128928,flo-ex99_1.htm,EX-99.1,https://www.sec.gov/Archives/edgar/data/1128928/000119312525181264/flo-ex99_1.htm,0dcbf32b56e8cd8fa0a754073209570baf378162eef7eaa4e18a5b356c7b8427,34867,c3b6d2872d98a48638f3746fdf57cc3058a8c9137daa072934fef88bb858db06,12000,true,12000,success,2026-07-29T22:19:10.7836725Z
0001169561-25-000030,CVLT,1169561,q4fy25pressrelease.htm,EX-99.1,https://www.sec.gov/Archives/edgar/data/1169561/000116956125000030/q4fy25pressrelease.htm,8867e1c3ff8b17a3aad9f05cb11d494117b78ee54d12c2831393a4d71be133eb,30178,7a554e377d14d19692e1a1531ccb7ee96b2816461d12410e7e04c539552da4ae,12000,true,12000,success,2026-07-29T22:19:11.4280988Z
0001193125-26-170614,GTY,1052752,gty-ex99_1.htm,EX-99.1,https://www.sec.gov/Archives/edgar/data/1052752/000119312526170614/gty-ex99_1.htm,33dfa1ffb4e5f933008dc1260c80c322c11d6bf60de3eeb8eada9ad0fafec08f,22801,b26b9d9dfa7f4442920160c9509884fe76dee6a2e72068acb67c432f05dc308a,12000,true,12000,success,2026-07-29T22:19:11.8834402Z
0000805928-25-000128,AXGN,805928,ex991axgnearningsreleaseda.htm,EX-99.1,https://www.sec.gov/Archives/edgar/data/805928/000080592825000128/ex991axgnearningsreleaseda.htm,7e30f1030714e2c2aa150e8ea7cf409820f5d449c9a7aa3c2c9affde77e5d7b4,20553,f4d1114bb946c0b44b4e7a3d21ee1bffed57ff8f0d9bbeae1d7868b1cc561f1c,12000,true,12000,success,2026-07-29T22:19:12.3634291Z
0001628280-26-048253,EOSE,1805077,earningsprerelease_0714x.htm,EX-99.1,https://www.sec.gov/Archives/edgar/data/1805077/000162828026048253/earningsprerelease_0714x.htm,579a19286331ff9a9dbf787240b8e0f2405ec69486e36ad15c9a54c9a4f72627,13562,95e9366ccbfd288623b8784b477b08ddf78a4217957b35a7905f1e3412346196,12000,true,12000,success,2026-07-29T22:19:13.2851373Z
0000018230-25-000043,CAT,18230,ex991toformcat3q2025earnin.htm,EX-99.1,https://www.sec.gov/Archives/edgar/data/18230/000001823025000043/ex991toformcat3q2025earnin.htm,415ef69aee2a0e1ae5fa00c4c6f35db82d6d2aa862b82df5bcc71dbbbc2c329d,54894,2e6a029ce6cd62db06cf0c4428ab321899da96ce80c6c6141d5a1af69d19715e,12000,true,12000,success,2026-07-29T22:19:13.6755474Z
0001628280-26-034367,EOSE,1805077,eoseq1fy26earningsreleas.htm,EX-99.1,https://www.sec.gov/Archives/edgar/data/1805077/000162828026034367/eoseq1fy26earningsreleas.htm,ebecd1de11f07e4a147e9b83a660db8c164e6e4ac6fb9f64ff21cf4dce5ca6ce,23416,e652842b3d704a8e52b03183bf8dd3dff14a00729aae51ba5d553f0503f3b5af,12000,true,12000,success,2026-07-29T22:19:14.2573241Z
0001104659-26-009129,NSSC,69633,nssc-20260129xex99d1.htm,EX-99.1,https://www.sec.gov/Archives/edgar/data/69633/000110465926009129/nssc-20260129xex99d1.htm,5d3024ce85ffd2e3d59313539393f8ac8bdd2fc3bc26ce9b0b6d0f037cce7c37,19934,de75125bb9b7d6317cfbfa16602342d2cf610b544db85d6d37755f4b51c57251,12000,true,12000,success,2026-07-29T22:19:14.8076194Z
0000700923-25-000042,MYRG,700923,myrg-2025930x8kxexx991.htm,EX-99.1,https://www.sec.gov/Archives/edgar/data/700923/000070092325000042/myrg-2025930x8kxexx991.htm,d903574f96ed4d4c9dca3e765427ed091b2a087081dd137053989dbefd1aaa30,31490,3c627ea04ffe119868837e3a2a97479ac995b77034e53d653cd337bc521fa0bf,12000,true,12000,success,2026-07-29T22:19:15.3358298Z
0001171843-25-005027,UFPT,914156,exh_991.htm,EX-99.1,https://www.sec.gov/Archives/edgar/data/914156/000117184325005027/exh_991.htm,44df5a726612528eb031326c7d65419fb09224fa94eaba16b7aeea733c8ed10e,18091,fe78e2ddf1bd10b841edd508a36b4cf2730ab877819675a280627f91c3cbb6f4,12000,true,12000,success,2026-07-29T22:19:15.8971237Z
0001437749-25-004749,NPK,80172,ex_780995.htm,EX-99.1,https://www.sec.gov/Archives/edgar/data/80172/000143774925004749/ex_780995.htm,eecb91ef6d0a50d844ecf0a4f5b8f9036fa7f2dd7ea3dd3b26ae1edd77fc032a,4273,eecb91ef6d0a50d844ecf0a4f5b8f9036fa7f2dd7ea3dd3b26ae1edd77fc032a,4273,false,12000,success,2026-07-29T22:19:16.3732340Z
0000856982-26-000007,MMSI,856982,mmsi-20260224xex99d1.htm,EX-99.1,https://www.sec.gov/Archives/edgar/data/856982/000085698226000007/mmsi-20260224xex99d1.htm,e365c44893e11b70fed8af9855a5b858d160bf21bf16a6f79b3231c8752bd9b4,43210,d1e909d96462d1d68b86d8c39f0d2be5b63961c0ed564a604b2c611019407470,12000,true,12000,success,2026-07-29T22:19:16.8798916Z
0001169561-26-000003,CVLT,1169561,q3fy26pressrelease.htm,EX-99.1,https://www.sec.gov/Archives/edgar/data/1169561/000116956126000003/q3fy26pressrelease.htm,6f4325349fed890cc458a589ed2b10336ac82c57e3c21af3d22d12154f98685b,34335,a9c641bdf60fbbab95dc5ab64ba800639684907f590c056b5c6bd2b223ace38b,12000,true,12000,success,2026-07-29T22:19:17.3847381Z
0001493152-26-009545,IDT,1005731,ex99-1.htm,EX-99.1,https://www.sec.gov/Archives/edgar/data/1005731/000149315226009545/ex99-1.htm,ae355e86e54c120bf55fe6d4adbd9f910ad80863a0b8794ec5758fc7f7d2bf9c,37386,6c7291079f12b08e5a723a3ab070c70fdd3c89fd32f900b93ba2e8e8a2d91b0e,12000,true,12000,success,2026-07-29T22:19:17.9334177Z
0001193125-25-269692,FLO,1128928,flo-ex99_1.htm,EX-99.1,https://www.sec.gov/Archives/edgar/data/1128928/000119312525269692/flo-ex99_1.htm,0c9efea3299fd9e3684571319098922a2436540e612a53b378552bbd85535ab2,34735,afb604b8861e1dfca3921dec12b475c14457718634f60624c79ac35eb4eae6ab,12000,true,12000,success,2026-07-29T22:19:18.3867415Z
0001193125-26-213160,IOSP,1054905,iosp-ex99_1.htm,EX-99.1,https://www.sec.gov/Archives/edgar/data/1054905/000119312526213160/iosp-ex99_1.htm,5daf3c3fd8870ddbffed617e85012020e19e881ed89f670f2672be10acef9f13,17795,b42b8c4f6afd2c8aa423baf489746f4378584715afafe2c54c1c9c5e1e9b532c,12000,true,12000,success,2026-07-29T22:19:19.0068384Z
0001104659-26-022940,CYRX,1124524,tm267876d1_ex99-1.htm,EX-99.1,https://www.sec.gov/Archives/edgar/data/1124524/000110465926022940/tm267876d1_ex99-1.htm,ea2ca9fc8edcbd822c897e708eb5d6e939cc76cf2675bc47a3161912beb5951e,32080,6a3b8ed57f0b2831c149e76e9839cdad7e102f2974b4aeb277d50560dbabae1b,12000,true,12000,success,2026-07-29T22:19:19.4050112Z
0001049521-25-000014,MRCY,1049521,a2025q3earningsreleaseex.htm,EX-99.1,https://www.sec.gov/Archives/edgar/data/1049521/000104952125000014/a2025q3earningsreleaseex.htm,7e501139197a8cb5f9d813c7c4005d7e4c1321631cb6d178779cbb6b46c3e796,33815,22594093ff69119ef0e76b17916097667fa6e793e2d7559876649fd768092da2,12000,true,12000,success,2026-07-29T22:19:20.0460193Z
0001030469-25-000033,OFG,1030469,ofg-20252qexx99.htm,EX-99,https://www.sec.gov/Archives/edgar/data/1030469/000103046925000033/ofg-20252qexx99.htm,64322e57cb0c6e7746577e1f66364d81e868927f342e15a9910daafe4ceae3b9,47388,f2643ad1e9893f15b6d32d7afe1b3d0e8c6ce0f8d429c184a031affb877d695a,12000,true,12000,success,2026-07-29T22:19:20.4766358Z
0001193125-26-217028,HLIO,1024795,hlio-ex99_1.htm,EX-99.1,https://www.sec.gov/Archives/edgar/data/1024795/000119312526217028/hlio-ex99_1.htm,56523c7e6571af6954850902fae10d94c5bb07be18744b00321808de1db1cc7a,34472,eb14f7cd5a54cbfb994a2e330133bd853ea98c68f2fdec7e0380b59f396db17d,12000,true,12000,success,2026-07-29T22:19:21.0304572Z
0001654954-25-004020,AEHR,1040470,aehr_ex991.htm,EX-99.1,https://www.sec.gov/Archives/edgar/data/1040470/000165495425004020/aehr_ex991.htm,0da030aca737a13dfe67258fd7bea1a5bbbfeaae22560c92d78c14969a1c3070,24116,2a73c44f74463e1b710527e8928953236b409444a42499bd486b6b37f7c2438c,12000,true,12000,success,2026-07-29T22:19:21.5070933Z
0000105132-26-000006,WDFC,105132,wdfc-20260108xexx991.htm,EX-99.1,https://www.sec.gov/Archives/edgar/data/105132/000010513226000006/wdfc-20260108xexx991.htm,54cb4295414747acbe1fa1d0a6c703202ab5f2e6c767aa5ed08491775b4a5b15,22526,9a771294835416b26baa207f7bf7966c256c7f680524e584e8d73706a16ccc14,12000,true,12000,success,2026-07-29T22:19:22.0293163Z
0000056978-25-000078,KLIC,56978,ex991liveq42025.htm,EX-99.1,https://www.sec.gov/Archives/edgar/data/56978/000005697825000078/ex991liveq42025.htm,5438cd18a11ee1164b46676635d7876334811966726f702505510c74bb1bc7ef,17409,75dc448af5a59d2ebe15570d1cbd84ca6cf45844a4437a2d6f95dc336709b893,12000,true,12000,success,2026-07-29T22:19:22.6777838Z
0001421517-26-000040,ERII,1421517,ex991earningsrelease2026-q1.htm,EX-99.1,https://www.sec.gov/Archives/edgar/data/1421517/000142151726000040/ex991earningsrelease2026-q1.htm,36fdcdb86ec4e849b8f3bdb637a88512fa76d614cacc3dbaf3bea3a021f5431b,16396,81b9aa2edf10f25bd86714526d68e3347204d525f3fea603a02b31f21b60e5f6,12000,true,12000,success,2026-07-29T22:19:23.1917427Z
0001304492-25-000054,ATEX,1304492,atex-20250331xpressrelease.htm,EX-99.1,https://www.sec.gov/Archives/edgar/data/1304492/000130449225000054/atex-20250331xpressrelease.htm,4770c255c63b7cd86807bfbf57b505c1b3d399d7d8a52655dcc2756d3c125032,13722,5be27c031e93c07efe0871cd8b4ae3e4153bb92b693bb23471fe28040ad1f365,12000,true,12000,success,2026-07-29T22:19:23.6039521Z
0001193125-26-046585,PLMR,1761312,plmr-ex99_1.htm,EX-99.1,https://www.sec.gov/Archives/edgar/data/1761312/000119312526046585/plmr-ex99_1.htm,bc20ce5577a6e0dfdc16d6323ea481dac7be671887e26af60eba76b7652202cf,38852,9e05405eefc9d6be4bf3998c8cbc7c41b48fb5e8f9bbe759ae98258599b7c239,12000,true,12000,success,2026-07-29T22:19:24.1133042Z
0001437749-26-013888,BELFB,729580,ex_927642.htm,EX-99.1,https://www.sec.gov/Archives/edgar/data/729580/000143774926013888/ex_927642.htm,fdf4e8811807af826995aa5de1c6522bb3a5b1515a6986720e52dda76fdd96b5,27152,c7b8c876ac52d6091e46a587a27da9dae959be6a2afaa555dfbfcfff034d7bf0,12000,true,12000,success,2026-07-29T22:19:24.6803376Z
0001437749-25-023426,BELFB,729580,ex_810867.htm,EX-99.1,https://www.sec.gov/Archives/edgar/data/729580/000143774925023426/ex_810867.htm,b42d71358718706a7278ff61e815c6b4d61ede729b0371f2fcfd3b77fcf7dc16,32520,6fcd1bdb216c0cecdb0797f67cda3c65c20730d99b583e5c564d851c87f2da21,12000,true,12000,success,2026-07-29T22:19:25.1790589Z
0001628280-26-028862,MSEX,66004,msex-20260430exx991.htm,EX-99.1,https://www.sec.gov/Archives/edgar/data/66004/000162828026028862/msex-20260430exx991.htm,31e90fbbf189c27920fd17f57d667fca02cf906a3abe21c4f041f17057e00c5a,6722,31e90fbbf189c27920fd17f57d667fca02cf906a3abe21c4f041f17057e00c5a,6722,false,12000,success,2026-07-29T22:19:25.7054637Z
0001437749-26-015010,JJSF,785956,ex_957468.htm,EX-99.1,https://www.sec.gov/Archives/edgar/data/785956/000143774926015010/ex_957468.htm,58757bbf535b556a293feb8eb439d2d2ec0c8b98128fa5b215ce2aeb48cfef2d,21791,161f8d48b47c711c6cd230284584f04524e0f82541c83ff806de53f3c2f6a769,12000,true,12000,success,2026-07-29T22:19:26.1907631Z
0000950170-25-102060,HLIO,1024795,hlio-ex99_1.htm,EX-99.1,https://www.sec.gov/Archives/edgar/data/1024795/000095017025102060/hlio-ex99_1.htm,dcdb386d83b057d37bb613fc368cde5647f317f878d781a1fc3a978878f58682,46233,2ff79e0885812e641904e2bf80f6fec12d0c4d7214e944400f14e18206250ac8,12000,true,12000,success,2026-07-29T22:19:26.7069618Z
0001049521-26-000021,MRCY,1049521,a2026q3earningsreleaseex.htm,EX-99.1,https://www.sec.gov/Archives/edgar/data/1049521/000104952126000021/a2026q3earningsreleaseex.htm,a7da1352d2e9a3324896c456d9dd5235591408663bc1f254c0d92b26c9875182,33191,42cdb752b4a61faa278581468c01ca264a4856e14f8c050eedbd8874aec562d2,12000,true,12000,success,2026-07-29T22:19:27.2640640Z
0000200406-25-000201,JNJ,200406,a2025q3exhibit991.htm,EX-99.1,https://www.sec.gov/Archives/edgar/data/200406/000020040625000201/a2025q3exhibit991.htm,1b9b986c14eae7bb11582d7ccc9a644af1c983646e99f4091f760a7878a81b5e,16791,cb743fb89b8d5f191a40a66e500b5179c238c4bc7ebfd5e830bc0b55b6a59b6e,12000,true,12000,success,2026-07-29T22:19:27.8273553Z
0000018230-26-000017,CAT,18230,ex991toformcat1q2026earnin.htm,EX-99.1,https://www.sec.gov/Archives/edgar/data/18230/000001823026000017/ex991toformcat1q2026earnin.htm,f33fed0551d58f5df484fbb23a7128a6bb2db2e8827f318a25babe8114c2aa24,48316,00089d2614411b75178a8178c623aa5530b86b630c674dfcb5dff5c6d9f76871,12000,true,12000,success,2026-07-29T22:19:28.2694417Z
0001421517-25-000076,ERII,1421517,ex991earningsrelease2025-q1.htm,EX-99.1,https://www.sec.gov/Archives/edgar/data/1421517/000142151725000076/ex991earningsrelease2025-q1.htm,012f073cec6ea375849185ee5fce2273937d161c202e42c114c8fb8a6026a378,14796,0109bc14a779d41ecda1a05af4b7e5f4ea4816ee225bbd082ed4694839189448,12000,true,12000,success,2026-07-29T22:19:28.8187323Z
0000018230-25-000037,CAT,18230,ex991toformcat2q2025earnin.htm,EX-99.1,https://www.sec.gov/Archives/edgar/data/18230/000001823025000037/ex991toformcat2q2025earnin.htm,a2ff6da1a3a3a29ac75e0586d9a15afe8edc47673371b4d2c4bbe6ef314db63d,53750,38dcb321d0c7486f6819190ba1a97fc7b6e8418db611c05444350f70b0dc00de,12000,true,12000,success,2026-07-29T22:19:29.3152008Z
0000805928-25-000104,AXGN,805928,ex991axgnearningsreleaseda.htm,EX-99.1,https://www.sec.gov/Archives/edgar/data/805928/000080592825000104/ex991axgnearningsreleaseda.htm,2a55b024908dde86a0692dd70f4392888c4ba412a6a639658bdd3e9b924ff2e5,19166,56d4bc5f99522b1f8cd52842197811726c84c1fb8b97216126ef6a2f81a57d49,12000,true,12000,success,2026-07-29T22:19:29.8839373Z
0001628280-25-049552,EOSE,1805077,eoseq32025earningsreleas.htm,EX-99.1,https://www.sec.gov/Archives/edgar/data/1805077/000162828025049552/eoseq32025earningsreleas.htm,d7122b0c2b7ed75dcb8dae3819e5511733a9b91b4966d22d307b7550baec3209,22740,8c58ace545c12a382cbdd5b71c5fa67e801bbcdf7eba4572fe6a62900eca2bbb,12000,true,12000,success,2026-07-29T22:19:30.3444630Z
0001193125-26-066953,TMDX,1756262,tmdx-ex99_1.htm,EX-99.1,https://www.sec.gov/Archives/edgar/data/1756262/000119312526066953/tmdx-ex99_1.htm,fc1c5d23d164450242b7e6343bf364fb34cc1eb1381887c90e4a78b6df4dda0f,16897,a4f9659ea6efd8cf1cfab19fee3e63aeb431594145c723563c7f9cd5e9efda2b,12000,true,12000,success,2026-07-29T22:19:30.9917583Z
0001437749-26-011412,BELFB,729580,ex_939291.htm,EX-99.1,https://www.sec.gov/Archives/edgar/data/729580/000143774926011412/ex_939291.htm,f67861ffe66d141f9b6b0a4204555441f2484ea028a89f5be0156d1cf54411e5,5214,f67861ffe66d141f9b6b0a4204555441f2484ea028a89f5be0156d1cf54411e5,5214,false,12000,success,2026-07-29T22:19:31.3849205Z
0001654954-26-006655,AEHR,1040470,aehr_ex991.htm,EX-99.1,https://www.sec.gov/Archives/edgar/data/1040470/000165495426006655/aehr_ex991.htm,fc3d5e6caf46f192ccc479d71a04b764201f02e328136000a3896ef3fb8fbc96,24781,ab329d378cdc90201f3da346e8e04d09bf4b0579872fe18e7be990e0392281df,12000,true,12000,success,2026-07-29T22:19:32.0016542Z
0000950170-25-064564,HLIO,1024795,hlio-ex99_1.htm,EX-99.1,https://www.sec.gov/Archives/edgar/data/1024795/000095017025064564/hlio-ex99_1.htm,7014ec4f7e7441d4df161739a08e116d61213188c8b02934c306ba81aa09043c,41863,25b871973f31e2252c8987fd6120036de55343d5da46abdf5381ad123df33d56,12000,true,12000,success,2026-07-29T22:19:32.4207253Z
0000080420-25-000057,POWL,80420,ex991-powlq2xfy2025earning.htm,EX-99.1,https://www.sec.gov/Archives/edgar/data/80420/000008042025000057/ex991-powlq2xfy2025earning.htm,01bcea552f15680442ec59329ccfdcc1bd67aa497366bb1e7fd014647b9e0d44,9451,01bcea552f15680442ec59329ccfdcc1bd67aa497366bb1e7fd014647b9e0d44,9451,false,12000,success,2026-07-29T22:19:32.9627367Z
0001421517-26-000021,ERII,1421517,ex991earningsrelease2025-q4.htm,EX-99.1,https://www.sec.gov/Archives/edgar/data/1421517/000142151726000021/ex991earningsrelease2025-q4.htm,bc11e27242884bab568cf2fc092b05ceb388147bd1ad74fd51e8d6ac20dada43,16596,a73dbb1695b4400ce30619ea0af9b96525beb0d9659f6d263393f2a0268efce0,12000,true,12000,success,2026-07-29T22:19:33.4373170Z
0001171843-26-000344,SFBS,1430723,exh_991.htm,EX-99.1,https://www.sec.gov/Archives/edgar/data/1430723/000117184326000344/exh_991.htm,c82a25b46ec7c0f836de231f3e34535bc57e0c98d865cab89bd75f034a6f8ca3,43122,41c4d24c8b60b96045b399112f6e36f59e0a6bbf39d890b6844ad89741ac64d5,12000,true,12000,success,2026-07-29T22:19:34.2180934Z
0001466593-26-000002,OTTR,1466593,q42025earningsreleaseex991.htm,EX-99.1,https://www.sec.gov/Archives/edgar/data/1466593/000146659326000002/q42025earningsreleaseex991.htm,f300b5cd9082b205bca26c94c5b9a7c4261a80b60e57127c802e05f3773cd76d,25510,d6a4080fefdf52116c01c713c95391b9666389a126b056cede0cac9646e52d3c,12000,true,12000,success,2026-07-29T22:19:34.7238844Z
0001193125-26-055921,IOSP,1054905,d88769dex991.htm,EX-99.1,https://www.sec.gov/Archives/edgar/data/1054905/000119312526055921/d88769dex991.htm,1f69dd9d79b6cfe38ed964076d3332279c79df61a0a36185c7a491ba9d194610,22702,70fb12b410a5e4a1d4ea83e8d91d813ef25307ee8ee0c6a91465b6adba26b2ae,12000,true,12000,success,2026-07-29T22:19:35.1285607Z
0001673985-26-000033,ASIX,1673985,exhibit99q12026prearningsm.htm,EX-99.1,https://www.sec.gov/Archives/edgar/data/1673985/000167398526000033/exhibit99q12026prearningsm.htm,f7c3e9a8dc867fd26b08c9af29c745a8f068d47496f7b2041a18a61871f072c2,23683,fce5f8e44ff606508a393b1dbbd28c1071418f7c84abe6aaa0170503dd453a4b,12000,true,12000,success,2026-07-29T22:19:35.6376464Z
0000708781-26-000020,CASS,708781,cass-20260331xexx991.htm,EX-99.1,https://www.sec.gov/Archives/edgar/data/708781/000070878126000020/cass-20260331xexx991.htm,12972d543de207fff51a61e5742c57a0df45123f223ffceaf8f64528b4aecbc3,27626,7b42884124b7061ee05ea61fbb73ed350a244a79f79643eb3f75ff286b7349f3,12000,true,12000,success,2026-07-29T22:19:36.1313073Z
0001140361-26-019129,WTTR,1693256,ef20072543_ex99-1.htm,EX-99.1,https://www.sec.gov/Archives/edgar/data/1693256/000114036126019129/ef20072543_ex99-1.htm,1ec2211546903d84ac593422d5feaa4c85c7626d1cca17c6c4c9b546cc2a123e,41731,5658bfb3479d2a5452fe45dff67a4d31258f89e8d31b63b93269546d1f1e7253,12000,true,12000,success,2026-07-29T22:19:36.6554910Z
0001193125-26-313363,HZO,1057060,hzo-ex99_1.htm,EX-99.1,https://www.sec.gov/Archives/edgar/data/1057060/000119312526313363/hzo-ex99_1.htm,b8e283e0fe8558d4ac8eba0fa55512e059bd7ac31535f852d7fdd3b302575792,21906,9e1d550a8f2573577cef41f7aadde64817c223c639b3ac5f37bc00cc33c22c43,12000,true,12000,success,2026-07-29T22:19:37.1587276Z
0001628280-26-011693,IMAX,921582,imax-q42025epr.htm,EX-99.1,https://www.sec.gov/Archives/edgar/data/921582/000162828026011693/imax-q42025epr.htm,538df6acd96b7f7da5b438324e997b7f38be36faf9bcd6d6c4db0713c3b5962d,40888,be3dfa7eac8f055996aa80a8a151494234f490954c51679d1a9078873a2647a2,12000,true,12000,success,2026-07-29T22:19:37.6999764Z
0000057131-25-000080,LZB,57131,fy26q1pressrelease.htm,EX-99.1,https://www.sec.gov/Archives/edgar/data/57131/000005713125000080/fy26q1pressrelease.htm,3f1a3faa1b7592c5c637e5aeda3126af10be1283842373ee57f4febbf5a20342,24563,c7559ea94a315d9181fe9691ea3050f3b566cb88029cbf200fce8ef0dec302d2,12000,true,12000,success,2026-07-29T22:19:38.3596907Z
0001558370-25-003812,AGX,100591,agx-20250327xex99d1.htm,EX-99.1,https://www.sec.gov/Archives/edgar/data/100591/000155837025003812/agx-20250327xex99d1.htm,47dc118cecf51811919f73bb6225f8b5289d9304df5fc6a09c953687dfb892ed,18119,8836921bd615054a20482ba2a80afc36492312d148ade7f24043e6edd3a068b9,12000,true,12000,success,2026-07-29T22:19:38.7205857Z
0000080420-26-000063,POWL,80420,ex991-powlq2xfy2026earning.htm,EX-99.1,https://www.sec.gov/Archives/edgar/data/80420/000008042026000063/ex991-powlq2xfy2026earning.htm,da923917ed7e43ec29265c4135ab0ca6a0cfe0c8ee9de776daeb66115cf80e4c,12234,15f875930aee7ffbdabc6605d5114a2710a84e340aa82257bf34fb4834486938,12000,true,12000,success,2026-07-29T22:19:39.2394315Z
0001552781-25-000176,WTRG,78128,e25199_ex99-1.htm,EX-99.1,https://www.sec.gov/Archives/edgar/data/78128/000155278125000176/e25199_ex99-1.htm,36d248606daab38419f0cb7c5806bfef96b49eb2c666657074aab8f383709efc,20034,fe2f4e6c5f8cd23a69d9a022c2d0500810e144aa386563c7d015e666337ffea9,12000,true,12000,success,2026-07-29T22:19:39.7543328Z
0001403161-26-000077,V,1403161,q22026earningsrelease.htm,EX-99.1,https://www.sec.gov/Archives/edgar/data/1403161/000140316126000077/q22026earningsrelease.htm,5b9145e02e9e1f2368591bcebf5b44884ccd80faa2791b035822393519a10b1c,29423,f44f68e52e583195be7abc2192a9dacd4c598188acab7a0b621357622538b609,12000,true,12000,success,2026-07-29T22:19:40.2587169Z
0001193125-26-318055,AGYS,78749,agys-ex99_1.htm,EX-99.1,https://www.sec.gov/Archives/edgar/data/78749/000119312526318055/agys-ex99_1.htm,5b6aaa8fca5cc289b359bc981ab48b56aa5e597fb66551aaaed1b0062a301852,19199,b6129af113daa0285554c6d89ef696fa0bc0320c286c713a5e29050b442b3c8c,12000,true,12000,success,2026-07-29T22:19:40.9046833Z
0001437749-26-006907,NPK,80172,ex_927991.htm,EX-99.1,https://www.sec.gov/Archives/edgar/data/80172/000143774926006907/ex_927991.htm,a9cd5f42724e127fe8a6c0ef0d9b5b6e4e2362b484ac87f2c7b474b7d434c8c2,5027,a9cd5f42724e127fe8a6c0ef0d9b5b6e4e2362b484ac87f2c7b474b7d434c8c2,5027,false,12000,success,2026-07-29T22:19:41.2924994Z
0001304492-25-000095,ATEX,1304492,atex-06302025xpressrelease.htm,EX-99.1,https://www.sec.gov/Archives/edgar/data/1304492/000130449225000095/atex-06302025xpressrelease.htm,cb8d52ce44a2e076b1670612db8a7fd90070d01995fb206946b11a82085549ee,11976,cb8d52ce44a2e076b1670612db8a7fd90070d01995fb206946b11a82085549ee,11976,false,12000,success,2026-07-29T22:19:41.7904657Z
0001628280-26-028907,IMAX,921582,imax-q12026epr.htm,EX-99.1,https://www.sec.gov/Archives/edgar/data/921582/000162828026028907/imax-q12026epr.htm,1ecdef705a47db5769635fd4ce3a89932e0b4c96812618727412b65f7521afed,36308,a68139804abb9a9464612dc107b3df26a7c55b3ea2240018500361f604101a8a,12000,true,12000,success,2026-07-29T22:19:42.3289711Z
0000805928-25-000010,AXGN,805928,a991axgnreleasedatedfebrua.htm,EX-99.1,https://www.sec.gov/Archives/edgar/data/805928/000080592825000010/a991axgnreleasedatedfebrua.htm,28ae598ee271e0b88b63a19c12705f8c76f98985c72e4bffd53fd966413cfae5,20508,d3c1f94ea8cd626e4190d1f43e5c0b9289d025183ccc2822ea526a4f77b03330,12000,true,12000,success,2026-07-29T22:19:42.9969742Z
0001171843-26-000624,CLFD,796505,exh_991.htm,EX-99.1,https://www.sec.gov/Archives/edgar/data/796505/000117184326000624/exh_991.htm,6a7d71af921699f9ef26d722d8e63ee8bd7f03bcfb03dc14012bc602b3553884,19567,3b0c20c2f7a6eedf4daf66cde48e3abcb085e5253272973ddf88c82bb962b10e,12000,true,12000,success,2026-07-29T22:19:43.3471655Z
0000921582-25-000005,IMAX,921582,imax-q42024epr.htm,EX-99.1,https://www.sec.gov/Archives/edgar/data/921582/000092158225000005/imax-q42024epr.htm,4ba7aa4d98fcb0f0064cd272775da42161de52e96f526176a3a680927397a578,36455,bb8d2ae2c2f481ddbec8b8e138d48263b462ba5e6125ad1d2c0d7425242a0b2d,12000,true,12000,success,2026-07-29T22:19:43.8811440Z
0001437749-25-023664,NPK,80172,ex_844563.htm,EX-99.1,https://www.sec.gov/Archives/edgar/data/80172/000143774925023664/ex_844563.htm,00980579f7b6199c29afb8fcb8f5a790b49d7de0718cd5d880ef58f47fbe3b0c,3336,00980579f7b6199c29afb8fcb8f5a790b49d7de0718cd5d880ef58f47fbe3b0c,3336,false,12000,success,2026-07-29T22:19:44.4929636Z
0000908315-26-000016,WINA,908315,wina-20260415xex99d1.htm,EX-99.1,https://www.sec.gov/Archives/edgar/data/908315/000090831526000016/wina-20260415xex99d1.htm,d8b2b74c35dcd1e95880a7f01ba1d2c848eeab18ed054a1f8e629b44e40ad959,7791,d8b2b74c35dcd1e95880a7f01ba1d2c848eeab18ed054a1f8e629b44e40ad959,7791,false,12000,success,2026-07-29T22:19:44.8882669Z
0000700923-25-000028,MYRG,700923,myrg-2025630x8kxexx991.htm,EX-99.1,https://www.sec.gov/Archives/edgar/data/700923/000070092325000028/myrg-2025630x8kxexx991.htm,cae3463585baa6b603e3796ca2107592436334a05ea114e3363a450c1969535d,32671,5ed0734cf61c3715a9c535460f77682ee081d07c40414b9f4fb387e9e70e062d,12000,true,12000,success,2026-07-29T22:19:45.4047141Z
0001562762-26-000078,CALM,16160,exhibit991.htm,EX-99.1,https://www.sec.gov/Archives/edgar/data/16160/000156276226000078/exhibit991.htm,7c658c42c522e86ac00afcf0ffaa5b02fa3a1bedef799b72304a497d3a9d267c,24631,638468166b979cee71cb4bacf7fe69cc8792a0d777ddfe9f601db3f400a3d9b6,12000,true,12000,success,2026-07-29T22:19:45.9569588Z
0000046250-26-000004,HWKN,46250,hwknex9912026-q3.htm,EX-99.1,https://www.sec.gov/Archives/edgar/data/46250/000004625026000004/hwknex9912026-q3.htm,6da09f12d9fa669e1c93ed232134bc4847626cb9f8e1d7d2419ec83e49f2df57,22028,b55a47cfd5f911015f43ed8c3508b85a1924f15c737c89d2d06b9afb4b6cba16,12000,true,12000,success,2026-07-29T22:19:46.5817433Z
0001171843-26-004772,SFBS,1430723,exh_991.htm,EX-99.1,https://www.sec.gov/Archives/edgar/data/1430723/000117184326004772/exh_991.htm,768b0e1bdebb06e271828163829ff98c129dbd2c7a7dca8b508bd43e9be4a42d,39209,500dcabae4abf4f60cbadea43afa3de4e4ae69bb5bb1820f28ab6ee812c5c5a7,12000,true,12000,success,2026-07-29T22:19:47.0697464Z
0000200406-25-000170,JNJ,200406,a2025q2exhibit991.htm,EX-99.1,https://www.sec.gov/Archives/edgar/data/200406/000020040625000170/a2025q2exhibit991.htm,fec0a29e3f19d9f9dd81a305ad03e775419e93a63ecd7e2351e00b7de9cbfacd,17757,e9be1beb8436f14a5022a7fe1149583ca4400fc319b5685c18f9d8f11e1e9323,12000,true,12000,success,2026-07-29T22:19:47.4797258Z
0000046250-25-000024,HWKN,46250,hwknex9912025-q4.htm,EX-99.1,https://www.sec.gov/Archives/edgar/data/46250/000004625025000024/hwknex9912025-q4.htm,3df4d64f292609f2772ebfdfd4837ac1f9cb85568adf87ab63dd789c22b79918,23238,0a21d6775d03a884f7fdbaff0230c551e12ccc1f287f447a387ab75ffb42735c,12000,true,12000,success,2026-07-29T22:19:47.9941526Z
0000093410-26-000019,CVX,93410,a12312025ex9918-k.htm,EX-99.1,https://www.sec.gov/Archives/edgar/data/93410/000009341026000019/a12312025ex9918-k.htm,5e11b4423a05393fa55afd590c6fb5061e70732b80a3934d252b083807469474,34195,2411b3ed6c92fcb36b496f6ac6ea43699fe0a77db8d63a802b3a4946bfa2df5a,12000,true,12000,success,2026-07-29T22:19:48.4903993Z
0000057131-26-000018,LZB,57131,fy26q4pressrelease.htm,EX-99.1,https://www.sec.gov/Archives/edgar/data/57131/000005713126000018/fy26q4pressrelease.htm,e61487a92e7d19dad98e0a1cd0a3f9e6be21021c5edffa85c8db2424ee2fddf5,36280,27f192a7c91da4298bbeaf87a5caa7d44ef2e618fd00986bb1b6c5932e9b926c,12000,true,12000,success,2026-07-29T22:19:49.1461935Z
0000093410-25-000016,CVX,93410,a03312025ex9918-k.htm,EX-99.1,https://www.sec.gov/Archives/edgar/data/93410/000009341025000016/a03312025ex9918-k.htm,f12426057dfdfa09c7c38aedb947116a7d164fb8b15951e05043d938a5c4a6f0,28613,0dce34c2870c364bbec30bc72115dc7137a6589363b066db623b168f3052d554,12000,true,12000,success,2026-07-29T22:19:49.5009848Z
0001552781-26-000307,WTRG,78128,e26241_ex99-1.htm,EX-99.1,https://www.sec.gov/Archives/edgar/data/78128/000155278126000307/e26241_ex99-1.htm,cd6d32625e94f789f54fadbf8544e5a5678c208ba4e410d4fc87b85b25e10899,23636,f680b66974a6a6e156c8a6e491ce73e23299fc0f239bcd6cef7cb4cd05fc2b5e,12000,true,12000,success,2026-07-29T22:19:50.1476500Z
0000805928-26-000028,AXGN,805928,ex991axgnearningsreleaseda.htm,EX-99.1,https://www.sec.gov/Archives/edgar/data/805928/000080592826000028/ex991axgnearningsreleaseda.htm,99abecdebbf75b5ad478c6a5a65431baf1d8d355baee4f97406281c7c8e7e1ff,19933,d0c76b1b786257522298cbf905354914366b0bb3d7dc31a0d4a7d0b7602499c3,12000,true,12000,success,2026-07-29T22:19:50.5453917Z
0001519449-25-000033,SKWD,1519449,earningsrelease-ex9912q2025.htm,EX-99.1,https://www.sec.gov/Archives/edgar/data/1519449/000151944925000033/earningsrelease-ex9912q2025.htm,ed09bab066938dc315c4a18490249e7c556d447bd1300731404afb2b0538f31d,21526,2d50d4437396952c062fe9f4243dbc72d6bcf3d97902fd75c574224f3e84c5d0,12000,true,12000,success,2026-07-29T22:19:51.0457589Z
0001552781-25-000394,WTRG,78128,e25410_ex99-1.htm,EX-99.1,https://www.sec.gov/Archives/edgar/data/78128/000155278125000394/e25410_ex99-1.htm,0720a3acf619f12af8255dfa35e526605e65c4595ab3f88040778aec26483429,26767,8b1196b554d5b69648f4b3fb9809648a3514bb78d3264d4a719252084b7ac837,12000,true,12000,success,2026-07-29T22:19:51.5682568Z
0000056978-25-000054,KLIC,56978,ex991q22025.htm,EX-99.1,https://www.sec.gov/Archives/edgar/data/56978/000005697825000054/ex991q22025.htm,384b1fc5df741056eec9dd8f3ed27392514d91452fd4f617640bbfedba62f79e,18654,968e4f3d44e927240fdad3f5bf2388965e0c6fe7aa15d7ada891b032401b4f1b,12000,true,12000,success,2026-07-29T22:19:52.2059918Z
0000056978-26-000018,KLIC,56978,ex991liveq22026.htm,EX-99.1,https://www.sec.gov/Archives/edgar/data/56978/000005697826000018/ex991liveq22026.htm,296e537262888ad895a77f39f5d988ed008271492cf89f74d7cfd3f266a21fa8,16797,f83550c715542a9546535d4b8ae98b211969aa9ba136b3a41229786b270d3d36,12000,true,12000,success,2026-07-29T22:19:53.5933606Z
0002039852-26-000063,TBBK,1295401,ex99-1.htm,EX-99.1,https://www.sec.gov/Archives/edgar/data/1295401/000203985226000063/ex99-1.htm,5feade5a015f25eeef31ccafeb2957bc8d03e706990f082310316c3c7f4fdf25,36799,a04c46b6513c17115618bb31aeaddccf94d4fcceb40f13d1b19c4b77f7140c1e,12000,true,12000,success,2026-07-29T22:19:54.0224993Z
0001558370-25-008396,AGX,100591,agx-20250604xex99d1.htm,EX-99.1,https://www.sec.gov/Archives/edgar/data/100591/000155837025008396/agx-20250604xex99d1.htm,d753016df2d983a032086e61d1c9b140caeed985abd9535fbdf662e497b51bc6,12744,8ef306debf591b1aa1551697c33d0fda6f8ec3fe8d6455dc246215ebc7c74e98,12000,true,12000,success,2026-07-29T22:19:54.5249520Z
0001193125-26-028226,HZO,1057060,hzo-ex99_1.htm,EX-99.1,https://www.sec.gov/Archives/edgar/data/1057060/000119312526028226/hzo-ex99_1.htm,008c02dd34573c3a720c1f8fafaa75205d9e378b647b0db80a0458f3b441122a,18559,fd8de74f86a40c2fcc3768eaabed39f476b72213e6c0022dfa6f7f50409b4f51,12000,true,12000,success,2026-07-29T22:19:55.1105978Z
0000950170-25-066916,TMDX,1756262,tmdx-ex99_1.htm,EX-99.1,https://www.sec.gov/Archives/edgar/data/1756262/000095017025066916/tmdx-ex99_1.htm,9cd6afb3c4217438f4ecdefc40b2776702709e61cbeeac8ee7534cc3ff4f4cfc,13285,4ccc777f12ab06bae1ac8a1f9213167de144e01e2d9590105b18cc752a9b6bf4,12000,true,12000,success,2026-07-29T22:19:55.8318394Z
0001022408-26-000017,PLUS,1022408,ex99-1.htm,EX-99.1,https://www.sec.gov/Archives/edgar/data/1022408/000102240826000017/ex99-1.htm,dd832e7761ab96569dbb129822ec091cb5c8b012a7c0063f0313702c3ffb19e0,32919,6a8706a7e8d713bc4c82f669e46800aedf2b78351c51a82c27fa122b467d40d0,12000,true,12000,success,2026-07-29T22:19:56.1310366Z
0001562762-26-000044,CALM,16160,exhibit991.htm,EX-99.1,https://www.sec.gov/Archives/edgar/data/16160/000156276226000044/exhibit991.htm,bb62b410797e3de54c83edf33367fb4c385365394f00f4dc47152e2ee452d9d6,16300,49264e064942cd11688fd1cc00c5a16bfa7fd61e77a6d4fb501e5ec5993aa42a,12000,true,12000,success,2026-07-29T22:19:56.6359505Z
0001628280-25-045977,IMAX,921582,imax-q32025epr.htm,EX-99.1,https://www.sec.gov/Archives/edgar/data/921582/000162828025045977/imax-q32025epr.htm,3a915cd71eca7afc255274fda9cba4fbd3fab48bd13d65cad30f3666a35b1084,39025,03394ccc6726dce496dc1b9a112221a754e4e22ed1cbaba362c97f5325aeaa3b,12000,true,12000,success,2026-07-29T22:19:57.1516672Z
0001437749-25-004235,BELFB,729580,ex_748759.htm,EX-99.1,https://www.sec.gov/Archives/edgar/data/729580/000143774925004235/ex_748759.htm,0723a4459e1c30ac147ce7aa26a099d1585f22810f3289e7f6da0bd1188ca60c,36997,e116cf6d80699257600a278b781018be3e6b60cac7072f2104e55f99c9ba3d9c,12000,true,12000,success,2026-07-29T22:19:57.7769365Z
0001193125-26-062369,DEA,1622194,dea-ex99_1.htm,EX-99.1,https://www.sec.gov/Archives/edgar/data/1622194/000119312526062369/dea-ex99_1.htm,af90cc6e63d3e0d181b7d73a358d755ec6ae83f4a584fbc8ac3a2f96e3e25918,33371,de8be57fb6ca9ebf84c17141cfeeea82f4c7ce4d771550065eb8895e525c14b5,12000,true,12000,success,2026-07-29T22:19:58.4422550Z
0000908315-26-000004,WINA,908315,wina-20260218xex99d1.htm,EX-99.1,https://www.sec.gov/Archives/edgar/data/908315/000090831526000004/wina-20260218xex99d1.htm,481b6b4f6ee632308fb887f8c2e94720fe719c3de624a3ba45be1cff0d7c0b23,8501,481b6b4f6ee632308fb887f8c2e94720fe719c3de624a3ba45be1cff0d7c0b23,8501,false,12000,success,2026-07-29T22:19:58.8551193Z
0000048465-25-000056,HRL,48465,hrlearningsrelease2025q4.htm,EX-99,https://www.sec.gov/Archives/edgar/data/48465/000004846525000056/hrlearningsrelease2025q4.htm,49e89b8a5b810fa3989375947ccf7eab11ba3c8ed544015e8213d0bb59b32ed3,34835,a1f759c3f466a7f5b0f4374476d643fda054ce686a15115868e73a42dac12cc8,12000,true,12000,success,2026-07-29T22:19:59.2562199Z
0001171843-26-004973,SHEN,354963,exh_991.htm,EX-99.1,https://www.sec.gov/Archives/edgar/data/354963/000117184326004973/exh_991.htm,c16bcf61f949308fc9b4d4c0ad9208992736856ce2edd75bc32c8030757264b3,22165,540438ac2227a1bfefaa7bc1f83433de5b9cd00eeb794ebc37f63e61d5ef0f4c,12000,true,12000,success,2026-07-29T22:19:59.9133037Z
0001030469-25-000012,OFG,1030469,ofg-20251qexx99.htm,EX-99,https://www.sec.gov/Archives/edgar/data/1030469/000103046925000012/ofg-20251qexx99.htm,fbdcf14d1e875a99d6a6505b5ceda6079bdfc713cc2b39759972577b39b207b0,42348,3f714b734b5c9dd9df3ffa5095cc0907a8a1f64a36d3c5e5171100b243f11d87,12000,true,12000,success,2026-07-29T22:20:00.3028439Z
0001171843-25-000948,SHEN,354963,exh_991.htm,EX-99.1,https://www.sec.gov/Archives/edgar/data/354963/000117184325000948/exh_991.htm,1e80001d451dfdd7ecd258703498b8cb742f33bfe59477daad9d628bb46ec18a,27258,40b52d8a7d03f78cfa6cf644cbf2e390566200ae73683fd888a9a3a52f266ad8,12000,true,12000,success,2026-07-29T22:20:00.8326434Z
0001552781-26-000071,WTRG,78128,e26072_ex99-1.htm,EX-99.1,https://www.sec.gov/Archives/edgar/data/78128/000155278126000071/e26072_ex99-1.htm,4c94c8486053a6959cca098769a601d4f381e789766104c576c6f933fedc298b,22892,ce957c83c569afb8756a36543d5eddf4192be53148a095f1dc71f31fe2f9fa3b,12000,true,12000,success,2026-07-29T22:20:01.4243288Z
0000093410-25-000103,CVX,93410,a09302025ex9918-k.htm,EX-99.1,https://www.sec.gov/Archives/edgar/data/93410/000009341025000103/a09302025ex9918-k.htm,464317cbd422ea58e45c7c14ec6cbd0eee6dc024c15738a59610ef20fc16bcb8,30293,619765e7dca397e0db017f4dd5d1b5a0f0c90bf4412e1f797aa8b7d918427c8b,12000,true,12000,success,2026-07-29T22:20:01.9028819Z
0001437749-26-004366,BELFB,729580,ex_888992.htm,EX-99.1,https://www.sec.gov/Archives/edgar/data/729580/000143774926004366/ex_888992.htm,15424d3fc941723c235b560f1d47010730811c5bef2ba966e254476450019db5,34822,4f246d186a8460dd337114ed83590fbe7037c124e1d14156af2c0ea82f8d7d19,12000,true,12000,success,2026-07-29T22:20:02.7112333Z
0001654954-26-003310,AEHR,1040470,aehr_ex991.htm,EX-99.1,https://www.sec.gov/Archives/edgar/data/1040470/000165495426003310/aehr_ex991.htm,9cd3484ab48b719631c8cc1107d7c69b0c5af9f74d1068ceb7369657671234e7,24410,b00cb4b7f841e15dad06728664b3c34f8cf0f5e62e3e187ad0cadc3f9e8190a9,12000,true,12000,success,2026-07-29T22:20:03.0292694Z
0001628280-26-024345,EOSE,1805077,q12026businessupdate_040.htm,EX-99.1,https://www.sec.gov/Archives/edgar/data/1805077/000162828026024345/q12026businessupdate_040.htm,b5f5bf2d025b8c7903974f89b47b57e9ef78fd277296dd3a18021b5d9ba729bb,9605,b5f5bf2d025b8c7903974f89b47b57e9ef78fd277296dd3a18021b5d9ba729bb,9605,false,12000,success,2026-07-29T22:20:03.5543150Z
0001104659-26-070517,AGX,100591,agx-20260604xex99d1.htm,EX-99.1,https://www.sec.gov/Archives/edgar/data/100591/000110465926070517/agx-20260604xex99d1.htm,69a6cab1c69cc48fe85d4496e4aeb4330ea854d78cb593f0fb4aff20d8824e9a,14092,0f3dd89440d17ad450b4ed7741e0d6e9c5ba3377ce1e60a7c3cfe95887c326fb,12000,true,12000,success,2026-07-29T22:20:04.0399685Z
0001519449-26-000032,SKWD,1519449,earningsrelease-ex9911q2026.htm,EX-99.1,https://www.sec.gov/Archives/edgar/data/1519449/000151944926000032/earningsrelease-ex9911q2026.htm,3a599c0c7c8b5b836d6250c4d7839ad9f30f8c3242797ec46ad9e6a5b0c02c20,25386,caa4181926daf074e2660ef4ea5b53af7a2ed75ab13ee98cee20daa49360e596,12000,true,12000,success,2026-07-29T22:20:04.6522137Z
0000950170-25-059541,DEA,1622194,dea-ex99_1.htm,EX-99.1,https://www.sec.gov/Archives/edgar/data/1622194/000095017025059541/dea-ex99_1.htm,1281b6dd79f2ed2f54c5f50948599dc3f53004b30734834403e774a96b53a7a2,27828,651d591645b46383dfa6fe9298699306f910d9eef3ab8342968a89b0189a9a05,12000,true,12000,success,2026-07-29T22:20:05.1673541Z
0000057131-25-000016,LZB,57131,fy25q3pressrelease.htm,EX-99.1,https://www.sec.gov/Archives/edgar/data/57131/000005713125000016/fy25q3pressrelease.htm,ac6d50232d5bd3e76e1243f7d0296c177cadcc261fea5ad7622013d5059306c1,28388,974655cfd81560eab83a62186c3a0525f061175779fe6581edd57cb0a05a62c6,12000,true,12000,success,2026-07-29T22:20:05.6917660Z
0000320193-25-000055,AAPL,320193,a8-kex991q2202503292025.htm,EX-99.1,https://www.sec.gov/Archives/edgar/data/320193/000032019325000055/a8-kex991q2202503292025.htm,75c500f0f481165e75e55b3f6cdc90082393389f021ee47e625615c5981be210,10407,75c500f0f481165e75e55b3f6cdc90082393389f021ee47e625615c5981be210,10407,false,12000,success,2026-07-29T22:20:06.1251591Z
0000805928-26-000051,AXGN,805928,ex991axgnearningsreleaseda.htm,EX-99.1,https://www.sec.gov/Archives/edgar/data/805928/000080592826000051/ex991axgnearningsreleaseda.htm,8a45404c2be399048778f199ff5aefceefb619a9babdfcae8e2fd96d411220a8,21743,29f02c731a468d98a599ff37e5a45a966a987a02e6f67a4c43ae03514e98c55c,12000,true,12000,success,2026-07-29T22:20:06.6152612Z
0001558370-25-009510,TR,98677,tr-20250723xex99d1.htm,EX-99.1,https://www.sec.gov/Archives/edgar/data/98677/000155837025009510/tr-20250723xex99d1.htm,7936ab758c540abd2d55a124b36c7e46b4678fdd9b359601f1cc1dd0c36e78c6,7438,7936ab758c540abd2d55a124b36c7e46b4678fdd9b359601f1cc1dd0c36e78c6,7438,false,12000,success,2026-07-29T22:20:07.4419585Z
0000320193-25-000071,AAPL,320193,a8-kex991q3202506282025.htm,EX-99.1,https://www.sec.gov/Archives/edgar/data/320193/000032019325000071/a8-kex991q3202506282025.htm,a9fcea703e0c25456c507ce1fce8d0d959c8e8de9158d4afe7934f11e44c2fdf,10254,a9fcea703e0c25456c507ce1fce8d0d959c8e8de9158d4afe7934f11e44c2fdf,10254,false,12000,success,2026-07-29T22:20:07.8740681Z
0000854775-26-000004,DGII,854775,dgii-ex991_20260204.htm,EX-99.1,https://www.sec.gov/Archives/edgar/data/854775/000085477526000004/dgii-ex991_20260204.htm,50797e94bcb2c74e6010013b633c3b0dafe52d1effe5240856070e9c6c35ed01,22725,a9a89e98baaf50021144b0bc8371446513bf1d6605901968df7cd095ced8c8a5,12000,true,12000,success,2026-07-29T22:20:08.3331921Z
0001466593-26-000049,OTTR,1466593,q12026earningsreleaseex991.htm,EX-99.1,https://www.sec.gov/Archives/edgar/data/1466593/000146659326000049/q12026earningsreleaseex991.htm,b4302cd42f3c6ade4d2d35c140efe0a9be7bc67c8d7bb583a6583d1f2bc937b3,19548,63dfbf6df967ecc6fa28d9be617fddd99297242745556a6342fdbc1f71ecaa43,12000,true,12000,success,2026-07-29T22:20:08.8579000Z
0001628280-26-028945,KWR,81362,kwr2026q1ex-991.htm,EX-99.1,https://www.sec.gov/Archives/edgar/data/81362/000162828026028945/kwr2026q1ex-991.htm,cf3962ef5be8c457fc1ad3971c6380179adde581971d8db96c714b3e6fc693be,32148,8d66e80fa9d92d7d9f164daa336bebeaba00aa7ba4b81177e1dcb7448959a4f0,12000,true,12000,success,2026-07-29T22:20:09.3537830Z
0000856982-26-000023,MMSI,856982,mmsi-20260430xex99d1.htm,EX-99.1,https://www.sec.gov/Archives/edgar/data/856982/000085698226000023/mmsi-20260430xex99d1.htm,d126f7ef1e68c83d989399281a4e009b6c154e35cdfd9a9f91da8a27e87c0b31,36973,0379e95e3f941ec85c1a8aabcf21760b0857bd75e6e86282b4c1bc3e35ef0ebc,12000,true,12000,success,2026-07-29T22:20:09.8530609Z
0001628280-26-011958,EOSE,1805077,eoseq4fy25earningsreleas.htm,EX-99.1,https://www.sec.gov/Archives/edgar/data/1805077/000162828026011958/eoseq4fy25earningsreleas.htm,ba044235c5c8508fe731fc1cbe4f7a3abbfbe4c745e5d2ddd95ec52d4b66f8b4,24263,2d530ea767ef425f34c95d7ca73c196dd4c727c352cba40971c6b4bdd6d36045,12000,true,12000,success,2026-07-29T22:20:10.3761258Z
0000048465-26-000013,HRL,48465,exhibit991-2172026.htm,EX-99.1,https://www.sec.gov/Archives/edgar/data/48465/000004846526000013/exhibit991-2172026.htm,206ab12115a49a7bab81802dd8b846cb5e4b9a90d82f52dd8be17fe8a99b4922,8566,206ab12115a49a7bab81802dd8b846cb5e4b9a90d82f52dd8be17fe8a99b4922,8566,false,12000,success,2026-07-29T22:20:10.9835784Z
0000105132-25-000061,WDFC,105132,wdfc-20251022xexx991.htm,EX-99.1,https://www.sec.gov/Archives/edgar/data/105132/000010513225000061/wdfc-20251022xexx991.htm,1d5550e86e92d3861604d8c6176b556285e13b60b84d0ec609b0229764f0ec71,22870,dba5fb11d573a9edf3ef49779f009d3bb27c2e57e1be7fa5c7000ee7acb5de03,12000,true,12000,success,2026-07-29T22:20:11.4944269Z
0001104659-25-074314,CYRX,1124524,tm2522626d1_ex99-1.htm,EX-99.1,https://www.sec.gov/Archives/edgar/data/1124524/000110465925074314/tm2522626d1_ex99-1.htm,6c740aee86072743dff6524b095231e388d875a6ec6fc5beae1acec1be416c2e,32869,44ac04cd34c701fcbf4e936cd0b812a9cbd790b7ee4ff13888853a019f2d8f62,12000,true,12000,success,2026-07-29T22:20:11.9357823Z
0001437749-25-012997,BELFB,729580,ex_784851.htm,EX-99.1,https://www.sec.gov/Archives/edgar/data/729580/000143774925012997/ex_784851.htm,92e069888313286ef7b0aa79fef4440f388725075aa5308650b932b5a060654a,35337,4189746aa6e07f725f40531d4dc189dec9ae017dd84843257bfd8dfb114a1460,12000,true,12000,success,2026-07-29T22:20:12.4539914Z
0001654954-25-007859,AEHR,1040470,aehrex991.htm,EX-99.1,https://www.sec.gov/Archives/edgar/data/1040470/000165495425007859/aehrex991.htm,9ce626e16d32f7f0990ed9089f684dc5f3886a9035b1cb81d9d897d6985377b0,26735,59bfdf3b864ea18e4d594052a0189aa240ab27d99beaba04d2429a4f47877e1d,12000,true,12000,success,2026-07-29T22:20:13.0959922Z
0000108985-26-000040,YORW,108985,exhibit99_1-0505026.htm,EX-99.1,https://www.sec.gov/Archives/edgar/data/108985/000010898526000040/exhibit99_1-0505026.htm,8e4ff6070419ca5dc8d3634c5fe13d0dfec3cb2468934683b447dbf19ca8da7c,3142,8e4ff6070419ca5dc8d3634c5fe13d0dfec3cb2468934683b447dbf19ca8da7c,3142,false,12000,success,2026-07-29T22:20:13.4970048Z
0001519449-25-000005,SKWD,1519449,earningsrelease-ex9914q2024.htm,EX-99.1,https://www.sec.gov/Archives/edgar/data/1519449/000151944925000005/earningsrelease-ex9914q2024.htm,37c265618669b180cbdd1a0900255e40909eae5e7026a4c2698fc2672dcbdb68,23980,baa300fee452329cf3f83d8ce0e74b48fc41149d534224d4126493cc8f014a88,12000,true,12000,success,2026-07-29T22:20:13.9764414Z
0000708781-26-000028,CASS,708781,cass-20260630xexx991.htm,EX-99.1,https://www.sec.gov/Archives/edgar/data/708781/000070878126000028/cass-20260630xexx991.htm,432c47eced3cfb37f058ac5180d05a3b13eabb8f7a5062a3c333d72db4a94f59,29400,099610fbc20ac3f5c5b16ea9c03cf93470d49612d8a515a6692727917460382c,12000,true,12000,success,2026-07-29T22:20:14.4999071Z
0000108985-26-000013,YORW,108985,exhibit99_1-03032026.htm,EX-99.1,https://www.sec.gov/Archives/edgar/data/108985/000010898526000013/exhibit99_1-03032026.htm,bbf5d16ef77b337ec22a4d9aa32e05e29554ec771496dec734ace5fd1e0c47a5,4142,bbf5d16ef77b337ec22a4d9aa32e05e29554ec771496dec734ace5fd1e0c47a5,4142,false,12000,success,2026-07-29T22:20:15.0248025Z
0001193125-26-234421,FLO,1128928,flo-ex99_1.htm,EX-99.1,https://www.sec.gov/Archives/edgar/data/1128928/000119312526234421/flo-ex99_1.htm,cad780a646eb286ea75f61aff18c356a76257f0d8a7400627f18424f0f49367e,30802,50e540d466b200f9ab8bad5cfab7801c427a96b531f26c3b0ef8989bbb250aa2,12000,true,12000,success,2026-07-29T22:20:15.5350576Z
0000950170-25-098144,HZO,1057060,hzo-ex99_1.htm,EX-99.1,https://www.sec.gov/Archives/edgar/data/1057060/000095017025098144/hzo-ex99_1.htm,616819184bfd73f6a09d730d0af8b883a3a73b08dfa94c81ab52c6bcf11ef00b,21095,97824f5c38af81c76ca77679a7328569c679fff5d943cbd67d91e45506c8d41c,12000,true,12000,success,2026-07-29T22:20:16.0715902Z
0001519449-25-000053,SKWD,1519449,earningsrelease-ex9913q2025.htm,EX-99.1,https://www.sec.gov/Archives/edgar/data/1519449/000151944925000053/earningsrelease-ex9913q2025.htm,5ccc3d9d881370c1cb60d37c6c1547d7714609e388a11fb6ccb5d202ddf4bcc4,21950,6c3777f2dd62016d4d1289293c2a21039bcfc346ef658ed216c052c60b487b57,12000,true,12000,success,2026-07-29T22:20:16.5950166Z
0000057131-26-000006,LZB,57131,fy26q3pressrelease.htm,EX-99.1,https://www.sec.gov/Archives/edgar/data/57131/000005713126000006/fy26q3pressrelease.htm,79b92e755bfd929a304cdfc1ba292385705de07234f900534e73b93da67a8872,28797,3decc0c30961cb3bc563dc0cf5427df0d23dadb3e0e1a6ee34c3ed21fca4509a,12000,true,12000,success,2026-07-29T22:20:17.2116110Z
0000080420-26-000013,POWL,80420,ex991-powlq1xfy2026earning.htm,EX-99.1,https://www.sec.gov/Archives/edgar/data/80420/000008042026000013/ex991-powlq1xfy2026earning.htm,a141aa13ab98c6f6fe6dd949f33f2d031afec7c178cb0a4a691b808cd116b245,11170,a141aa13ab98c6f6fe6dd949f33f2d031afec7c178cb0a4a691b808cd116b245,11170,false,12000,success,2026-07-29T22:20:17.7107571Z
0001437749-26-002719,JJSF,785956,ex_915547.htm,EX-99.1,https://www.sec.gov/Archives/edgar/data/785956/000143774926002719/ex_915547.htm,74cb00acb44b605bcd758f047bb7928be260a2284b80e8a5d840a566c6c5927c,22337,cc450ec2bd27d2aa87a54e169fa17fcdf22b0a034ac85a0641f44b43b3395f23,12000,true,12000,success,2026-07-29T22:20:18.2403840Z
0000805928-26-000004,AXGN,805928,ex991preliminaryearningsre.htm,EX-99.1,https://www.sec.gov/Archives/edgar/data/805928/000080592826000004/ex991preliminaryearningsre.htm,e41f4c5dc9d3f94d5482b4afa9db9b14b9d29ac73a41270b446429fcc7c0b2e3,5913,e41f4c5dc9d3f94d5482b4afa9db9b14b9d29ac73a41270b446429fcc7c0b2e3,5913,false,12000,success,2026-07-29T22:20:18.6055825Z
0001104659-26-054691,NSSC,69633,nssc-20260430xex99d1.htm,EX-99.1,https://www.sec.gov/Archives/edgar/data/69633/000110465926054691/nssc-20260430xex99d1.htm,c20edf0f08c74f7c9c117e79aa94c9585d4da5f573d4af726fa7dcad4a6e42a0,22765,5ad726672ac0915c8819cfbba8b982ab90f8fbb572bbad454e8e99e284946cde,12000,true,12000,success,2026-07-29T22:20:19.1121763Z
0000950170-25-073102,FLO,1128928,flo-ex99_1.htm,EX-99.1,https://www.sec.gov/Archives/edgar/data/1128928/000095017025073102/flo-ex99_1.htm,a58a6cfb9e0d6e0190a97fd03c3e67b6eddb346082ec6e5cb7f960861560be2e,31710,26f4afbea8c0d1c45ea01742c076bdf9071887e246fb97b422f476c87522cdc6,12000,true,12000,success,2026-07-29T22:20:19.6530272Z
0000950170-25-097908,GTY,1052752,gty-ex99_1.htm,EX-99.1,https://www.sec.gov/Archives/edgar/data/1052752/000095017025097908/gty-ex99_1.htm,4c9dc7cd54676af4eb29b018be9faf43ca8bb0790900709a5129e65b9d4abcc9,23699,d01f82dfc740ad01d9470ee848e262b05eb39b72d1849583d045e189742cf91c,12000,true,12000,success,2026-07-29T22:20:20.1596822Z
0001558370-25-011873,AGX,100591,agx-20250904xex99d1.htm,EX-99.1,https://www.sec.gov/Archives/edgar/data/100591/000155837025011873/agx-20250904xex99d1.htm,e7e7044106332ba3acebcfada921f72b7e6aec88ac59b9b1f7dece13976371f6,14979,e996ac4ae53ca431bc18cf5d0ce5dc28d2e1613f40efd03bcf4e36c2b24ea3a1,12000,true,12000,success,2026-07-29T22:20:20.6978644Z
0000950170-25-100228,TMDX,1756262,tmdx-ex99_1.htm,EX-99.1,https://www.sec.gov/Archives/edgar/data/1756262/000095017025100228/tmdx-ex99_1.htm,519dadbfa2496b2dbdb2f476f6690add0a9ee535a225d088b93ecb523fb9a542,13434,cbbe302047855f385594a992684c56e019adb555904461c55574522425dc7712,12000,true,12000,success,2026-07-29T22:20:21.3161551Z
0000950170-25-102370,DEA,1622194,dea-ex99_1.htm,EX-99.1,https://www.sec.gov/Archives/edgar/data/1622194/000095017025102370/dea-ex99_1.htm,e329f64d34f725e5eae9a1fa1d3c4d8814b03e5d54488fef8b89195934a6754e,29956,1bd85aea79e4c810b3091f88afbad2eeddf9ff005c45c5ebe18533428fe9c6f2,12000,true,12000,success,2026-07-29T22:20:21.7031812Z
0001193125-26-101175,KGS,1767042,d84764dex991.htm,EX-99.1,https://www.sec.gov/Archives/edgar/data/1767042/000119312526101175/d84764dex991.htm,4bef568f339b05734d5749551aa41a1733b346b630aca77a7bc2ee871f30d7c0,4367,4bef568f339b05734d5749551aa41a1733b346b630aca77a7bc2ee871f30d7c0,4367,false,12000,success,2026-07-29T22:20:22.2709659Z
0002039852-26-000004,TBBK,1295401,ex99-1.htm,EX-99.1,https://www.sec.gov/Archives/edgar/data/1295401/000203985226000004/ex99-1.htm,c63228eeffe118a7f72aea02b04b4a55817db1ddad181a2f2bd991a996e38ffd,38894,dec2198c097302d694c2bb458fb1487a32832a88c3f6359ebc204f9a52ed20f0,12000,true,12000,success,2026-07-29T22:20:22.7370792Z
0001193125-25-250666,DEA,1622194,dea-ex99_1.htm,EX-99.1,https://www.sec.gov/Archives/edgar/data/1622194/000119312525250666/dea-ex99_1.htm,c09d67f68819e72a1fc500db3d98c9233c776bfd4bc44b16fd27d19769795350,30080,fcc68d6a7ebdf8670ad02879d2246032020fb5ed6544ba3102a0e241874aa2b5,12000,true,12000,success,2026-07-29T22:20:23.2902641Z
0001140361-25-005021,WTTR,1693256,ef20043841_ex99-1.htm,EX-99.1,https://www.sec.gov/Archives/edgar/data/1693256/000114036125005021/ef20043841_ex99-1.htm,da7df0fc2687db959239f79e05ab62455729dff4243a6eebedfc063bbc1b0ddb,53543,f78c835dfc7707f6d52d661225ef726bf55b8936120507499a90840d31c4d712,12000,true,12000,success,2026-07-29T22:20:23.9013471Z
0001304492-26-000009,ATEX,1304492,atex-12312025xpressrelease.htm,EX-99.1,https://www.sec.gov/Archives/edgar/data/1304492/000130449226000009/atex-12312025xpressrelease.htm,2c7e3d198f82c61208760d27ef321c1c6162dfbf04c966442f66adf8d0c0293b,13556,4c9fd36b942dd3b75326281fffd6ef04f9f53eca6ac2d506b93c0e5a74566388,12000,true,12000,success,2026-07-29T22:20:24.3486222Z
0000018230-26-000003,CAT,18230,cat_exx991x4qx2025xearning.htm,EX-99.1,https://www.sec.gov/Archives/edgar/data/18230/000001823026000003/cat_exx991x4qx2025xearning.htm,70f8a85772443e5e7824e4e698728a53b55906442f2f781f344bde3bebd8644f,59787,a27ba3717110d85e72c85133b0b6833d713ffb7ef096db1bca59c6c86cb2b2b7,12000,true,12000,success,2026-07-29T22:20:24.9283067Z
0000805928-25-000062,AXGN,805928,ex991axgnearningsreleaseda.htm,EX-99.1,https://www.sec.gov/Archives/edgar/data/805928/000080592825000062/ex991axgnearningsreleaseda.htm,3511fcd9ad5cd467a0e387fe241a2fb867fd5592cb8a4c9b6c047724c3aed7e1,17323,c76b2fc484786fc4d85e0fb74acf550f06dbafb3817e506926f0bb81bafe60f0,12000,true,12000,success,2026-07-29T22:20:25.4124410Z
0001437749-25-015084,NPK,80172,ex_811060.htm,EX-99.1,https://www.sec.gov/Archives/edgar/data/80172/000143774925015084/ex_811060.htm,0a8d380337107aae52158fbdda2f056815a715c3fe6015ca49d559d6e6743820,3231,0a8d380337107aae52158fbdda2f056815a715c3fe6015ca49d559d6e6743820,3231,false,12000,success,2026-07-29T22:20:25.9366989Z
0001193125-26-022562,AGYS,78749,agys-ex99_1.htm,EX-99.1,https://www.sec.gov/Archives/edgar/data/78749/000119312526022562/agys-ex99_1.htm,0f5dcc2f561d20dd00fa9dc4bde93791af5c99f5ba546dbc47ad42d5942d7053,20692,a0941b57e6d4c6886248401cb44846fe38f3b824664f1c795c34b0c42a22a53f,12000,true,12000,success,2026-07-29T22:20:26.5468834Z
0001140361-26-005834,WTTR,1693256,ef20065909_ex99-1.htm,EX-99.1,https://www.sec.gov/Archives/edgar/data/1693256/000114036126005834/ef20065909_ex99-1.htm,87e68713b9a85e824dc708c462f4573a23b3ae8da9e7a7d2208cd82d12729594,47166,3192e941c491f3666541c0432db2f8b6b994730f823ba28f5db4cbb3f4578506,12000,true,12000,success,2026-07-29T22:20:26.9245684Z
0001622194-26-000014,DEA,1622194,dea-ex99_1.htm,EX-99.1,https://www.sec.gov/Archives/edgar/data/1622194/000162219426000014/dea-ex99_1.htm,ae3acdf652c12c21b36c294e5149f4c4c5c364aff5cc71206596bf3fc93f54e2,24484,a678ca149898741610a9abfe067d5291319d7e339a3108f47f32c6481a40f9ae,12000,true,12000,success,2026-07-29T22:20:27.5396883Z
0001023024-26-000013,ANIP,1023024,anip-20260227xexx991.htm,EX-99.1,https://www.sec.gov/Archives/edgar/data/1023024/000102302426000013/anip-20260227xexx991.htm,57953f332edae8d910ea2492b0ec572d13db940332a24332bccdcc59229aaec9,34703,ed0d62581f48ea650304415c80ba297f07f743e963e7aecee880283a81b4e8e3,12000,true,12000,success,2026-07-29T22:20:27.9958146Z
0001104659-26-047445,TR,98677,tr-20260422xex99d1.htm,EX-99.1,https://www.sec.gov/Archives/edgar/data/98677/000110465926047445/tr-20260422xex99d1.htm,6eccc58bfa3f9fa13b1248b9cd777efc0d07289667d076000e0010031affd0cf,4962,6eccc58bfa3f9fa13b1248b9cd777efc0d07289667d076000e0010031affd0cf,4962,false,12000,success,2026-07-29T22:20:28.4583883Z
0001104659-25-105432,NSSC,69633,nssc-20251030xex99d1.htm,EX-99.1,https://www.sec.gov/Archives/edgar/data/69633/000110465925105432/nssc-20251030xex99d1.htm,f88c56bb158eac99336fd01cb60b1cc2dfbc8af37b7155574b494f48e0f8473d,15781,01dc4336993eae06bf1e6d42dfd186b53b323440d5bb0c619663cdaa00a02141,12000,true,12000,success,2026-07-29T22:20:29.1524271Z
0001193125-26-048756,FLO,1128928,flo-ex99_1.htm,EX-99.1,https://www.sec.gov/Archives/edgar/data/1128928/000119312526048756/flo-ex99_1.htm,86b76ece155d82a6168669d2cc54404806eb1d4ca5ddbaa85cd3f0dd20325429,34572,1d7535dffb977fbdf5b4265a5fd40b9fe63f5afdc65d21a899dc14cd7d97c870,12000,true,12000,success,2026-07-29T22:20:29.7800617Z
0000320193-26-000005,AAPL,320193,a8-kex991q1202612272025.htm,EX-99.1,https://www.sec.gov/Archives/edgar/data/320193/000032019326000005/a8-kex991q1202612272025.htm,7ece425ae4ce2591df1ebbfb0c710038128b162b21f984ae550040a9afc06835,9900,7ece425ae4ce2591df1ebbfb0c710038128b162b21f984ae550040a9afc06835,9900,false,12000,success,2026-07-29T22:20:30.2219473Z
0001493152-25-020804,SHOO,913241,ex99-1.htm,EX-99.1,https://www.sec.gov/Archives/edgar/data/913241/000149315225020804/ex99-1.htm,4266a1692403911e295a88798f67708fa0d334d862b2bd7bd2df032b5ff15a64,19933,c7c03985a0181e60be7c6142deb9ffaa3e873145cee3556b087c9d8a9c1d6aab,12000,true,12000,success,2026-07-29T22:20:30.6252750Z
0000320193-25-000077,AAPL,320193,a8-kex991q4202509272025.htm,EX-99.1,https://www.sec.gov/Archives/edgar/data/320193/000032019325000077/a8-kex991q4202509272025.htm,cef940dd019ceb42c4b46269aefd6739425382ec2cc201207fefdc71e557d7ea,13527,840fd1559e8c5e06965b4d9c74cbfc83a2319afb247231a03a0fd7c250babb57,12000,true,12000,success,2026-07-29T22:20:31.3770764Z
0000048465-26-000018,HRL,48465,hormelearningsreleaseq12026.htm,EX-99,https://www.sec.gov/Archives/edgar/data/48465/000004846526000018/hormelearningsreleaseq12026.htm,be154c3a31a01b6ffbb6c15d94fc5505e017532718253d6bf5bcbb8c05c97cf1,28676,f011e3983dff2ec0e76bc0d502e510c94aa48cb9281e3d0dcf510717b5af9fee,12000,true,12000,success,2026-07-29T22:20:31.6899822Z
0000046250-25-000041,HWKN,46250,hwknex9912026-q1.htm,EX-99.1,https://www.sec.gov/Archives/edgar/data/46250/000004625025000041/hwknex9912026-q1.htm,3e9f4b4e15651b1101fcaf1317fda2640bbd2c3360269f7d99d1cfaf80a835ea,20130,7f2e18c9ecc3604e636d5ce1d0833b917d6db540d77b37b77ad07af485ed4260,12000,true,12000,success,2026-07-29T22:20:32.3307163Z
0000048465-25-000047,HRL,48465,exhibit9918-kx1029.htm,EX-99.1,https://www.sec.gov/Archives/edgar/data/48465/000004846525000047/exhibit9918-kx1029.htm,e494b2da7a8c16d1642c6bedfdf3b35eba082675630fd20a31cb3ec1d84fd068,8758,e494b2da7a8c16d1642c6bedfdf3b35eba082675630fd20a31cb3ec1d84fd068,8758,false,12000,success,2026-07-29T22:20:32.7296348Z
0000200406-26-000076,JNJ,200406,a2026q1exhibit991.htm,EX-99.1,https://www.sec.gov/Archives/edgar/data/200406/000020040626000076/a2026q1exhibit991.htm,280a27060be1482bbac9973d651df33e73b101ca9eed6916420d17a06f8f5d3d,16061,fa1fe57d819875aa58fcb8035f965b11fc9f723a6f5df6cc76d2b251edd2cdc8,12000,true,12000,success,2026-07-29T22:20:33.3626103Z
0000874238-25-000119,STRL,874238,a20250804ex991earningsrele.htm,EX-99.1,https://www.sec.gov/Archives/edgar/data/874238/000087423825000119/a20250804ex991earningsrele.htm,69374f48d3c1e30471446aceff256f9b04018a7e3d50386498bdad1b89bb3a09,33996,f747c8875d4507bebde4279a9dd3525ee1537ceafb326db202ed196be156efd6,12000,true,12000,success,2026-07-29T22:20:33.7872405Z
0001171843-26-002912,SHEN,354963,exh_991.htm,EX-99.1,https://www.sec.gov/Archives/edgar/data/354963/000117184326002912/exh_991.htm,668af8f4765e0a1b8825ebdf4eade4edf65db3278247674cb2d67d37d2f59a85,20998,1ecd4504f393224248ffedc35dd9e09480f27b7aab06643451ede252a01a7c7a,12000,true,12000,success,2026-07-29T22:20:34.3691289Z
0000056978-25-000070,KLIC,56978,ex991liveq32025.htm,EX-99.1,https://www.sec.gov/Archives/edgar/data/56978/000005697825000070/ex991liveq32025.htm,bd9ec6bb8c077c8ebb0374b74cb5fcad7dbb4e190bd9311529204b836d4d52cc,18045,527ef269a5bc4ab5b61409ee65d2dc2c26d6aee22b65a20714de78fbce515991,12000,true,12000,success,2026-07-29T22:20:34.7751561Z
0000200406-25-000110,JNJ,200406,a2025q1exhibit991.htm,EX-99.1,https://www.sec.gov/Archives/edgar/data/200406/000020040625000110/a2025q1exhibit991.htm,ff111036cd14f46e0ef62e82ae1992745e30fca99d08d99ca3ce28dcfb9797ad,16635,1d635332f0f63516b963031af704e4350a78c43d3d7155303035acb75696de83,12000,true,12000,success,2026-07-29T22:20:35.3425644Z
0001421517-25-000047,ERII,1421517,ex991earningsrelease2024-q4.htm,EX-99.1,https://www.sec.gov/Archives/edgar/data/1421517/000142151725000047/ex991earningsrelease2024-q4.htm,00b062abd1b0fa7c0eec996ba12525ca6213638c60560fbe7230cca76bbe35f8,16348,86af09d28592f2ccf670dba4c41bd409929a8c19697f3d681d0f6565efc9a555,12000,true,12000,success,2026-07-29T22:20:35.7919700Z
0001171843-26-001118,SHEN,354963,exh_991.htm,EX-99.1,https://www.sec.gov/Archives/edgar/data/354963/000117184326001118/exh_991.htm,3e5bf7f5df8c02ecbe92d06f03196deac8fe415446d77d2dfc32138d01fb5c95,29544,96764ea9b82fcc22b2f38bbcfda733684d3d76c978a97ab784d48a8f961fff17,12000,true,12000,success,2026-07-29T22:20:36.4446846Z
0000080420-25-000145,POWL,80420,ex991-powlq4xfy2025earning.htm,EX-99.1,https://www.sec.gov/Archives/edgar/data/80420/000008042025000145/ex991-powlq4xfy2025earning.htm,c717043f98c3f8bb0565a4d14052e58d467217f24f53aa21d97ff31f65195abe,12498,ddb19f9da13d6203a2603e9081d4d953b6e43356e77bed85e9d3da251cc726ba,12000,true,12000,success,2026-07-29T22:20:36.9663826Z
0001171843-25-002627,SHEN,354963,exh_991.htm,EX-99.1,https://www.sec.gov/Archives/edgar/data/354963/000117184325002627/exh_991.htm,271e57a0183af2cf65206cfe3dea731d56454d2ffab2f0d684b8352c33baabc7,23758,64e0779031194c96f4a255ba39becd850ba18c205781089feb5b299a46b96a6f,12000,true,12000,success,2026-07-29T22:20:37.4437009Z
0000950170-25-029071,TMDX,1756262,tmdx-ex99_1.htm,EX-99.1,https://www.sec.gov/Archives/edgar/data/1756262/000095017025029071/tmdx-ex99_1.htm,f2e525e86cf6f5148b4bb542fcb3bebdbf4c74213813aa081449cf6020c3331a,14898,09f533d9d0d0171e4ad7717167466f6627923879299a4af0c9e91042c5db64e5,12000,true,12000,success,2026-07-29T22:20:37.8441954Z
0000805928-26-000091,AXGN,805928,ex991axgnearningsreleaseda.htm,EX-99.1,https://www.sec.gov/Archives/edgar/data/805928/000080592826000091/ex991axgnearningsreleaseda.htm,dafb17e4940e2805357f0bd834090fc3ab1a3aeab1de32af2599f18636ed073b,22943,3ab21276e288e1902d6f3728cd3d59e43c0fc94cc3702b273b7df47f86574b79,12000,true,12000,success,2026-07-29T22:20:38.3762860Z
0001104659-26-086127,TR,98677,tr-20260722xex99d1.htm,EX-99.1,https://www.sec.gov/Archives/edgar/data/98677/000110465926086127/tr-20260722xex99d1.htm,254eaea6bb4b9e2a7cfe7880f2ea9ec6f52f4fb2639cfd3c2f012795bdce4ad4,6510,254eaea6bb4b9e2a7cfe7880f2ea9ec6f52f4fb2639cfd3c2f012795bdce4ad4,6510,false,12000,success,2026-07-29T22:20:38.8866216Z
0001171843-26-003066,CLFD,796505,exh_991.htm,EX-99.1,https://www.sec.gov/Archives/edgar/data/796505/000117184326003066/exh_991.htm,2374b4f923972f4fdedb2bad4e6c53e290a9c442ff84e54e3ba9db5400e3b0f7,18986,3a9462123db4e21151b8aae14888ec792f6db0b505528de5ce1883894b7471fc,12000,true,12000,success,2026-07-29T22:20:39.3743008Z
0001304492-25-000023,ATEX,1304492,atex-12312024xpressrelease.htm,EX-99.1,https://www.sec.gov/Archives/edgar/data/1304492/000130449225000023/atex-12312024xpressrelease.htm,6bf4190363dea4d3e49c77219938e63f69fe99897272ccaeab9c1144532ca120,12981,0e25c0d4b18a81dfcc6727cc28f79e6aee28e640a8c75a27b002b30694c56727,12000,true,12000,success,2026-07-29T22:20:39.8789546Z
0001437749-25-032198,BELFB,729580,ex_847275.htm,EX-99.1,https://www.sec.gov/Archives/edgar/data/729580/000143774925032198/ex_847275.htm,299746adcb72d1e2fc87956706a799432ab18426e20b1a54f753f90dd6fd25b7,32611,e901ce66a194eb828da79729931bf8548d648ecac69db79405f96430388eeab2,12000,true,12000,success,2026-07-29T22:20:40.5058677Z
0001193125-26-171882,HZO,1057060,hzo-ex99_1.htm,EX-99.1,https://www.sec.gov/Archives/edgar/data/1057060/000119312526171882/hzo-ex99_1.htm,a64b5ba6e4de76af1100f9433869614b2d0853dab08584b1a851ea191cef41cc,19738,2f95435f6b4ad898b4f7384e2500eb59d604f9569ef65cebbd1d9fdca9770038,12000,true,12000,success,2026-07-29T22:20:41.0651510Z
0001552781-25-000235,WTRG,78128,e25274_ex99-1.htm,EX-99.1,https://www.sec.gov/Archives/edgar/data/78128/000155278125000235/e25274_ex99-1.htm,50f82c708ae5e6b91a310ef2cacf2addcc7e76fae686495b587f38380ce962f2,20081,17edb24ef7dfc24eaaf6e8141f41bcd6992024ea326249f97438c6c42ba8c897,12000,true,12000,success,2026-07-29T22:20:41.5648884Z
0001104659-25-118462,AGX,100591,agx-20251204xex99d1.htm,EX-99.1,https://www.sec.gov/Archives/edgar/data/100591/000110465925118462/agx-20251204xex99d1.htm,7ab4a80c2f7cc32bfb43ddae4b5e71b196ddcf4877e83a6218849832330bd644,13944,2506745e2d397bf7fcafdd65e2b448aca0fdd94434504143e15347dc18810a1e,12000,true,12000,success,2026-07-29T22:20:41.9434851Z
0001519449-26-000005,SKWD,1519449,earningsrelease-ex9914q2025.htm,EX-99.1,https://www.sec.gov/Archives/edgar/data/1519449/000151944926000005/earningsrelease-ex9914q2025.htm,5aaa6f414188ed7a5b6cd964507751726a58a30989d4517d44c1525c517f1b8f,21240,9895998388744b4a04a773bd0fa8e66c340494f004ce499c62ef5200885d1c12,12000,true,12000,success,2026-07-29T22:20:42.4786936Z
0000700923-25-000021,MYRG,700923,myrg-2025430x8kxexx991.htm,EX-99.1,https://www.sec.gov/Archives/edgar/data/700923/000070092325000021/myrg-2025430x8kxexx991.htm,9022c7fbdab8a8cf7e07404064846037a40d1a698687f4b0492d76fd9d404d4d,27394,2c77ee66d26b6a978519457d79c0fa66c6005c5259c4edd6438cdf87f0c0cadd,12000,true,12000,success,2026-07-29T22:20:43.1207988Z
0001654954-25-011494,AEHR,1040470,aehr_ex991.htm,EX-99.1,https://www.sec.gov/Archives/edgar/data/1040470/000165495425011494/aehr_ex991.htm,70ef6dd33c253f0099e77d14260fb84b5ccca8163c6c2d119d043197725f71ec,23063,960a1bd5cb982fd9fbe6bbe63e3d01596d37a1322636b49e250d936cc295f060,12000,true,12000,success,2026-07-29T22:20:43.5485870Z
0001104659-26-035201,AGX,100591,agx-20260326xex99d1.htm,EX-99.1,https://www.sec.gov/Archives/edgar/data/100591/000110465926035201/agx-20260326xex99d1.htm,b04e5b51d2b6a0a9525bee76af8efd68558a735d02ee73e016360e6b99ea9bb6,14130,84d07df0fcd2e6df27dbb7756ed5b0aa6bb1449af057b845abff708230a1744f,12000,true,12000,success,2026-07-29T22:20:44.0364747Z
0001193125-25-279026,HZO,1057060,hzo-ex99_1.htm,EX-99.1,https://www.sec.gov/Archives/edgar/data/1057060/000119312525279026/hzo-ex99_1.htm,03e0f68f669f505ba5724babfaf611ef66804339b71b6f1907074762948934f7,21242,7199ccbae2b932780a07d4e92d82332ba91b1d6d5d59ec12cb55e7010ebbb21a,12000,true,12000,success,2026-07-29T22:20:44.6609727Z
0000046250-25-000056,HWKN,46250,hwknex9912026-q2.htm,EX-99.1,https://www.sec.gov/Archives/edgar/data/46250/000004625025000056/hwknex9912026-q2.htm,4e62a33ba7ab18c40979bb103ed854d86321c866f4f573d7dc398216e485f5d4,20531,17b352f46d8f8b16d58927038997d4ea735adc26d26676833bd7bba8d24514ef,12000,true,12000,success,2026-07-29T22:20:45.0736772Z
0000874238-26-000018,STRL,874238,a20260225ex991earningsrele.htm,EX-99.1,https://www.sec.gov/Archives/edgar/data/874238/000087423826000018/a20260225ex991earningsrele.htm,0d0b831b2e4b711a63d73aba90f0e5ce141104353a8fb464e6d10764413b7847,35991,cb81ce0a91571acbb4b502137952a5d7a65591dda65bb332c08a1594fd4b1895,12000,true,12000,success,2026-07-29T22:20:45.6735502Z
0001171843-26-002569,SFBS,1430723,exh_991.htm,EX-99.1,https://www.sec.gov/Archives/edgar/data/1430723/000117184326002569/exh_991.htm,365c9be78dfa39f36e402339f6f7d9fd62de35d3771a2d4904af00f502b38ce6,33945,91f3dad63f6a6843b24794820eccec55193161dbadaf64e84d66628fbe2ec3a5,12000,true,12000,success,2026-07-29T22:20:46.1227027Z
0000048465-25-000042,HRL,48465,hormelearningsreleaseq32025.htm,EX-99,https://www.sec.gov/Archives/edgar/data/48465/000004846525000042/hormelearningsreleaseq32025.htm,162306a91da384eb214e2dea67fa498e8f21858ae9d938e3befc9fd0bdfaed95,31484,d3a1c56b293522e2b9643b0b89b8cdb1d846e795ffb0bfe2d481d3d243cd07cb,12000,true,12000,success,2026-07-29T22:20:46.7434669Z
0001193125-26-079392,TMDX,1756262,d80286dex991.htm,EX-99.1,https://www.sec.gov/Archives/edgar/data/1756262/000119312526079392/d80286dex991.htm,15caf635d620daa1cfa68eef66a053187b2be1792703e23d2e259c006917f09f,10100,15caf635d620daa1cfa68eef66a053187b2be1792703e23d2e259c006917f09f,10100,false,12000,success,2026-07-29T22:20:47.2546054Z
0000046250-26-000017,HWKN,46250,hwknex9912026-q4.htm,EX-99.1,https://www.sec.gov/Archives/edgar/data/46250/000004625026000017/hwknex9912026-q4.htm,f6b58ec167d8d5c7eb776ac3c9c73eca221f7cbbb5b3e4b2c2e1bf3262ea4ec0,23250,8a63792da76d17364c04b9e47a9d636bafd6902c94c07f5d051b20800bb74e56,12000,true,12000,success,2026-07-29T22:20:47.7918157Z
0001493152-26-020648,UMH,752642,ex99-1.htm,EX-99.1,https://www.sec.gov/Archives/edgar/data/752642/000149315226020648/ex99-1.htm,5d5423d73394a51633958648ae53922828aa893c8d41d30510964893536bd57d,13947,e182b465c5d899b97cdac6141b3da44d8858c3587bd12698bfc6b40ead41c8d7,12000,true,12000,success,2026-07-29T22:20:48.1883930Z
0001403161-25-000077,V,1403161,q42025earningsrelease.htm,EX-99.1,https://www.sec.gov/Archives/edgar/data/1403161/000140316125000077/q42025earningsrelease.htm,fb90bbd0a4c464a23bf713d5f9ceb4087a11d3e81c97ff714e8b4979705d3e47,34192,9273ec62a630dc901e137816d92114ac53e6247340faa12b935a2ef90fc341e9,12000,true,12000,success,2026-07-29T22:20:48.7404592Z
0000200406-26-000002,JNJ,200406,a2025q4exhibit991.htm,EX-99.1,https://www.sec.gov/Archives/edgar/data/200406/000020040626000002/a2025q4exhibit991.htm,8321f3ddfaed073ce8961d2134c6525ceab6664bce256c9edf99ed23ea9a3f19,17475,f49bb124a110046f1117bee48d8a96bc030a3f1b13e63f2827cd875df46d5b78,12000,true,12000,success,2026-07-29T22:20:49.2298050Z
0001171843-25-006767,SHEN,354963,exh_991.htm,EX-99.1,https://www.sec.gov/Archives/edgar/data/354963/000117184325006767/exh_991.htm,5f9a0f0cb5c7df79b4449f1ee39a0baac35b1c93de12242459a1f25044ffb2c4,24048,86fad8f6189817126ffdb81f7523bf638c96b828947fe321e70ff0fd6a1a639c,12000,true,12000,success,2026-07-29T22:20:49.7159446Z
0000105132-26-000026,WDFC,105132,wdfc-20260409xexx991.htm,EX-99.1,https://www.sec.gov/Archives/edgar/data/105132/000010513226000026/wdfc-20260409xexx991.htm,ea50f657808bd184b06c9b4d7327848b0f1cf3fba0ddcc1c1247d7b6a4e8fb99,24253,dd5b7dcf20fca8592de8779979e668b8cf5da42c4484564adfddccc162f10431,12000,true,12000,success,2026-07-29T22:20:50.3307557Z
0001049521-25-000060,MRCY,1049521,a2026q1earningsreleaseex.htm,EX-99.1,https://www.sec.gov/Archives/edgar/data/1049521/000104952125000060/a2026q1earningsreleaseex.htm,6a30be5d2ec17eaf7b09449e92b90a72c36b55f098dc044736223c8be7c4ed54,31872,4721c3dfc6b476c229b7a2652e76b828ed44f723e633ac099d7ae437ed7e9f30,12000,true,12000,success,2026-07-29T22:20:50.8292268Z
0001403161-26-000103,V,1403161,q32026earningsrelease.htm,EX-99.1,https://www.sec.gov/Archives/edgar/data/1403161/000140316126000103/q32026earningsrelease.htm,cd608328e64e7b370fbb0d58cb084f5921071702f417a44566de81dd0b0582de,28995,937ad8a7d8be658d54b0414e9d4f1244a05754a5832ed2d6398522cd96a297b5,12000,true,12000,success,2026-07-29T22:20:51.2578794Z
0000874238-26-000052,STRL,874238,a20260504ex991earningsrele.htm,EX-99.1,https://www.sec.gov/Archives/edgar/data/874238/000087423826000052/a20260504ex991earningsrele.htm,d5d3d947bb6d0a690c973b7c25ff1809117e14040f80acca898638e7334a75bf,25954,cade10c65667f58654b8eed68affdc095eee2f6da07fbef610329cbbc60b59c7,12000,true,12000,success,2026-07-29T22:20:51.7960554Z
0001558370-25-006266,NSSC,69633,nssc-20250502xex99d1.htm,EX-99.1,https://www.sec.gov/Archives/edgar/data/69633/000155837025006266/nssc-20250502xex99d1.htm,64d28af36b6fd52e5d7ab5125c3ffaf05b958a5919b98f7171bae62a13f9960e,18505,27c315f5884068734ad81d2dca1f7fc198532abb8481b9123c359ed4cdebd3a2,12000,true,12000,success,2026-07-29T22:20:52.4251394Z
0001193125-26-206347,TMDX,1756262,tmdx-ex99_1.htm,EX-99.1,https://www.sec.gov/Archives/edgar/data/1756262/000119312526206347/tmdx-ex99_1.htm,3d752c808caa1c7ed1c748b9fbbb81ab54a19ffc92e9e355aa01582971cef9c7,20794,c943190c9eda0e6d8b598508b8e02b5c181c4a2bf3e77f5b880993edb6f1d9ee,12000,true,12000,success,2026-07-29T22:20:52.8717717Z
0001171843-25-004580,SFBS,1430723,exh_991.htm,EX-99.1,https://www.sec.gov/Archives/edgar/data/1430723/000117184325004580/exh_991.htm,e741455b5b11c92410055b11cc3ad7d6b837a2c5336f14d8d4fb1d87bdca2153,40643,72d9806483246054a6a37270a735830c152f841afaecbd45a21ecac648ab3e93,12000,true,12000,success,2026-07-29T22:20:53.3447753Z
0001519449-25-000019,SKWD,1519449,earningsrelease-ex9911q2025.htm,EX-99.1,https://www.sec.gov/Archives/edgar/data/1519449/000151944925000019/earningsrelease-ex9911q2025.htm,887a53c117aba7df1efc1c7cbd32b36115906ee1b41ac184dc21b1057d1f61c7,19666,31696f60cffaad1de5a0ff48a9a51061f3cde76b76d5e91066ecadf7286715af,12000,true,12000,success,2026-07-29T22:20:53.9464948Z
0001104659-25-020404,CYRX,1124524,tm258273d1_ex99-1.htm,EX-99.1,https://www.sec.gov/Archives/edgar/data/1124524/000110465925020404/tm258273d1_ex99-1.htm,f96b3678ed4031b8a02a2e6ff2bf278bed9f781d746cc4256f6a3ee741048066,25991,41c5e5c4de7ba8b455477041370b1841f1b70559e2c721a69777d6f6717e0e8c,12000,true,12000,success,2026-07-29T22:20:54.4401159Z
0001628280-26-029125,IRMD,1325618,irmd-20251103xexx991.htm,EX-99.1,https://www.sec.gov/Archives/edgar/data/1325618/000162828026029125/irmd-20251103xexx991.htm,5df18b752ce70d40be8aeac4450771f6591a39cd79e8e270f30a3c18fb2ce977,23190,ad849a50fb4673c400d9e9368e4c673913a81bcae5094d0530e70f14c8d59358,12000,true,12000,success,2026-07-29T22:20:54.8953124Z
0001680247-26-000024,PUMP,1680247,ex991bearningsreleasefou.htm,EX-99.1,https://www.sec.gov/Archives/edgar/data/1680247/000168024726000024/ex991bearningsreleasefou.htm,eb6ea1d9d18068e4dc0797e51d8e941425c8e09fbd30be2b9987a7f6a463ef30,38386,5f36e427939d16c73c6962178f21007020b8d72eaaf67c5fb922c60eeb032e76,12000,true,12000,success,2026-07-29T22:20:55.3537985Z
0001030469-26-000034,OFG,1030469,ofg-20262qexx99.htm,EX-99,https://www.sec.gov/Archives/edgar/data/1030469/000103046926000034/ofg-20262qexx99.htm,db62dc4336889aa8b931511b71a7a1ff534f7a54be07eb7bd1e695b44b0629fb,47331,d3f9a96522f3a08750e8414930a44941aa46d4d382a4fb3c84995c23b45c18e3,12000,true,12000,success,2026-07-29T22:20:55.8584379Z
0001171843-25-002338,SFBS,1430723,exh_991.htm,EX-99.1,https://www.sec.gov/Archives/edgar/data/1430723/000117184325002338/exh_991.htm,1ddd7d857375f928950d540f5ca701977cd9bce969b12ef4eb318beffc952b0c,39128,2edaf228f304a6ee6bdeafe3e6a356bf08b8867d04d2418aeb90fa6f8a4ea0c6,12000,true,12000,success,2026-07-29T22:20:56.5121300Z
0000950170-25-057674,HZO,1057060,hzo-ex99_1.htm,EX-99.1,https://www.sec.gov/Archives/edgar/data/1057060/000095017025057674/hzo-ex99_1.htm,fdf0e0c0e46b40f848de28d817bf46db45f52734b628d0c7825fb69bddf74125,20861,3d7bade0ae9fa035dd515f12306c1b02dee9f9e8de69c3516bd8492a241501a0,12000,true,12000,success,2026-07-29T22:20:56.9143697Z
