"candidateId","literal","concept","rowKind","accession","ticker","labeled","hasConcept","anyBreak","v1Hit","matched"
"acq-01","acquisition","acquisition-divestiture-perimeter","primary","0000018230-25-000013","CAT","True","True","True","True","acquisition"
"acq-01","acquisition","acquisition-divestiture-perimeter","primary","0000018230-25-000037","CAT","True","True","True","True","acquisition"
"acq-01","acquisition","acquisition-divestiture-perimeter","primary","0000018230-25-000043","CAT","True","False","True","True","acquisition"
"acq-01","acquisition","acquisition-divestiture-perimeter","primary","0000018230-26-000003","CAT","False","","","True","acquisition"
"acq-01","acquisition","acquisition-divestiture-perimeter","primary","0000018230-26-000017","CAT","True","False","False","True","acquisition"
"acq-01","acquisition","acquisition-divestiture-perimeter","primary","0000046250-25-000024","HWKN","True","True","True","True","acquisition"
"acq-01","acquisition","acquisition-divestiture-perimeter","primary","0000046250-25-000041","HWKN","True","True","True","True","acquisition"
"acq-01","acquisition","acquisition-divestiture-perimeter","primary","0000046250-25-000056","HWKN","True","True","True","True","acquisition"
"acq-01","acquisition","acquisition-divestiture-perimeter","primary","0000046250-26-000004","HWKN","True","True","True","True","acquisition"
"acq-01","acquisition","acquisition-divestiture-perimeter","primary","0000046250-26-000017","HWKN","False","","","True","acquisition"
"acq-01","acquisition","acquisition-divestiture-perimeter","primary","0000048465-25-000005","HRL","True","True","True","True","acquisition"
"acq-01","acquisition","acquisition-divestiture-perimeter","primary","0000048465-25-000035","HRL","True","True","True","True","acquisition"
"acq-01","acquisition","acquisition-divestiture-perimeter","primary","0000048465-25-000042","HRL","False","","","True","acquisition"
"acq-01","acquisition","acquisition-divestiture-perimeter","primary","0000056978-25-000054","KLIC","False","","","True","acquisition"
"acq-01","acquisition","acquisition-divestiture-perimeter","primary","0000056978-25-000070","KLIC","False","","","True","acquisition"
"acq-01","acquisition","acquisition-divestiture-perimeter","primary","0000056978-25-000078","KLIC","True","False","True","True","acquisition"
"acq-01","acquisition","acquisition-divestiture-perimeter","primary","0000056978-26-000010","KLIC","True","False","True","True","acquisition"
"acq-01","acquisition","acquisition-divestiture-perimeter","primary","0000056978-26-000018","KLIC","True","False","True","True","acquisition"
"acq-01","acquisition","acquisition-divestiture-perimeter","primary","0000057131-25-000016","LZB","True","True","True","True","acquisition"
"acq-01","acquisition","acquisition-divestiture-perimeter","primary","0000057131-25-000028","LZB","True","True","True","True","acquisition"
"acq-01","acquisition","acquisition-divestiture-perimeter","primary","0000057131-25-000080","LZB","True","True","True","True","acquisition"
"acq-01","acquisition","acquisition-divestiture-perimeter","primary","0000057131-25-000096","LZB","True","True","True","True","acquisition"
"acq-01","acquisition","acquisition-divestiture-perimeter","primary","0000057131-26-000006","LZB","True","True","True","True","acquisition"
"acq-01","acquisition","acquisition-divestiture-perimeter","primary","0000057131-26-000018","LZB","True","True","True","True","acquisition"
"acq-01","acquisition","acquisition-divestiture-perimeter","primary","0000080420-25-000095","POWL","True","True","False","False","acquisition"
"acq-01","acquisition","acquisition-divestiture-perimeter","primary","0000080420-25-000145","POWL","True","True","False","False","acquisition"
"acq-01","acquisition","acquisition-divestiture-perimeter","primary","0000093410-25-000016","CVX","True","False","True","True","acquisition"
"acq-01","acquisition","acquisition-divestiture-perimeter","primary","0000093410-25-000058","CVX","True","True","True","True","acquisition"
"acq-01","acquisition","acquisition-divestiture-perimeter","primary","0000093410-25-000103","CVX","False","","","True","acquisition"
"acq-01","acquisition","acquisition-divestiture-perimeter","primary","0000093410-26-000019","CVX","True","True","True","True","acquisition"
"acq-01","acquisition","acquisition-divestiture-perimeter","primary","0000093410-26-000110","CVX","True","True","True","True","acquisition"
"acq-01","acquisition","acquisition-divestiture-perimeter","primary","0000105132-25-000013","WDFC","True","True","True","True","acquisition"
"acq-01","acquisition","acquisition-divestiture-perimeter","primary","0000105132-25-000023","WDFC","True","True","False","True","acquisition"
"acq-01","acquisition","acquisition-divestiture-perimeter","primary","0000105132-25-000061","WDFC","True","True","True","True","acquisition"
"acq-01","acquisition","acquisition-divestiture-perimeter","primary","0000108985-26-000013","YORW","False","","","True","acquisition"
"acq-01","acquisition","acquisition-divestiture-perimeter","primary","0000108985-26-000040","YORW","True","True","True","False","acquisition"
"acq-01","acquisition","acquisition-divestiture-perimeter","primary","0000200406-25-000110","JNJ","False","","","True","acquisition"
"acq-01","acquisition","acquisition-divestiture-perimeter","primary","0000200406-25-000170","JNJ","True","True","True","True","acquisition"
"acq-01","acquisition","acquisition-divestiture-perimeter","primary","0000200406-25-000201","JNJ","True","True","True","True","acquisition"
"acq-01","acquisition","acquisition-divestiture-perimeter","primary","0000200406-26-000002","JNJ","False","","","True","acquisition"
"acq-01","acquisition","acquisition-divestiture-perimeter","primary","0000200406-26-000076","JNJ","True","True","True","True","acquisition"
"acq-01","acquisition","acquisition-divestiture-perimeter","primary","0000200406-26-000146","JNJ","True","True","True","True","acquisition"
"acq-01","acquisition","acquisition-divestiture-perimeter","primary","0000320193-25-000055","AAPL","True","False","False","False","acquisition"
"acq-01","acquisition","acquisition-divestiture-perimeter","primary","0000320193-25-000071","AAPL","True","False","False","False","acquisition"
"acq-01","acquisition","acquisition-divestiture-perimeter","primary","0000320193-25-000077","AAPL","True","False","True","True","acquisition"
"acq-01","acquisition","acquisition-divestiture-perimeter","primary","0000320193-26-000005","AAPL","True","False","False","False","acquisition"
"acq-01","acquisition","acquisition-divestiture-perimeter","primary","0000320193-26-000011","AAPL","True","False","False","False","acquisition"
"acq-01","acquisition","acquisition-divestiture-perimeter","primary","0000700923-25-000005","MYRG","True","True","True","True","acquisition"
"acq-01","acquisition","acquisition-divestiture-perimeter","primary","0000700923-25-000021","MYRG","True","True","True","True","acquisition"
"acq-01","acquisition","acquisition-divestiture-perimeter","primary","0000700923-25-000028","MYRG","True","True","True","True","acquisition"
"acq-01","acquisition","acquisition-divestiture-perimeter","primary","0000700923-25-000042","MYRG","True","True","True","True","acquisition"
"acq-01","acquisition","acquisition-divestiture-perimeter","primary","0000700923-26-000006","MYRG","True","True","True","True","acquisition"
"acq-01","acquisition","acquisition-divestiture-perimeter","primary","0000708781-26-000020","CASS","True","False","True","True","acquisition"
"acq-01","acquisition","acquisition-divestiture-perimeter","primary","0000708781-26-000028","CASS","True","False","True","True","acquisition"
"acq-01","acquisition","acquisition-divestiture-perimeter","primary","0000854775-26-000004","DGII","True","True","True","True","acquisition"
"acq-01","acquisition","acquisition-divestiture-perimeter","primary","0000854775-26-000016","DGII","True","True","True","True","acquisition"
"acq-01","acquisition","acquisition-divestiture-perimeter","primary","0000856982-26-000007","MMSI","True","True","True","True","acquisition"
"acq-01","acquisition","acquisition-divestiture-perimeter","primary","0000856982-26-000023","MMSI","True","True","True","True","acquisition"
"acq-01","acquisition","acquisition-divestiture-perimeter","primary","0000874238-25-000119","STRL","True","True","True","False","acquisition"
"acq-01","acquisition","acquisition-divestiture-perimeter","primary","0000874238-25-000133","STRL","True","True","True","False","acquisition"
"acq-01","acquisition","acquisition-divestiture-perimeter","primary","0000874238-26-000018","STRL","True","True","True","True","acquisition"
"acq-01","acquisition","acquisition-divestiture-perimeter","primary","0000874238-26-000052","STRL","True","True","True","False","acquisition"
"acq-01","acquisition","acquisition-divestiture-perimeter","primary","0000921582-25-000005","IMAX","True","False","False","True","acquisition"
"acq-01","acquisition","acquisition-divestiture-perimeter","primary","0000921582-25-000022","IMAX","True","False","True","True","acquisition"
"acq-01","acquisition","acquisition-divestiture-perimeter","primary","0000921582-25-000064","IMAX","True","False","True","True","acquisition"
"acq-01","acquisition","acquisition-divestiture-perimeter","primary","0000950170-25-026058","DEA","True","True","True","True","acquisition"
"acq-01","acquisition","acquisition-divestiture-perimeter","primary","0000950170-25-029071","TMDX","True","False","False","False","acquisition"
"acq-01","acquisition","acquisition-divestiture-perimeter","primary","0000950170-25-057490","GTY","True","True","True","True","acquisition"
"acq-01","acquisition","acquisition-divestiture-perimeter","primary","0000950170-25-057674","HZO","False","","","True","acquisition"
"acq-01","acquisition","acquisition-divestiture-perimeter","primary","0000950170-25-059541","DEA","False","","","True","acquisition"
"acq-01","acquisition","acquisition-divestiture-perimeter","primary","0000950170-25-064564","HLIO","True","False","True","True","acquisition"
"acq-01","acquisition","acquisition-divestiture-perimeter","primary","0000950170-25-066916","TMDX","True","False","False","False","acquisition"
"acq-01","acquisition","acquisition-divestiture-perimeter","primary","0000950170-25-073102","FLO","False","","","True","acquisition"
"acq-01","acquisition","acquisition-divestiture-perimeter","primary","0000950170-25-074348","AGYS","True","True","True","True","acquisition"
"acq-01","acquisition","acquisition-divestiture-perimeter","primary","0000950170-25-097908","GTY","True","True","True","True","acquisition"
"acq-01","acquisition","acquisition-divestiture-perimeter","primary","0000950170-25-098144","HZO","False","","","True","acquisition"
"acq-01","acquisition","acquisition-divestiture-perimeter","primary","0000950170-25-100228","TMDX","True","False","False","False","acquisition"
"acq-01","acquisition","acquisition-divestiture-perimeter","primary","0000950170-25-102060","HLIO","True","True","False","True","acquisition"
"acq-01","acquisition","acquisition-divestiture-perimeter","primary","0000950170-25-102370","DEA","True","True","True","True","acquisition"
"acq-01","acquisition","acquisition-divestiture-perimeter","primary","0001022408-26-000017","PLUS","True","True","True","True","acquisition"
"acq-01","acquisition","acquisition-divestiture-perimeter","primary","0001023024-26-000013","ANIP","True","True","True","True","acquisition"
"acq-01","acquisition","acquisition-divestiture-perimeter","primary","0001023024-26-000049","ANIP","True","False","True","True","acquisition"
"acq-01","acquisition","acquisition-divestiture-perimeter","primary","0001030469-25-000047","OFG","True","False","True","False","acquisition"
"acq-01","acquisition","acquisition-divestiture-perimeter","primary","0001030469-26-000004","OFG","True","True","True","True","acquisition"
"acq-01","acquisition","acquisition-divestiture-perimeter","primary","0001049521-25-000014","MRCY","True","False","False","True","acquisition"
"acq-01","acquisition","acquisition-divestiture-perimeter","primary","0001049521-25-000022","MRCY","True","False","False","True","acquisition"
"acq-01","acquisition","acquisition-divestiture-perimeter","primary","0001049521-25-000060","MRCY","False","","","True","acquisition"
"acq-01","acquisition","acquisition-divestiture-perimeter","primary","0001049521-26-000004","MRCY","True","False","False","True","acquisition"
"acq-01","acquisition","acquisition-divestiture-perimeter","primary","0001049521-26-000021","MRCY","True","False","False","True","acquisition"
"acq-01","acquisition","acquisition-divestiture-perimeter","primary","0001104659-25-020404","CYRX","False","","","True","acquisition"
"acq-01","acquisition","acquisition-divestiture-perimeter","primary","0001104659-25-045557","CYRX","True","True","True","True","acquisition"
"acq-01","acquisition","acquisition-divestiture-perimeter","primary","0001104659-25-074314","CYRX","True","True","True","True","acquisition"
"acq-01","acquisition","acquisition-divestiture-perimeter","primary","0001104659-25-106421","CYRX","True","True","True","True","acquisition"
"acq-01","acquisition","acquisition-divestiture-perimeter","primary","0001104659-25-109314","WTTR","True","True","True","True","acquisition"
"acq-01","acquisition","acquisition-divestiture-perimeter","primary","0001104659-26-012356","IRMD","True","False","False","False","acquisition"
"acq-01","acquisition","acquisition-divestiture-perimeter","primary","0001104659-26-022940","CYRX","True","True","True","True","acquisition"
"acq-01","acquisition","acquisition-divestiture-perimeter","primary","0001104659-26-054942","CYRX","True","True","True","True","acquisition"
"acq-01","acquisition","acquisition-divestiture-perimeter","primary","0001140361-25-005021","WTTR","True","True","True","True","acquisition"
"acq-01","acquisition","acquisition-divestiture-perimeter","primary","0001140361-25-017561","WTTR","True","True","True","True","acquisition"
"acq-01","acquisition","acquisition-divestiture-perimeter","primary","0001140361-25-028927","WTTR","True","True","True","True","acquisition"
"acq-01","acquisition","acquisition-divestiture-perimeter","primary","0001140361-26-005834","WTTR","True","True","True","True","acquisition"
"acq-01","acquisition","acquisition-divestiture-perimeter","primary","0001140361-26-019129","WTTR","True","True","True","True","acquisition"
"acq-01","acquisition","acquisition-divestiture-perimeter","primary","0001140361-26-023148","PLUS","True","True","True","True","acquisition"
"acq-01","acquisition","acquisition-divestiture-perimeter","primary","0001169561-25-000030","CVLT","True","True","True","True","acquisition"
"acq-01","acquisition","acquisition-divestiture-perimeter","primary","0001169561-25-000066","CVLT","True","True","False","True","acquisition"
"acq-01","acquisition","acquisition-divestiture-perimeter","primary","0001169561-25-000083","CVLT","True","True","True","True","acquisition"
"acq-01","acquisition","acquisition-divestiture-perimeter","primary","0001169561-26-000003","CVLT","True","False","True","True","acquisition"
"acq-01","acquisition","acquisition-divestiture-perimeter","primary","0001169561-26-000013","CVLT","True","True","True","True","acquisition"
"acq-01","acquisition","acquisition-divestiture-perimeter","primary","0001169561-26-000020","CVLT","True","False","True","True","acquisition"
"acq-01","acquisition","acquisition-divestiture-perimeter","primary","0001171843-25-000948","SHEN","False","","","True","acquisition"
"acq-01","acquisition","acquisition-divestiture-perimeter","primary","0001171843-25-002338","SFBS","True","False","True","True","acquisition"
"acq-01","acquisition","acquisition-divestiture-perimeter","primary","0001171843-25-002627","SHEN","False","","","True","acquisition"
"acq-01","acquisition","acquisition-divestiture-perimeter","primary","0001171843-25-002859","UFPT","True","True","True","False","acquisition"
"acq-01","acquisition","acquisition-divestiture-perimeter","primary","0001171843-25-004580","SFBS","True","False","True","True","acquisition"
"acq-01","acquisition","acquisition-divestiture-perimeter","primary","0001171843-25-004919","SHEN","True","True","True","True","acquisition"
"acq-01","acquisition","acquisition-divestiture-perimeter","primary","0001171843-25-005027","UFPT","True","True","True","False","acquisition"
"acq-01","acquisition","acquisition-divestiture-perimeter","primary","0001171843-25-006529","SFBS","True","False","True","True","acquisition"
"acq-01","acquisition","acquisition-divestiture-perimeter","primary","0001171843-25-006767","SHEN","False","","","True","acquisition"
"acq-01","acquisition","acquisition-divestiture-perimeter","primary","0001171843-26-000344","SFBS","True","False","True","True","acquisition"
"acq-01","acquisition","acquisition-divestiture-perimeter","primary","0001171843-26-000624","CLFD","True","True","True","True","acquisition"
"acq-01","acquisition","acquisition-divestiture-perimeter","primary","0001171843-26-001118","SHEN","False","","","True","acquisition"
"acq-01","acquisition","acquisition-divestiture-perimeter","primary","0001171843-26-002569","SFBS","True","False","False","True","acquisition"
"acq-01","acquisition","acquisition-divestiture-perimeter","primary","0001171843-26-002912","SHEN","False","","","True","acquisition"
"acq-01","acquisition","acquisition-divestiture-perimeter","primary","0001171843-26-003066","CLFD","False","","","True","acquisition"
"acq-01","acquisition","acquisition-divestiture-perimeter","primary","0001171843-26-004772","SFBS","True","False","True","True","acquisition"
"acq-01","acquisition","acquisition-divestiture-perimeter","primary","0001171843-26-004973","SHEN","False","","","True","acquisition"
"acq-01","acquisition","acquisition-divestiture-perimeter","primary","0001193125-25-181264","FLO","True","True","True","True","acquisition"
"acq-01","acquisition","acquisition-divestiture-perimeter","primary","0001193125-25-246857","GTY","True","True","True","True","acquisition"
"acq-01","acquisition","acquisition-divestiture-perimeter","primary","0001193125-25-250666","DEA","True","True","True","True","acquisition"
"acq-01","acquisition","acquisition-divestiture-perimeter","primary","0001193125-25-256326","TMDX","True","False","False","False","acquisition"
"acq-01","acquisition","acquisition-divestiture-perimeter","primary","0001193125-25-262948","HLIO","True","True","True","True","acquisition"
"acq-01","acquisition","acquisition-divestiture-perimeter","primary","0001193125-25-269692","FLO","True","True","True","True","acquisition"
"acq-01","acquisition","acquisition-divestiture-perimeter","primary","0001193125-25-279026","HZO","False","","","True","acquisition"
"acq-01","acquisition","acquisition-divestiture-perimeter","primary","0001193125-26-028226","HZO","False","","","False","acquisition"
"acq-01","acquisition","acquisition-divestiture-perimeter","primary","0001193125-26-046585","PLMR","True","True","True","False","acquisition"
"acq-01","acquisition","acquisition-divestiture-perimeter","primary","0001193125-26-046677","GTY","True","True","True","True","acquisition"
"acq-01","acquisition","acquisition-divestiture-perimeter","primary","0001193125-26-048756","FLO","False","","","True","acquisition"
"acq-01","acquisition","acquisition-divestiture-perimeter","primary","0001193125-26-055921","IOSP","True","False","True","True","acquisition"
"acq-01","acquisition","acquisition-divestiture-perimeter","primary","0001193125-26-062369","DEA","False","","","True","acquisition"
"acq-01","acquisition","acquisition-divestiture-perimeter","primary","0001193125-26-066953","TMDX","True","False","True","True","acquisition"
"acq-01","acquisition","acquisition-divestiture-perimeter","primary","0001193125-26-079392","TMDX","False","","","False","acquisition"
"acq-01","acquisition","acquisition-divestiture-perimeter","primary","0001193125-26-085812","HLIO","True","True","True","True","acquisition"
"acq-01","acquisition","acquisition-divestiture-perimeter","primary","0001193125-26-101175","KGS","False","","","False","acquisition"
"acq-01","acquisition","acquisition-divestiture-perimeter","primary","0001193125-26-170614","GTY","True","True","True","True","acquisition"
"acq-01","acquisition","acquisition-divestiture-perimeter","primary","0001193125-26-171882","HZO","False","","","True","acquisition"
"acq-01","acquisition","acquisition-divestiture-perimeter","primary","0001193125-26-206347","TMDX","False","","","True","acquisition"
"acq-01","acquisition","acquisition-divestiture-perimeter","primary","0001193125-26-209013","PLMR","True","True","True","False","acquisition"
"acq-01","acquisition","acquisition-divestiture-perimeter","primary","0001193125-26-213160","IOSP","True","False","True","False","acquisition"
"acq-01","acquisition","acquisition-divestiture-perimeter","primary","0001193125-26-217028","HLIO","True","True","True","True","acquisition"
"acq-01","acquisition","acquisition-divestiture-perimeter","primary","0001193125-26-234421","FLO","False","","","True","acquisition"
"acq-01","acquisition","acquisition-divestiture-perimeter","primary","0001193125-26-312471","GTY","True","True","True","True","acquisition"
"acq-01","acquisition","acquisition-divestiture-perimeter","primary","0001193125-26-313363","HZO","True","False","True","True","acquisition"
"acq-01","acquisition","acquisition-divestiture-perimeter","primary","0001403161-25-000051","V","True","True","True","True","acquisition"
"acq-01","acquisition","acquisition-divestiture-perimeter","primary","0001403161-25-000077","V","True","True","True","True","acquisition"
"acq-01","acquisition","acquisition-divestiture-perimeter","primary","0001403161-26-000044","V","True","True","True","True","acquisition"
"acq-01","acquisition","acquisition-divestiture-perimeter","primary","0001403161-26-000077","V","True","True","True","True","acquisition"
"acq-01","acquisition","acquisition-divestiture-perimeter","primary","0001403161-26-000103","V","True","True","True","True","acquisition"
"acq-01","acquisition","acquisition-divestiture-perimeter","primary","0001437749-25-004235","BELFB","False","","","True","acquisition"
"acq-01","acquisition","acquisition-divestiture-perimeter","primary","0001437749-25-012997","BELFB","False","","","True","acquisition"
"acq-01","acquisition","acquisition-divestiture-perimeter","primary","0001437749-25-023426","BELFB","True","True","True","True","acquisition"
"acq-01","acquisition","acquisition-divestiture-perimeter","primary","0001437749-25-032198","BELFB","True","True","True","True","acquisition"
"acq-01","acquisition","acquisition-divestiture-perimeter","primary","0001437749-26-002719","JJSF","False","","","True","acquisition"
"acq-01","acquisition","acquisition-divestiture-perimeter","primary","0001437749-26-004366","BELFB","False","","","True","acquisition"
"acq-01","acquisition","acquisition-divestiture-perimeter","primary","0001437749-26-013888","BELFB","True","True","True","True","acquisition"
"acq-01","acquisition","acquisition-divestiture-perimeter","primary","0001437749-26-015010","JJSF","True","False","True","True","acquisition"
"acq-01","acquisition","acquisition-divestiture-perimeter","primary","0001437749-26-019382","IDT","True","True","False","True","acquisition"
"acq-01","acquisition","acquisition-divestiture-perimeter","primary","0001493152-25-008267","SHOO","True","True","True","True","acquisition"
"acq-01","acquisition","acquisition-divestiture-perimeter","primary","0001493152-25-011490","SHOO","True","True","True","True","acquisition"
"acq-01","acquisition","acquisition-divestiture-perimeter","primary","0001493152-25-020615","UMH","True","True","True","True","acquisition"
"acq-01","acquisition","acquisition-divestiture-perimeter","primary","0001493152-25-020804","SHOO","False","","","True","acquisition"
"acq-01","acquisition","acquisition-divestiture-perimeter","primary","0001493152-26-007955","SHOO","True","True","True","True","acquisition"
"acq-01","acquisition","acquisition-divestiture-perimeter","primary","0001493152-26-008051","UMH","True","True","True","True","acquisition"
"acq-01","acquisition","acquisition-divestiture-perimeter","primary","0001493152-26-009545","IDT","True","False","False","True","acquisition"
"acq-01","acquisition","acquisition-divestiture-perimeter","primary","0001493152-26-020648","UMH","False","","","True","acquisition"
"acq-01","acquisition","acquisition-divestiture-perimeter","primary","0001493152-26-021398","SHOO","True","True","True","True","acquisition"
"acq-01","acquisition","acquisition-divestiture-perimeter","primary","0001519449-25-000005","SKWD","True","True","True","True","acquisition"
"acq-01","acquisition","acquisition-divestiture-perimeter","primary","0001519449-25-000019","SKWD","True","False","False","True","acquisition"
"acq-01","acquisition","acquisition-divestiture-perimeter","primary","0001519449-25-000033","SKWD","True","False","True","True","acquisition"
"acq-01","acquisition","acquisition-divestiture-perimeter","primary","0001519449-25-000053","SKWD","True","True","True","True","acquisition"
"acq-01","acquisition","acquisition-divestiture-perimeter","primary","0001519449-26-000005","SKWD","True","True","True","True","acquisition"
"acq-01","acquisition","acquisition-divestiture-perimeter","primary","0001519449-26-000032","SKWD","False","","","True","acquisition"
"acq-01","acquisition","acquisition-divestiture-perimeter","primary","0001552781-25-000041","WTRG","True","True","True","True","acquisition"
"acq-01","acquisition","acquisition-divestiture-perimeter","primary","0001552781-25-000176","WTRG","True","True","True","False","acquisition"
"acq-01","acquisition","acquisition-divestiture-perimeter","primary","0001552781-25-000235","WTRG","True","True","True","True","acquisition"
"acq-01","acquisition","acquisition-divestiture-perimeter","primary","0001552781-25-000394","WTRG","True","True","True","True","acquisition"
"acq-01","acquisition","acquisition-divestiture-perimeter","primary","0001552781-26-000071","WTRG","False","","","True","acquisition"
"acq-01","acquisition","acquisition-divestiture-perimeter","primary","0001552781-26-000307","WTRG","True","True","True","True","acquisition"
"acq-01","acquisition","acquisition-divestiture-perimeter","primary","0001562762-26-000044","CALM","False","","","False","acquisition"
"acq-01","acquisition","acquisition-divestiture-perimeter","primary","0001562762-26-000078","CALM","True","True","True","False","acquisition"
"acq-01","acquisition","acquisition-divestiture-perimeter","primary","0001622194-26-000014","DEA","True","True","True","True","acquisition"
"acq-01","acquisition","acquisition-divestiture-perimeter","primary","0001628280-25-045977","IMAX","True","False","False","True","acquisition"
"acq-01","acquisition","acquisition-divestiture-perimeter","primary","0001628280-25-048260","UFPT","True","True","True","False","acquisition"
"acq-01","acquisition","acquisition-divestiture-perimeter","primary","0001628280-26-009722","MSEX","True","False","True","True","acquisition"
"acq-01","acquisition","acquisition-divestiture-perimeter","primary","0001628280-26-010689","KWR","True","True","True","True","acquisition"
"acq-01","acquisition","acquisition-divestiture-perimeter","primary","0001628280-26-011150","UFPT","True","True","True","False","acquisition"
"acq-01","acquisition","acquisition-divestiture-perimeter","primary","0001628280-26-011693","IMAX","True","False","True","True","acquisition"
"acq-01","acquisition","acquisition-divestiture-perimeter","primary","0001628280-26-028907","IMAX","True","False","True","True","acquisition"
"acq-01","acquisition","acquisition-divestiture-perimeter","primary","0001628280-26-028945","KWR","False","","","True","acquisition"
"acq-01","acquisition","acquisition-divestiture-perimeter","primary","0001628280-26-029125","IRMD","True","False","False","False","acquisition"
"acq-01","acquisition","acquisition-divestiture-perimeter","primary","0001628280-26-029906","UFPT","True","True","True","False","acquisition"
"acq-01","acquisition","acquisition-divestiture-perimeter","primary","0001628280-26-049290","IMAX","True","False","False","True","acquisition"
"acq-01","acquisition","acquisition-divestiture-perimeter","primary","0001641172-25-008949","SHOO","True","True","True","True","acquisition"
"acq-01","acquisition","acquisition-divestiture-perimeter","primary","0001654954-25-004020","AEHR","True","True","True","False","acquisition"
"acq-01","acquisition","acquisition-divestiture-perimeter","primary","0001654954-25-007859","AEHR","False","","","True","acquisition"
"acq-01","acquisition","acquisition-divestiture-perimeter","primary","0001654954-25-011494","AEHR","False","","","True","acquisition"
"acq-01","acquisition","acquisition-divestiture-perimeter","primary","0001654954-26-000197","AEHR","True","True","True","False","acquisition"
"acq-01","acquisition","acquisition-divestiture-perimeter","primary","0001654954-26-003310","AEHR","False","","","False","acquisition"
"acq-01","acquisition","acquisition-divestiture-perimeter","primary","0001654954-26-006655","AEHR","True","True","True","True","acquisition"
"acq-01","acquisition","acquisition-divestiture-perimeter","primary","0001673985-26-000004","ASIX","True","False","True","True","acquisition"
"acq-01","acquisition","acquisition-divestiture-perimeter","primary","0001673985-26-000033","ASIX","True","False","True","True","acquisition"
"acq-01","acquisition","acquisition-divestiture-perimeter","primary","0001680247-26-000024","PUMP","False","","","True","acquisition"
"acq-01","acquisition","acquisition-divestiture-perimeter","primary","0001680247-26-000058","PUMP","True","True","True","True","acquisition"
"acq-01","acquisition","acquisition-divestiture-perimeter","primary","0001694028-26-000021","LBRT","True","False","False","True","acquisition"
"acq-01","acquisition","acquisition-divestiture-perimeter","primary","0001694028-26-000036","LBRT","True","False","False","True","acquisition"
"acq-01","acquisition","acquisition-divestiture-perimeter","primary","0001767042-26-000009","KGS","True","True","True","True","acquisition"
"acq-01","acquisition","acquisition-divestiture-perimeter","primary","0001767042-26-000041","KGS","True","True","True","True","acquisition"
"acq-02","acquisitions","acquisition-divestiture-perimeter","primary","0000018230-25-000013","CAT","True","True","True","True","acquisitions"
"acq-02","acquisitions","acquisition-divestiture-perimeter","primary","0000018230-25-000037","CAT","True","True","True","True","acquisitions"
"acq-02","acquisitions","acquisition-divestiture-perimeter","primary","0000018230-25-000043","CAT","True","False","True","True","acquisitions"
"acq-02","acquisitions","acquisition-divestiture-perimeter","primary","0000018230-26-000003","CAT","False","","","True","acquisitions"
"acq-02","acquisitions","acquisition-divestiture-perimeter","primary","0000018230-26-000017","CAT","True","False","False","True","acquisitions"
"acq-02","acquisitions","acquisition-divestiture-perimeter","primary","0000046250-25-000024","HWKN","True","True","True","True","acquisitions"
"acq-02","acquisitions","acquisition-divestiture-perimeter","primary","0000046250-25-000041","HWKN","True","True","True","True","acquisitions"
"acq-02","acquisitions","acquisition-divestiture-perimeter","primary","0000046250-25-000056","HWKN","True","True","True","True","acquisitions"
"acq-02","acquisitions","acquisition-divestiture-perimeter","primary","0000046250-26-000004","HWKN","True","True","True","True","acquisitions"
"acq-02","acquisitions","acquisition-divestiture-perimeter","primary","0000046250-26-000017","HWKN","False","","","True","acquisitions"
"acq-02","acquisitions","acquisition-divestiture-perimeter","primary","0000048465-25-000005","HRL","True","True","True","True","acquisitions"
"acq-02","acquisitions","acquisition-divestiture-perimeter","primary","0000048465-25-000035","HRL","True","True","True","True","acquisitions"
"acq-02","acquisitions","acquisition-divestiture-perimeter","primary","0000048465-25-000042","HRL","False","","","True","acquisitions"
"acq-02","acquisitions","acquisition-divestiture-perimeter","primary","0000057131-25-000016","LZB","True","True","True","True","acquisitions"
"acq-02","acquisitions","acquisition-divestiture-perimeter","primary","0000057131-25-000028","LZB","True","True","True","True","acquisitions"
"acq-02","acquisitions","acquisition-divestiture-perimeter","primary","0000057131-25-000080","LZB","True","True","True","True","acquisitions"
"acq-02","acquisitions","acquisition-divestiture-perimeter","primary","0000057131-25-000096","LZB","True","True","True","True","acquisitions"
"acq-02","acquisitions","acquisition-divestiture-perimeter","primary","0000057131-26-000006","LZB","True","True","True","True","acquisitions"
"acq-02","acquisitions","acquisition-divestiture-perimeter","primary","0000057131-26-000018","LZB","True","True","True","True","acquisitions"
"acq-02","acquisitions","acquisition-divestiture-perimeter","primary","0000080420-25-000095","POWL","True","True","False","False","acquisitions"
"acq-02","acquisitions","acquisition-divestiture-perimeter","primary","0000080420-25-000145","POWL","True","True","False","False","acquisitions"
"acq-02","acquisitions","acquisition-divestiture-perimeter","primary","0000093410-25-000016","CVX","True","False","True","True","acquisitions"
"acq-02","acquisitions","acquisition-divestiture-perimeter","primary","0000093410-25-000058","CVX","True","True","True","True","acquisitions"
"acq-02","acquisitions","acquisition-divestiture-perimeter","primary","0000093410-25-000103","CVX","False","","","True","acquisitions"
"acq-02","acquisitions","acquisition-divestiture-perimeter","primary","0000093410-26-000019","CVX","True","True","True","True","acquisitions"
"acq-02","acquisitions","acquisition-divestiture-perimeter","primary","0000093410-26-000110","CVX","True","True","True","True","acquisitions"
"acq-02","acquisitions","acquisition-divestiture-perimeter","primary","0000108985-26-000013","YORW","False","","","True","acquisitions"
"acq-02","acquisitions","acquisition-divestiture-perimeter","primary","0000108985-26-000040","YORW","True","True","True","False","acquisitions"
"acq-02","acquisitions","acquisition-divestiture-perimeter","primary","0000200406-25-000110","JNJ","False","","","True","acquisitions"
"acq-02","acquisitions","acquisition-divestiture-perimeter","primary","0000200406-25-000170","JNJ","True","True","True","True","acquisitions"
"acq-02","acquisitions","acquisition-divestiture-perimeter","primary","0000200406-25-000201","JNJ","True","True","True","True","acquisitions"
"acq-02","acquisitions","acquisition-divestiture-perimeter","primary","0000200406-26-000002","JNJ","False","","","True","acquisitions"
"acq-02","acquisitions","acquisition-divestiture-perimeter","primary","0000200406-26-000076","JNJ","True","True","True","True","acquisitions"
"acq-02","acquisitions","acquisition-divestiture-perimeter","primary","0000200406-26-000146","JNJ","True","True","True","True","acquisitions"
"acq-02","acquisitions","acquisition-divestiture-perimeter","primary","0000854775-26-000004","DGII","True","True","True","True","acquisitions"
"acq-02","acquisitions","acquisition-divestiture-perimeter","primary","0000854775-26-000016","DGII","True","True","True","True","acquisitions"
"acq-02","acquisitions","acquisition-divestiture-perimeter","primary","0000856982-26-000007","MMSI","True","True","True","True","acquisitions"
"acq-02","acquisitions","acquisition-divestiture-perimeter","primary","0000856982-26-000023","MMSI","True","True","True","True","acquisitions"
"acq-02","acquisitions","acquisition-divestiture-perimeter","primary","0000874238-25-000119","STRL","True","True","True","False","acquisitions"
"acq-02","acquisitions","acquisition-divestiture-perimeter","primary","0000874238-25-000133","STRL","True","True","True","False","acquisitions"
"acq-02","acquisitions","acquisition-divestiture-perimeter","primary","0000874238-26-000018","STRL","True","True","True","True","acquisitions"
"acq-02","acquisitions","acquisition-divestiture-perimeter","primary","0000874238-26-000052","STRL","True","True","True","False","acquisitions"
"acq-02","acquisitions","acquisition-divestiture-perimeter","primary","0000950170-25-026058","DEA","True","True","True","True","acquisitions"
"acq-02","acquisitions","acquisition-divestiture-perimeter","primary","0000950170-25-029071","TMDX","True","False","False","False","acquisitions"
"acq-02","acquisitions","acquisition-divestiture-perimeter","primary","0000950170-25-057490","GTY","True","True","True","True","acquisitions"
"acq-02","acquisitions","acquisition-divestiture-perimeter","primary","0000950170-25-057674","HZO","False","","","True","acquisitions"
"acq-02","acquisitions","acquisition-divestiture-perimeter","primary","0000950170-25-059541","DEA","False","","","True","acquisitions"
"acq-02","acquisitions","acquisition-divestiture-perimeter","primary","0000950170-25-064564","HLIO","True","False","True","True","acquisitions"
"acq-02","acquisitions","acquisition-divestiture-perimeter","primary","0000950170-25-066916","TMDX","True","False","False","False","acquisitions"
"acq-02","acquisitions","acquisition-divestiture-perimeter","primary","0000950170-25-073102","FLO","False","","","True","acquisitions"
"acq-02","acquisitions","acquisition-divestiture-perimeter","primary","0000950170-25-097908","GTY","True","True","True","True","acquisitions"
"acq-02","acquisitions","acquisition-divestiture-perimeter","primary","0000950170-25-098144","HZO","False","","","True","acquisitions"
"acq-02","acquisitions","acquisition-divestiture-perimeter","primary","0000950170-25-100228","TMDX","True","False","False","False","acquisitions"
"acq-02","acquisitions","acquisition-divestiture-perimeter","primary","0000950170-25-102060","HLIO","True","True","False","True","acquisitions"
"acq-02","acquisitions","acquisition-divestiture-perimeter","primary","0000950170-25-102370","DEA","True","True","True","True","acquisitions"
"acq-02","acquisitions","acquisition-divestiture-perimeter","primary","0001022408-26-000017","PLUS","True","True","True","True","acquisitions"
"acq-02","acquisitions","acquisition-divestiture-perimeter","primary","0001023024-26-000013","ANIP","True","True","True","True","acquisitions"
"acq-02","acquisitions","acquisition-divestiture-perimeter","primary","0001023024-26-000049","ANIP","True","False","True","True","acquisitions"
"acq-02","acquisitions","acquisition-divestiture-perimeter","primary","0001049521-25-000014","MRCY","True","False","False","True","acquisitions"
"acq-02","acquisitions","acquisition-divestiture-perimeter","primary","0001049521-25-000022","MRCY","True","False","False","True","acquisitions"
"acq-02","acquisitions","acquisition-divestiture-perimeter","primary","0001049521-25-000060","MRCY","False","","","True","acquisitions"
"acq-02","acquisitions","acquisition-divestiture-perimeter","primary","0001049521-26-000004","MRCY","True","False","False","True","acquisitions"
"acq-02","acquisitions","acquisition-divestiture-perimeter","primary","0001049521-26-000021","MRCY","True","False","False","True","acquisitions"
"acq-02","acquisitions","acquisition-divestiture-perimeter","primary","0001104659-25-020404","CYRX","False","","","True","acquisitions"
"acq-02","acquisitions","acquisition-divestiture-perimeter","primary","0001104659-25-045557","CYRX","True","True","True","True","acquisitions"
"acq-02","acquisitions","acquisition-divestiture-perimeter","primary","0001104659-25-074314","CYRX","True","True","True","True","acquisitions"
"acq-02","acquisitions","acquisition-divestiture-perimeter","primary","0001104659-25-106421","CYRX","True","True","True","True","acquisitions"
"acq-02","acquisitions","acquisition-divestiture-perimeter","primary","0001104659-25-109314","WTTR","True","True","True","True","acquisitions"
"acq-02","acquisitions","acquisition-divestiture-perimeter","primary","0001104659-26-012356","IRMD","True","False","False","False","acquisitions"
"acq-02","acquisitions","acquisition-divestiture-perimeter","primary","0001104659-26-022940","CYRX","True","True","True","True","acquisitions"
"acq-02","acquisitions","acquisition-divestiture-perimeter","primary","0001104659-26-054942","CYRX","True","True","True","True","acquisitions"
"acq-02","acquisitions","acquisition-divestiture-perimeter","primary","0001140361-25-005021","WTTR","True","True","True","True","acquisitions"
"acq-02","acquisitions","acquisition-divestiture-perimeter","primary","0001140361-25-017561","WTTR","True","True","True","True","acquisitions"
"acq-02","acquisitions","acquisition-divestiture-perimeter","primary","0001140361-25-028927","WTTR","True","True","True","True","acquisitions"
"acq-02","acquisitions","acquisition-divestiture-perimeter","primary","0001140361-26-005834","WTTR","True","True","True","True","acquisitions"
"acq-02","acquisitions","acquisition-divestiture-perimeter","primary","0001140361-26-019129","WTTR","True","True","True","True","acquisitions"
"acq-02","acquisitions","acquisition-divestiture-perimeter","primary","0001140361-26-023148","PLUS","True","True","True","True","acquisitions"
"acq-02","acquisitions","acquisition-divestiture-perimeter","primary","0001169561-25-000030","CVLT","True","True","True","True","acquisitions"
"acq-02","acquisitions","acquisition-divestiture-perimeter","primary","0001169561-25-000066","CVLT","True","True","False","True","acquisitions"
"acq-02","acquisitions","acquisition-divestiture-perimeter","primary","0001171843-25-002859","UFPT","True","True","True","False","acquisitions"
"acq-02","acquisitions","acquisition-divestiture-perimeter","primary","0001171843-25-005027","UFPT","True","True","True","False","acquisitions"
"acq-02","acquisitions","acquisition-divestiture-perimeter","primary","0001171843-25-006767","SHEN","False","","","True","acquisitions"
"acq-02","acquisitions","acquisition-divestiture-perimeter","primary","0001171843-26-000624","CLFD","True","True","True","True","acquisitions"
"acq-02","acquisitions","acquisition-divestiture-perimeter","primary","0001171843-26-003066","CLFD","False","","","True","acquisitions"
"acq-02","acquisitions","acquisition-divestiture-perimeter","primary","0001193125-25-181264","FLO","True","True","True","True","acquisitions"
"acq-02","acquisitions","acquisition-divestiture-perimeter","primary","0001193125-25-246857","GTY","True","True","True","True","acquisitions"
"acq-02","acquisitions","acquisition-divestiture-perimeter","primary","0001193125-25-250666","DEA","True","True","True","True","acquisitions"
"acq-02","acquisitions","acquisition-divestiture-perimeter","primary","0001193125-25-256326","TMDX","True","False","False","False","acquisitions"
"acq-02","acquisitions","acquisition-divestiture-perimeter","primary","0001193125-25-262948","HLIO","True","True","True","True","acquisitions"
"acq-02","acquisitions","acquisition-divestiture-perimeter","primary","0001193125-25-269692","FLO","True","True","True","True","acquisitions"
"acq-02","acquisitions","acquisition-divestiture-perimeter","primary","0001193125-25-279026","HZO","False","","","True","acquisitions"
"acq-02","acquisitions","acquisition-divestiture-perimeter","primary","0001193125-26-028226","HZO","False","","","False","acquisitions"
"acq-02","acquisitions","acquisition-divestiture-perimeter","primary","0001193125-26-046585","PLMR","True","True","True","False","acquisitions"
"acq-02","acquisitions","acquisition-divestiture-perimeter","primary","0001193125-26-046677","GTY","True","True","True","True","acquisitions"
"acq-02","acquisitions","acquisition-divestiture-perimeter","primary","0001193125-26-048756","FLO","False","","","True","acquisitions"
"acq-02","acquisitions","acquisition-divestiture-perimeter","primary","0001193125-26-062369","DEA","False","","","True","acquisitions"
"acq-02","acquisitions","acquisition-divestiture-perimeter","primary","0001193125-26-066953","TMDX","True","False","True","True","acquisitions"
"acq-02","acquisitions","acquisition-divestiture-perimeter","primary","0001193125-26-079392","TMDX","False","","","False","acquisitions"
"acq-02","acquisitions","acquisition-divestiture-perimeter","primary","0001193125-26-085812","HLIO","True","True","True","True","acquisitions"
"acq-02","acquisitions","acquisition-divestiture-perimeter","primary","0001193125-26-170614","GTY","True","True","True","True","acquisitions"
"acq-02","acquisitions","acquisition-divestiture-perimeter","primary","0001193125-26-171882","HZO","False","","","True","acquisitions"
"acq-02","acquisitions","acquisition-divestiture-perimeter","primary","0001193125-26-206347","TMDX","False","","","True","acquisitions"
"acq-02","acquisitions","acquisition-divestiture-perimeter","primary","0001193125-26-209013","PLMR","True","True","True","False","acquisitions"
"acq-02","acquisitions","acquisition-divestiture-perimeter","primary","0001193125-26-217028","HLIO","True","True","True","True","acquisitions"
"acq-02","acquisitions","acquisition-divestiture-perimeter","primary","0001193125-26-234421","FLO","False","","","True","acquisitions"
"acq-02","acquisitions","acquisition-divestiture-perimeter","primary","0001193125-26-312471","GTY","True","True","True","True","acquisitions"
"acq-02","acquisitions","acquisition-divestiture-perimeter","primary","0001193125-26-313363","HZO","True","False","True","True","acquisitions"
"acq-02","acquisitions","acquisition-divestiture-perimeter","primary","0001403161-25-000051","V","True","True","True","True","acquisitions"
"acq-02","acquisitions","acquisition-divestiture-perimeter","primary","0001403161-25-000077","V","True","True","True","True","acquisitions"
"acq-02","acquisitions","acquisition-divestiture-perimeter","primary","0001403161-26-000044","V","True","True","True","True","acquisitions"
"acq-02","acquisitions","acquisition-divestiture-perimeter","primary","0001403161-26-000077","V","True","True","True","True","acquisitions"
"acq-02","acquisitions","acquisition-divestiture-perimeter","primary","0001403161-26-000103","V","True","True","True","True","acquisitions"
"acq-02","acquisitions","acquisition-divestiture-perimeter","primary","0001437749-25-004235","BELFB","False","","","True","acquisitions"
"acq-02","acquisitions","acquisition-divestiture-perimeter","primary","0001437749-25-012997","BELFB","False","","","True","acquisitions"
"acq-02","acquisitions","acquisition-divestiture-perimeter","primary","0001437749-25-023426","BELFB","True","True","True","True","acquisitions"
"acq-02","acquisitions","acquisition-divestiture-perimeter","primary","0001437749-25-032198","BELFB","True","True","True","True","acquisitions"
"acq-02","acquisitions","acquisition-divestiture-perimeter","primary","0001437749-26-004366","BELFB","False","","","True","acquisitions"
"acq-02","acquisitions","acquisition-divestiture-perimeter","primary","0001437749-26-013888","BELFB","True","True","True","True","acquisitions"
"acq-02","acquisitions","acquisition-divestiture-perimeter","primary","0001493152-25-008267","SHOO","True","True","True","True","acquisitions"
"acq-02","acquisitions","acquisition-divestiture-perimeter","primary","0001493152-25-011490","SHOO","True","True","True","True","acquisitions"
"acq-02","acquisitions","acquisition-divestiture-perimeter","primary","0001493152-25-020615","UMH","True","True","True","True","acquisitions"
"acq-02","acquisitions","acquisition-divestiture-perimeter","primary","0001493152-25-020804","SHOO","False","","","True","acquisitions"
"acq-02","acquisitions","acquisition-divestiture-perimeter","primary","0001493152-26-007955","SHOO","True","True","True","True","acquisitions"
"acq-02","acquisitions","acquisition-divestiture-perimeter","primary","0001493152-26-008051","UMH","True","True","True","True","acquisitions"
"acq-02","acquisitions","acquisition-divestiture-perimeter","primary","0001493152-26-020648","UMH","False","","","True","acquisitions"
"acq-02","acquisitions","acquisition-divestiture-perimeter","primary","0001493152-26-021398","SHOO","True","True","True","True","acquisitions"
"acq-02","acquisitions","acquisition-divestiture-perimeter","primary","0001552781-25-000041","WTRG","True","True","True","True","acquisitions"
"acq-02","acquisitions","acquisition-divestiture-perimeter","primary","0001552781-25-000176","WTRG","True","True","True","False","acquisitions"
"acq-02","acquisitions","acquisition-divestiture-perimeter","primary","0001552781-25-000235","WTRG","True","True","True","True","acquisitions"
"acq-02","acquisitions","acquisition-divestiture-perimeter","primary","0001552781-25-000394","WTRG","True","True","True","True","acquisitions"
"acq-02","acquisitions","acquisition-divestiture-perimeter","primary","0001552781-26-000071","WTRG","False","","","True","acquisitions"
"acq-02","acquisitions","acquisition-divestiture-perimeter","primary","0001552781-26-000307","WTRG","True","True","True","True","acquisitions"
"acq-02","acquisitions","acquisition-divestiture-perimeter","primary","0001562762-26-000044","CALM","False","","","False","acquisitions"
"acq-02","acquisitions","acquisition-divestiture-perimeter","primary","0001562762-26-000078","CALM","True","True","True","False","acquisitions"
"acq-02","acquisitions","acquisition-divestiture-perimeter","primary","0001622194-26-000014","DEA","True","True","True","True","acquisitions"
"acq-02","acquisitions","acquisition-divestiture-perimeter","primary","0001628280-25-048260","UFPT","True","True","True","False","acquisitions"
"acq-02","acquisitions","acquisition-divestiture-perimeter","primary","0001628280-26-010689","KWR","True","True","True","True","acquisitions"
"acq-02","acquisitions","acquisition-divestiture-perimeter","primary","0001628280-26-011150","UFPT","True","True","True","False","acquisitions"
"acq-02","acquisitions","acquisition-divestiture-perimeter","primary","0001628280-26-028945","KWR","False","","","True","acquisitions"
"acq-02","acquisitions","acquisition-divestiture-perimeter","primary","0001628280-26-029125","IRMD","True","False","False","False","acquisitions"
"acq-02","acquisitions","acquisition-divestiture-perimeter","primary","0001628280-26-029906","UFPT","True","True","True","False","acquisitions"
"acq-02","acquisitions","acquisition-divestiture-perimeter","primary","0001641172-25-008949","SHOO","True","True","True","True","acquisitions"
"acq-02","acquisitions","acquisition-divestiture-perimeter","primary","0001673985-26-000004","ASIX","True","False","True","True","acquisitions"
"acq-02","acquisitions","acquisition-divestiture-perimeter","primary","0001673985-26-000033","ASIX","True","False","True","True","acquisitions"
"acq-02","acquisitions","acquisition-divestiture-perimeter","primary","0001680247-26-000024","PUMP","False","","","True","acquisitions"
"acq-02","acquisitions","acquisition-divestiture-perimeter","primary","0001680247-26-000058","PUMP","True","True","True","True","acquisitions"
"acq-02","acquisitions","acquisition-divestiture-perimeter","primary","0001694028-26-000021","LBRT","True","False","False","True","acquisitions"
"acq-02","acquisitions","acquisition-divestiture-perimeter","primary","0001694028-26-000036","LBRT","True","False","False","True","acquisitions"
"acq-02","acquisitions","acquisition-divestiture-perimeter","primary","0001767042-26-000009","KGS","True","True","True","True","acquisitions"
"acq-02","acquisitions","acquisition-divestiture-perimeter","primary","0001767042-26-000041","KGS","True","True","True","True","acquisitions"
"acq-03","completed acquisition","acquisition-divestiture-perimeter","primary","0000093410-25-000058","CVX","True","True","True","True","completed acquisition"
"acq-03","completed acquisition","acquisition-divestiture-perimeter","primary","0000950170-25-073102","FLO","False","","","True","completed acquisition"
"acq-03","completed acquisition","acquisition-divestiture-perimeter","primary","0001171843-25-002859","UFPT","True","True","True","False","completed acquisition"
"acq-03","completed acquisition","acquisition-divestiture-perimeter","primary","0001171843-25-005027","UFPT","True","True","True","False","completed acquisition"
"acq-03","completed acquisition","acquisition-divestiture-perimeter","primary","0001193125-26-312471","GTY","True","True","True","True","completed acquisition"
"acq-03","completed acquisition","acquisition-divestiture-perimeter","primary","0001437749-25-004235","BELFB","False","","","True","completed acquisition"
"acq-03","completed acquisition","acquisition-divestiture-perimeter","primary","0001628280-25-048260","UFPT","True","True","True","False","completed acquisition"
"acq-03","completed acquisition","acquisition-divestiture-perimeter","primary","0001628280-26-011150","UFPT","True","True","True","False","completed acquisition"
"acq-03","completed acquisition","acquisition-divestiture-perimeter","primary","0001628280-26-029906","UFPT","True","True","True","False","completed acquisition"
"acq-04","recent acquisition","acquisition-divestiture-perimeter","primary","0000046250-25-000024","HWKN","True","True","True","True","recent acquisition"
"acq-04","recent acquisition","acquisition-divestiture-perimeter","primary","0000057131-25-000096","LZB","True","True","True","True","recent acquisition"
"acq-04","recent acquisition","acquisition-divestiture-perimeter","primary","0000854775-26-000004","DGII","True","True","True","True","recent acquisition"
"acq-04","recent acquisition","acquisition-divestiture-perimeter","primary","0000854775-26-000016","DGII","True","True","True","True","recent acquisition"
"acq-04","recent acquisition","acquisition-divestiture-perimeter","primary","0001104659-25-109314","WTTR","True","True","True","True","recent acquisition"
"acq-04","recent acquisition","acquisition-divestiture-perimeter","primary","0001140361-25-005021","WTTR","True","True","True","True","recent acquisition"
"acq-04","recent acquisition","acquisition-divestiture-perimeter","primary","0001140361-25-017561","WTTR","True","True","True","True","recent acquisition"
"acq-04","recent acquisition","acquisition-divestiture-perimeter","primary","0001140361-25-028927","WTTR","True","True","True","True","recent acquisition"
"acq-04","recent acquisition","acquisition-divestiture-perimeter","primary","0001140361-26-005834","WTTR","True","True","True","True","recent acquisition"
"acq-04","recent acquisition","acquisition-divestiture-perimeter","primary","0001140361-26-019129","WTTR","True","True","True","True","recent acquisition"
"acq-04","recent acquisition","acquisition-divestiture-perimeter","primary","0001169561-26-000013","CVLT","True","True","True","True","recent acquisition"
"acq-04","recent acquisition","acquisition-divestiture-perimeter","primary","0001171843-25-002859","UFPT","True","True","True","False","recent acquisition"
"acq-04","recent acquisition","acquisition-divestiture-perimeter","primary","0001171843-25-005027","UFPT","True","True","True","False","recent acquisition"
"acq-04","recent acquisition","acquisition-divestiture-perimeter","primary","0001437749-25-004235","BELFB","False","","","True","recent acquisition"
"acq-04","recent acquisition","acquisition-divestiture-perimeter","primary","0001437749-25-012997","BELFB","False","","","True","recent acquisition"
"acq-04","recent acquisition","acquisition-divestiture-perimeter","primary","0001437749-25-023426","BELFB","True","True","True","True","recent acquisition"
"acq-04","recent acquisition","acquisition-divestiture-perimeter","primary","0001493152-25-020804","SHOO","False","","","True","recent acquisition"
"acq-04","recent acquisition","acquisition-divestiture-perimeter","primary","0001628280-25-048260","UFPT","True","True","True","False","recent acquisition"
"acq-04","recent acquisition","acquisition-divestiture-perimeter","primary","0001628280-26-011150","UFPT","True","True","True","False","recent acquisition"
"acq-04","recent acquisition","acquisition-divestiture-perimeter","primary","0001628280-26-029906","UFPT","True","True","True","False","recent acquisition"
"acq-04","recent acquisition","acquisition-divestiture-perimeter","primary","0001694028-26-000021","LBRT","True","False","False","True","recent acquisition"
"acq-04","recent acquisition","acquisition-divestiture-perimeter","primary","0001694028-26-000036","LBRT","True","False","False","True","recent acquisition"
"acq-05","pro forma","acquisition-divestiture-perimeter","primary","0000046250-25-000041","HWKN","True","True","True","True","pro forma"
"acq-05","pro forma","acquisition-divestiture-perimeter","primary","0000046250-25-000056","HWKN","True","True","True","True","pro forma"
"acq-05","pro forma","acquisition-divestiture-perimeter","primary","0000046250-26-000004","HWKN","True","True","True","True","pro forma"
"acq-05","pro forma","acquisition-divestiture-perimeter","primary","0000046250-26-000017","HWKN","False","","","True","pro forma"
"acq-05","pro forma","acquisition-divestiture-perimeter","primary","0000105132-25-000013","WDFC","True","True","True","True","pro forma"
"acq-05","pro forma","acquisition-divestiture-perimeter","primary","0000105132-25-000023","WDFC","True","True","False","True","pro forma"
"acq-05","pro forma","acquisition-divestiture-perimeter","primary","0000105132-25-000061","WDFC","True","True","True","True","pro forma"
"acq-05","pro forma","acquisition-divestiture-perimeter","primary","0000105132-26-000006","WDFC","True","True","True","True","pro forma"
"acq-05","pro forma","acquisition-divestiture-perimeter","primary","0000105132-26-000026","WDFC","True","True","True","True","pro forma"
"acq-05","pro forma","acquisition-divestiture-perimeter","primary","0000105132-26-000059","WDFC","True","True","True","True","pro forma"
"acq-05","pro forma","acquisition-divestiture-perimeter","primary","0000950170-25-026058","DEA","True","True","True","True","pro forma"
"acq-05","pro forma","acquisition-divestiture-perimeter","primary","0000950170-25-059541","DEA","False","","","True","pro forma"
"acq-05","pro forma","acquisition-divestiture-perimeter","primary","0000950170-25-102370","DEA","True","True","True","True","pro forma"
"acq-05","pro forma","acquisition-divestiture-perimeter","primary","0001140361-25-017561","WTTR","True","True","True","True","pro forma"
"acq-05","pro forma","acquisition-divestiture-perimeter","primary","0001140361-25-028927","WTTR","True","True","True","True","pro forma"
"acq-05","pro forma","acquisition-divestiture-perimeter","primary","0001193125-25-250666","DEA","True","True","True","True","pro forma"
"acq-05","pro forma","acquisition-divestiture-perimeter","primary","0001193125-26-046677","GTY","True","True","True","True","pro forma"
"acq-05","pro forma","acquisition-divestiture-perimeter","primary","0001193125-26-062369","DEA","False","","","True","pro forma"
"acq-05","pro forma","acquisition-divestiture-perimeter","primary","0001193125-26-085812","HLIO","True","True","True","True","pro forma"
"acq-05","pro forma","acquisition-divestiture-perimeter","primary","0001193125-26-217028","HLIO","True","True","True","True","pro forma"
"acq-05","pro forma","acquisition-divestiture-perimeter","primary","0001519449-26-000032","SKWD","False","","","True","pro forma"
"acq-05","pro forma","acquisition-divestiture-perimeter","primary","0001552781-25-000394","WTRG","True","True","True","True","pro forma"
"acq-05","pro forma","acquisition-divestiture-perimeter","primary","0001622194-26-000014","DEA","True","True","True","True","pro forma"
"acq-06","deconsolidation","acquisition-divestiture-perimeter","primary","0000874238-25-000119","STRL","True","True","True","False","deconsolidation"
"acq-06","deconsolidation","acquisition-divestiture-perimeter","primary","0000874238-25-000133","STRL","True","True","True","False","deconsolidation"
"acq-06","deconsolidation","acquisition-divestiture-perimeter","primary","0000874238-26-000018","STRL","True","True","True","True","deconsolidation"
"acq-06","deconsolidation","acquisition-divestiture-perimeter","primary","0000874238-26-000052","STRL","True","True","True","False","deconsolidation"
"acq-07","divestiture","acquisition-divestiture-perimeter","primary","0000018230-25-000013","CAT","True","True","True","True","divestiture"
"acq-07","divestiture","acquisition-divestiture-perimeter","primary","0000018230-25-000037","CAT","True","True","True","True","divestiture"
"acq-07","divestiture","acquisition-divestiture-perimeter","primary","0000018230-25-000043","CAT","True","False","True","True","divestiture"
"acq-07","divestiture","acquisition-divestiture-perimeter","primary","0000018230-26-000003","CAT","False","","","True","divestiture"
"acq-07","divestiture","acquisition-divestiture-perimeter","primary","0000018230-26-000017","CAT","True","False","False","True","divestiture"
"acq-07","divestiture","acquisition-divestiture-perimeter","primary","0000048465-25-000005","HRL","True","True","True","True","divestiture"
"acq-07","divestiture","acquisition-divestiture-perimeter","primary","0000048465-25-000035","HRL","True","True","True","True","divestiture"
"acq-07","divestiture","acquisition-divestiture-perimeter","primary","0000048465-25-000042","HRL","False","","","True","divestiture"
"acq-07","divestiture","acquisition-divestiture-perimeter","primary","0000048465-25-000056","HRL","False","","","True","divestiture"
"acq-07","divestiture","acquisition-divestiture-perimeter","primary","0000048465-26-000018","HRL","False","","","True","divestiture"
"acq-07","divestiture","acquisition-divestiture-perimeter","primary","0000048465-26-000024","HRL","True","True","True","True","divestiture"
"acq-07","divestiture","acquisition-divestiture-perimeter","primary","0000056978-25-000054","KLIC","False","","","True","divestiture"
"acq-07","divestiture","acquisition-divestiture-perimeter","primary","0000056978-25-000070","KLIC","False","","","True","divestiture"
"acq-07","divestiture","acquisition-divestiture-perimeter","primary","0000056978-25-000078","KLIC","True","False","True","True","divestiture"
"acq-07","divestiture","acquisition-divestiture-perimeter","primary","0000056978-26-000010","KLIC","True","False","True","True","divestiture"
"acq-07","divestiture","acquisition-divestiture-perimeter","primary","0000056978-26-000018","KLIC","True","False","True","True","divestiture"
"acq-07","divestiture","acquisition-divestiture-perimeter","primary","0000057131-26-000006","LZB","True","True","True","True","divestiture"
"acq-07","divestiture","acquisition-divestiture-perimeter","primary","0000057131-26-000018","LZB","True","True","True","True","divestiture"
"acq-07","divestiture","acquisition-divestiture-perimeter","primary","0000093410-25-000016","CVX","True","False","True","True","divestiture"
"acq-07","divestiture","acquisition-divestiture-perimeter","primary","0000093410-25-000058","CVX","True","True","True","True","divestiture"
"acq-07","divestiture","acquisition-divestiture-perimeter","primary","0000093410-25-000103","CVX","False","","","True","divestiture"
"acq-07","divestiture","acquisition-divestiture-perimeter","primary","0000093410-26-000019","CVX","True","True","True","True","divestiture"
"acq-07","divestiture","acquisition-divestiture-perimeter","primary","0000093410-26-000110","CVX","True","True","True","True","divestiture"
"acq-07","divestiture","acquisition-divestiture-perimeter","primary","0000105132-25-000013","WDFC","True","True","True","True","divestiture"
"acq-07","divestiture","acquisition-divestiture-perimeter","primary","0000105132-25-000023","WDFC","True","True","False","True","divestiture"
"acq-07","divestiture","acquisition-divestiture-perimeter","primary","0000105132-25-000061","WDFC","True","True","True","True","divestiture"
"acq-07","divestiture","acquisition-divestiture-perimeter","primary","0000105132-26-000006","WDFC","True","True","True","True","divestiture"
"acq-07","divestiture","acquisition-divestiture-perimeter","primary","0000105132-26-000026","WDFC","True","True","True","True","divestiture"
"acq-07","divestiture","acquisition-divestiture-perimeter","primary","0000105132-26-000059","WDFC","True","True","True","True","divestiture"
"acq-07","divestiture","acquisition-divestiture-perimeter","primary","0000200406-25-000110","JNJ","False","","","True","divestiture"
"acq-07","divestiture","acquisition-divestiture-perimeter","primary","0000200406-25-000170","JNJ","True","True","True","True","divestiture"
"acq-07","divestiture","acquisition-divestiture-perimeter","primary","0000200406-25-000201","JNJ","True","True","True","True","divestiture"
"acq-07","divestiture","acquisition-divestiture-perimeter","primary","0000200406-26-000002","JNJ","False","","","True","divestiture"
"acq-07","divestiture","acquisition-divestiture-perimeter","primary","0000200406-26-000076","JNJ","True","True","True","True","divestiture"
"acq-07","divestiture","acquisition-divestiture-perimeter","primary","0000200406-26-000146","JNJ","True","True","True","True","divestiture"
"acq-07","divestiture","acquisition-divestiture-perimeter","primary","0000856982-26-000007","MMSI","True","True","True","True","divestiture"
"acq-07","divestiture","acquisition-divestiture-perimeter","primary","0000856982-26-000023","MMSI","True","True","True","True","divestiture"
"acq-07","divestiture","acquisition-divestiture-perimeter","primary","0000950170-25-102060","HLIO","True","True","False","True","divestiture"
"acq-07","divestiture","acquisition-divestiture-perimeter","primary","0001104659-25-045557","CYRX","True","True","True","True","divestiture"
"acq-07","divestiture","acquisition-divestiture-perimeter","primary","0001104659-25-074314","CYRX","True","True","True","True","divestiture"
"acq-07","divestiture","acquisition-divestiture-perimeter","primary","0001104659-25-106421","CYRX","True","True","True","True","divestiture"
"acq-07","divestiture","acquisition-divestiture-perimeter","primary","0001104659-25-109314","WTTR","True","True","True","True","divestiture"
"acq-07","divestiture","acquisition-divestiture-perimeter","primary","0001104659-26-022940","CYRX","True","True","True","True","divestiture"
"acq-07","divestiture","acquisition-divestiture-perimeter","primary","0001104659-26-054942","CYRX","True","True","True","True","divestiture"
"acq-07","divestiture","acquisition-divestiture-perimeter","primary","0001140361-25-005021","WTTR","True","True","True","True","divestiture"
"acq-07","divestiture","acquisition-divestiture-perimeter","primary","0001140361-25-017561","WTTR","True","True","True","True","divestiture"
"acq-07","divestiture","acquisition-divestiture-perimeter","primary","0001140361-25-028927","WTTR","True","True","True","True","divestiture"
"acq-07","divestiture","acquisition-divestiture-perimeter","primary","0001140361-26-005834","WTTR","True","True","True","True","divestiture"
"acq-07","divestiture","acquisition-divestiture-perimeter","primary","0001140361-26-019129","WTTR","True","True","True","True","divestiture"
"acq-07","divestiture","acquisition-divestiture-perimeter","primary","0001193125-25-262948","HLIO","True","True","True","True","divestiture"
"acq-07","divestiture","acquisition-divestiture-perimeter","primary","0001193125-26-085812","HLIO","True","True","True","True","divestiture"
"acq-07","divestiture","acquisition-divestiture-perimeter","primary","0001193125-26-217028","HLIO","True","True","True","True","divestiture"
"acq-07","divestiture","acquisition-divestiture-perimeter","primary","0001493152-25-008267","SHOO","True","True","True","True","divestiture"
"acq-07","divestiture","acquisition-divestiture-perimeter","primary","0001493152-25-020804","SHOO","False","","","True","divestiture"
"acq-07","divestiture","acquisition-divestiture-perimeter","primary","0001493152-26-007955","SHOO","True","True","True","True","divestiture"
"acq-07","divestiture","acquisition-divestiture-perimeter","primary","0001552781-25-000041","WTRG","True","True","True","True","divestiture"
"acq-07","divestiture","acquisition-divestiture-perimeter","primary","0001628280-26-010689","KWR","True","True","True","True","divestiture"
"acq-07","divestiture","acquisition-divestiture-perimeter","primary","0001628280-26-028945","KWR","False","","","True","divestiture"
"acq-08","divestitures","acquisition-divestiture-perimeter","primary","0000018230-25-000013","CAT","True","True","True","True","divestitures"
"acq-08","divestitures","acquisition-divestiture-perimeter","primary","0000018230-25-000037","CAT","True","True","True","True","divestitures"
"acq-08","divestitures","acquisition-divestiture-perimeter","primary","0000018230-25-000043","CAT","True","False","True","True","divestitures"
"acq-08","divestitures","acquisition-divestiture-perimeter","primary","0000018230-26-000003","CAT","False","","","True","divestitures"
"acq-08","divestitures","acquisition-divestiture-perimeter","primary","0000018230-26-000017","CAT","True","False","False","True","divestitures"
"acq-08","divestitures","acquisition-divestiture-perimeter","primary","0000048465-25-000005","HRL","True","True","True","True","divestitures"
"acq-08","divestitures","acquisition-divestiture-perimeter","primary","0000048465-25-000035","HRL","True","True","True","True","divestitures"
"acq-08","divestitures","acquisition-divestiture-perimeter","primary","0000048465-25-000042","HRL","False","","","True","divestitures"
"acq-08","divestitures","acquisition-divestiture-perimeter","primary","0000048465-25-000056","HRL","False","","","True","divestitures"
"acq-08","divestitures","acquisition-divestiture-perimeter","primary","0000048465-26-000018","HRL","False","","","True","divestitures"
"acq-08","divestitures","acquisition-divestiture-perimeter","primary","0000048465-26-000024","HRL","True","True","True","True","divestitures"
"acq-08","divestitures","acquisition-divestiture-perimeter","primary","0000056978-25-000054","KLIC","False","","","True","divestitures"
"acq-08","divestitures","acquisition-divestiture-perimeter","primary","0000056978-25-000070","KLIC","False","","","True","divestitures"
"acq-08","divestitures","acquisition-divestiture-perimeter","primary","0000056978-25-000078","KLIC","True","False","True","True","divestitures"
"acq-08","divestitures","acquisition-divestiture-perimeter","primary","0000056978-26-000010","KLIC","True","False","True","True","divestitures"
"acq-08","divestitures","acquisition-divestiture-perimeter","primary","0000056978-26-000018","KLIC","True","False","True","True","divestitures"
"acq-08","divestitures","acquisition-divestiture-perimeter","primary","0000057131-26-000006","LZB","True","True","True","True","divestitures"
"acq-08","divestitures","acquisition-divestiture-perimeter","primary","0000057131-26-000018","LZB","True","True","True","True","divestitures"
"acq-08","divestitures","acquisition-divestiture-perimeter","primary","0000093410-25-000016","CVX","True","False","True","True","divestitures"
"acq-08","divestitures","acquisition-divestiture-perimeter","primary","0000093410-25-000058","CVX","True","True","True","True","divestitures"
"acq-08","divestitures","acquisition-divestiture-perimeter","primary","0000093410-25-000103","CVX","False","","","True","divestitures"
"acq-08","divestitures","acquisition-divestiture-perimeter","primary","0000093410-26-000019","CVX","True","True","True","True","divestitures"
"acq-08","divestitures","acquisition-divestiture-perimeter","primary","0000093410-26-000110","CVX","True","True","True","True","divestitures"
"acq-08","divestitures","acquisition-divestiture-perimeter","primary","0000105132-25-000061","WDFC","True","True","True","True","divestitures"
"acq-08","divestitures","acquisition-divestiture-perimeter","primary","0000105132-26-000006","WDFC","True","True","True","True","divestitures"
"acq-08","divestitures","acquisition-divestiture-perimeter","primary","0000105132-26-000026","WDFC","True","True","True","True","divestitures"
"acq-08","divestitures","acquisition-divestiture-perimeter","primary","0000105132-26-000059","WDFC","True","True","True","True","divestitures"
"acq-08","divestitures","acquisition-divestiture-perimeter","primary","0000200406-25-000110","JNJ","False","","","True","divestitures"
"acq-08","divestitures","acquisition-divestiture-perimeter","primary","0000200406-25-000170","JNJ","True","True","True","True","divestitures"
"acq-08","divestitures","acquisition-divestiture-perimeter","primary","0000200406-25-000201","JNJ","True","True","True","True","divestitures"
"acq-08","divestitures","acquisition-divestiture-perimeter","primary","0000200406-26-000002","JNJ","False","","","True","divestitures"
"acq-08","divestitures","acquisition-divestiture-perimeter","primary","0000200406-26-000076","JNJ","True","True","True","True","divestitures"
"acq-08","divestitures","acquisition-divestiture-perimeter","primary","0000200406-26-000146","JNJ","True","True","True","True","divestitures"
"acq-08","divestitures","acquisition-divestiture-perimeter","primary","0000856982-26-000023","MMSI","True","True","True","True","divestitures"
"acq-08","divestitures","acquisition-divestiture-perimeter","primary","0000950170-25-102060","HLIO","True","True","False","True","divestitures"
"acq-08","divestitures","acquisition-divestiture-perimeter","primary","0001104659-25-109314","WTTR","True","True","True","True","divestitures"
"acq-08","divestitures","acquisition-divestiture-perimeter","primary","0001140361-25-005021","WTTR","True","True","True","True","divestitures"
"acq-08","divestitures","acquisition-divestiture-perimeter","primary","0001140361-25-017561","WTTR","True","True","True","True","divestitures"
"acq-08","divestitures","acquisition-divestiture-perimeter","primary","0001140361-25-028927","WTTR","True","True","True","True","divestitures"
"acq-08","divestitures","acquisition-divestiture-perimeter","primary","0001140361-26-005834","WTTR","True","True","True","True","divestitures"
"acq-08","divestitures","acquisition-divestiture-perimeter","primary","0001140361-26-019129","WTTR","True","True","True","True","divestitures"
"acq-08","divestitures","acquisition-divestiture-perimeter","primary","0001193125-25-262948","HLIO","True","True","True","True","divestitures"
"acq-08","divestitures","acquisition-divestiture-perimeter","primary","0001193125-26-085812","HLIO","True","True","True","True","divestitures"
"acq-08","divestitures","acquisition-divestiture-perimeter","primary","0001193125-26-217028","HLIO","True","True","True","True","divestitures"
"acq-08","divestitures","acquisition-divestiture-perimeter","primary","0001552781-25-000041","WTRG","True","True","True","True","divestitures"
"acq-08","divestitures","acquisition-divestiture-perimeter","primary","0001628280-26-010689","KWR","True","True","True","True","divestitures"
"acq-08","divestitures","acquisition-divestiture-perimeter","primary","0001628280-26-028945","KWR","False","","","True","divestitures"
"acq-09","held for sale","acquisition-divestiture-perimeter","primary","0000057131-25-000096","LZB","True","True","True","True","held for sale"
"acq-09","held for sale","acquisition-divestiture-perimeter","primary","0000057131-26-000006","LZB","True","True","True","True","held for sale"
"acq-09","held for sale","acquisition-divestiture-perimeter","primary","0000057131-26-000018","LZB","True","True","True","True","held for sale"
"acq-09","held for sale","acquisition-divestiture-perimeter","primary","0000105132-25-000013","WDFC","True","True","True","True","held for sale"
"acq-09","held for sale","acquisition-divestiture-perimeter","primary","0000105132-25-000023","WDFC","True","True","False","True","held for sale"
"acq-09","held for sale","acquisition-divestiture-perimeter","primary","0000105132-25-000061","WDFC","True","True","True","True","held for sale"
"acq-09","held for sale","acquisition-divestiture-perimeter","primary","0000105132-26-000059","WDFC","True","True","True","True","held for sale"
"acq-09","held for sale","acquisition-divestiture-perimeter","primary","0000950170-25-057490","GTY","True","True","True","True","held for sale"
"acq-09","held for sale","acquisition-divestiture-perimeter","primary","0000950170-25-097908","GTY","True","True","True","True","held for sale"
"acq-09","held for sale","acquisition-divestiture-perimeter","primary","0000950170-25-102060","HLIO","True","True","False","True","held for sale"
"acq-09","held for sale","acquisition-divestiture-perimeter","primary","0001030469-25-000012","OFG","False","","","False","held for sale"
"acq-09","held for sale","acquisition-divestiture-perimeter","primary","0001030469-25-000033","OFG","True","False","True","False","held for sale"
"acq-09","held for sale","acquisition-divestiture-perimeter","primary","0001030469-25-000047","OFG","True","False","True","False","held for sale"
"acq-09","held for sale","acquisition-divestiture-perimeter","primary","0001030469-26-000004","OFG","True","True","True","True","held for sale"
"acq-09","held for sale","acquisition-divestiture-perimeter","primary","0001030469-26-000022","OFG","True","False","True","False","held for sale"
"acq-09","held for sale","acquisition-divestiture-perimeter","primary","0001030469-26-000034","OFG","True","False","True","False","held for sale"
"acq-09","held for sale","acquisition-divestiture-perimeter","primary","0001104659-25-045557","CYRX","True","True","True","True","held for sale"
"acq-09","held for sale","acquisition-divestiture-perimeter","primary","0001104659-25-074314","CYRX","True","True","True","True","held for sale"
"acq-09","held for sale","acquisition-divestiture-perimeter","primary","0001104659-25-106421","CYRX","True","True","True","True","held for sale"
"acq-09","held for sale","acquisition-divestiture-perimeter","primary","0001104659-26-022940","CYRX","True","True","True","True","held for sale"
"acq-09","held for sale","acquisition-divestiture-perimeter","primary","0001169561-25-000030","CVLT","True","True","True","True","held for sale"
"acq-09","held for sale","acquisition-divestiture-perimeter","primary","0001169561-25-000066","CVLT","True","True","False","True","held for sale"
"acq-09","held for sale","acquisition-divestiture-perimeter","primary","0001169561-25-000083","CVLT","True","True","True","True","held for sale"
"acq-09","held for sale","acquisition-divestiture-perimeter","primary","0001169561-26-000003","CVLT","True","False","True","True","held for sale"
"acq-09","held for sale","acquisition-divestiture-perimeter","primary","0001169561-26-000013","CVLT","True","True","True","True","held for sale"
"acq-09","held for sale","acquisition-divestiture-perimeter","primary","0001171843-25-000948","SHEN","False","","","True","held for sale"
"acq-09","held for sale","acquisition-divestiture-perimeter","primary","0001171843-25-002338","SFBS","True","False","True","True","held for sale"
"acq-09","held for sale","acquisition-divestiture-perimeter","primary","0001171843-25-004580","SFBS","True","False","True","True","held for sale"
"acq-09","held for sale","acquisition-divestiture-perimeter","primary","0001171843-25-006529","SFBS","True","False","True","True","held for sale"
"acq-09","held for sale","acquisition-divestiture-perimeter","primary","0001171843-26-000344","SFBS","True","False","True","True","held for sale"
"acq-09","held for sale","acquisition-divestiture-perimeter","primary","0001171843-26-000624","CLFD","True","True","True","True","held for sale"
"acq-09","held for sale","acquisition-divestiture-perimeter","primary","0001171843-26-002569","SFBS","True","False","False","True","held for sale"
"acq-09","held for sale","acquisition-divestiture-perimeter","primary","0001171843-26-003066","CLFD","False","","","True","held for sale"
"acq-09","held for sale","acquisition-divestiture-perimeter","primary","0001171843-26-004772","SFBS","True","False","True","True","held for sale"
"acq-09","held for sale","acquisition-divestiture-perimeter","primary","0001193125-25-246857","GTY","True","True","True","True","held for sale"
"acq-09","held for sale","acquisition-divestiture-perimeter","primary","0001193125-26-046677","GTY","True","True","True","True","held for sale"
"acq-09","held for sale","acquisition-divestiture-perimeter","primary","0001193125-26-170614","GTY","True","True","True","True","held for sale"
"acq-09","held for sale","acquisition-divestiture-perimeter","primary","0001193125-26-312471","GTY","True","True","True","True","held for sale"
"acq-10","same-store","acquisition-divestiture-perimeter","primary","0000057131-25-000016","LZB","True","True","True","True","same-store"
"acq-10","same-store","acquisition-divestiture-perimeter","primary","0000057131-25-000028","LZB","True","True","True","True","same-store"
"acq-10","same-store","acquisition-divestiture-perimeter","primary","0000057131-25-000080","LZB","True","True","True","True","same-store"
"acq-10","same-store","acquisition-divestiture-perimeter","primary","0000057131-25-000096","LZB","True","True","True","True","same-store"
"acq-10","same-store","acquisition-divestiture-perimeter","primary","0000057131-26-000006","LZB","True","True","True","True","same-store"
"acq-10","same-store","acquisition-divestiture-perimeter","primary","0000057131-26-000018","LZB","True","True","True","True","same-store"
"acq-10","same-store","acquisition-divestiture-perimeter","primary","0000874238-25-000133","STRL","True","True","True","False","same-store"
"acq-10","same-store","acquisition-divestiture-perimeter","primary","0000874238-26-000018","STRL","True","True","True","True","same-store"
"acq-10","same-store","acquisition-divestiture-perimeter","primary","0000950170-25-057674","HZO","False","","","True","same-store"
"acq-10","same-store","acquisition-divestiture-perimeter","primary","0000950170-25-098144","HZO","False","","","True","same-store"
"acq-10","same-store","acquisition-divestiture-perimeter","primary","0001193125-25-279026","HZO","False","","","True","same-store"
"acq-10","same-store","acquisition-divestiture-perimeter","primary","0001193125-26-028226","HZO","False","","","False","same-store"
"acq-10","same-store","acquisition-divestiture-perimeter","primary","0001193125-26-171882","HZO","False","","","True","same-store"
"acq-10","same-store","acquisition-divestiture-perimeter","primary","0001193125-26-313363","HZO","True","False","True","True","same-store"
"acq-10","same-store","acquisition-divestiture-perimeter","primary","0001493152-26-009545","IDT","True","False","False","True","same-store"
"tax-01","discrete tax","discrete-tax","primary","0000018230-25-000013","CAT","True","True","True","True","discrete tax"
"tax-01","discrete tax","discrete-tax","primary","0000018230-25-000043","CAT","True","True","True","True","discrete tax"
"tax-01","discrete tax","discrete-tax","primary","0000018230-26-000003","CAT","False","","","True","discrete tax"
"tax-01","discrete tax","discrete-tax","primary","0000018230-26-000017","CAT","True","True","False","True","discrete tax"
"tax-01","discrete tax","discrete-tax","primary","0000056978-25-000054","KLIC","False","","","True","discrete tax"
"tax-01","discrete tax","discrete-tax","primary","0000056978-25-000070","KLIC","False","","","True","discrete tax"
"tax-01","discrete tax","discrete-tax","primary","0000056978-25-000078","KLIC","True","True","True","True","discrete tax"
"tax-01","discrete tax","discrete-tax","primary","0000056978-26-000010","KLIC","True","False","True","True","discrete tax"
"tax-01","discrete tax","discrete-tax","primary","0000056978-26-000018","KLIC","True","True","True","True","discrete tax"
"tax-01","discrete tax","discrete-tax","primary","0000057131-26-000018","LZB","True","True","True","True","discrete tax"
"tax-01","discrete tax","discrete-tax","primary","0000854775-26-000004","DGII","True","True","True","True","discrete tax"
"tax-01","discrete tax","discrete-tax","primary","0000854775-26-000016","DGII","True","False","True","True","discrete tax"
"tax-01","discrete tax","discrete-tax","primary","0001030469-26-000004","OFG","True","True","True","True","discrete tax"
"tax-01","discrete tax","discrete-tax","primary","0001049521-25-000014","MRCY","True","False","False","True","discrete tax"
"tax-01","discrete tax","discrete-tax","primary","0001049521-25-000022","MRCY","True","False","False","True","discrete tax"
"tax-01","discrete tax","discrete-tax","primary","0001049521-25-000060","MRCY","False","","","True","discrete tax"
"tax-01","discrete tax","discrete-tax","primary","0001049521-26-000004","MRCY","True","False","False","True","discrete tax"
"tax-01","discrete tax","discrete-tax","primary","0001049521-26-000021","MRCY","True","False","False","True","discrete tax"
"tax-01","discrete tax","discrete-tax","primary","0001193125-25-262948","HLIO","True","True","True","True","discrete tax"
"tax-01","discrete tax","discrete-tax","primary","0001193125-26-085812","HLIO","True","False","True","True","discrete tax"
"tax-01","discrete tax","discrete-tax","primary","0001421517-25-000047","ERII","True","False","True","True","discrete tax"
"tax-01","discrete tax","discrete-tax","primary","0001421517-25-000076","ERII","True","False","True","True","discrete tax"
"tax-01","discrete tax","discrete-tax","primary","0001421517-25-000116","ERII","True","False","True","True","discrete tax"
"tax-01","discrete tax","discrete-tax","primary","0001421517-25-000133","ERII","True","False","False","True","discrete tax"
"tax-01","discrete tax","discrete-tax","primary","0001421517-26-000021","ERII","True","False","True","True","discrete tax"
"tax-01","discrete tax","discrete-tax","primary","0001421517-26-000040","ERII","True","False","True","True","discrete tax"
"tax-01","discrete tax","discrete-tax","primary","0001628280-26-010689","KWR","True","False","True","True","discrete tax"
"tax-01","discrete tax","discrete-tax","primary","0001628280-26-028945","KWR","False","","","True","discrete tax"
"tax-02","tax benefit","discrete-tax","primary","0000018230-25-000013","CAT","True","True","True","True","tax benefit"
"tax-02","tax benefit","discrete-tax","primary","0000018230-25-000037","CAT","True","True","True","True","tax benefit"
"tax-02","tax benefit","discrete-tax","primary","0000018230-25-000043","CAT","True","True","True","True","tax benefit"
"tax-02","tax benefit","discrete-tax","primary","0000018230-26-000003","CAT","False","","","True","tax benefit"
"tax-02","tax benefit","discrete-tax","primary","0000018230-26-000017","CAT","True","True","False","True","tax benefit"
"tax-02","tax benefit","discrete-tax","primary","0000056978-25-000054","KLIC","False","","","True","tax benefit"
"tax-02","tax benefit","discrete-tax","primary","0000056978-25-000070","KLIC","False","","","True","tax benefit"
"tax-02","tax benefit","discrete-tax","primary","0000056978-25-000078","KLIC","True","True","True","True","tax benefit"
"tax-02","tax benefit","discrete-tax","primary","0000056978-26-000010","KLIC","True","False","True","True","tax benefit"
"tax-02","tax benefit","discrete-tax","primary","0000056978-26-000018","KLIC","True","True","True","True","tax benefit"
"tax-02","tax benefit","discrete-tax","primary","0000105132-25-000013","WDFC","True","True","True","True","tax benefit"
"tax-02","tax benefit","discrete-tax","primary","0000105132-25-000023","WDFC","True","True","False","True","tax benefit"
"tax-02","tax benefit","discrete-tax","primary","0000105132-25-000061","WDFC","True","True","True","True","tax benefit"
"tax-02","tax benefit","discrete-tax","primary","0000105132-26-000026","WDFC","True","True","True","True","tax benefit"
"tax-02","tax benefit","discrete-tax","primary","0000105132-26-000059","WDFC","True","False","True","True","tax benefit"
"tax-02","tax benefit","discrete-tax","primary","0000320193-25-000077","AAPL","True","False","True","True","tax benefit"
"tax-02","tax benefit","discrete-tax","primary","0000700923-25-000005","MYRG","True","False","True","True","tax benefit"
"tax-02","tax benefit","discrete-tax","primary","0000700923-25-000021","MYRG","True","True","True","True","tax benefit"
"tax-02","tax benefit","discrete-tax","primary","0000700923-25-000028","MYRG","True","True","True","True","tax benefit"
"tax-02","tax benefit","discrete-tax","primary","0000700923-25-000042","MYRG","True","True","True","True","tax benefit"
"tax-02","tax benefit","discrete-tax","primary","0000700923-26-000006","MYRG","True","True","True","True","tax benefit"
"tax-02","tax benefit","discrete-tax","primary","0000700923-26-000026","MYRG","True","True","True","True","tax benefit"
"tax-02","tax benefit","discrete-tax","primary","0000854775-26-000004","DGII","True","True","True","True","tax benefit"
"tax-02","tax benefit","discrete-tax","primary","0000854775-26-000016","DGII","True","False","True","True","tax benefit"
"tax-02","tax benefit","discrete-tax","primary","0000856982-26-000007","MMSI","True","False","True","True","tax benefit"
"tax-02","tax benefit","discrete-tax","primary","0000856982-26-000023","MMSI","True","False","True","True","tax benefit"
"tax-02","tax benefit","discrete-tax","primary","0000908315-26-000004","WINA","True","False","False","False","tax benefit"
"tax-02","tax benefit","discrete-tax","primary","0000908315-26-000016","WINA","True","False","True","False","tax benefit"
"tax-02","tax benefit","discrete-tax","primary","0000908315-26-000027","WINA","True","False","True","False","tax benefit"
"tax-02","tax benefit","discrete-tax","primary","0000921582-25-000005","IMAX","True","False","False","True","tax benefit"
"tax-02","tax benefit","discrete-tax","primary","0000950170-25-074348","AGYS","True","False","True","True","tax benefit"
"tax-02","tax benefit","discrete-tax","primary","0000950170-25-097225","AGYS","True","True","True","True","tax benefit"
"tax-02","tax benefit","discrete-tax","primary","0001022408-26-000017","PLUS","True","False","True","True","tax benefit"
"tax-02","tax benefit","discrete-tax","primary","0001030469-26-000004","OFG","True","True","True","True","tax benefit"
"tax-02","tax benefit","discrete-tax","primary","0001030469-26-000022","OFG","True","True","True","False","tax benefit"
"tax-02","tax benefit","discrete-tax","primary","0001049521-25-000014","MRCY","True","False","False","True","tax benefit"
"tax-02","tax benefit","discrete-tax","primary","0001049521-25-000060","MRCY","False","","","True","tax benefit"
"tax-02","tax benefit","discrete-tax","primary","0001049521-26-000004","MRCY","True","False","False","True","tax benefit"
"tax-02","tax benefit","discrete-tax","primary","0001104659-26-012356","IRMD","True","False","False","False","tax benefit"
"tax-02","tax benefit","discrete-tax","primary","0001140361-26-005834","WTTR","True","False","True","True","tax benefit"
"tax-02","tax benefit","discrete-tax","primary","0001140361-26-023148","PLUS","True","False","True","True","tax benefit"
"tax-02","tax benefit","discrete-tax","primary","0001171843-25-002338","SFBS","True","False","True","True","tax benefit"
"tax-02","tax benefit","discrete-tax","primary","0001171843-25-002627","SHEN","False","","","True","tax benefit"
"tax-02","tax benefit","discrete-tax","primary","0001171843-25-004580","SFBS","True","False","True","True","tax benefit"
"tax-02","tax benefit","discrete-tax","primary","0001171843-25-004919","SHEN","True","False","True","True","tax benefit"
"tax-02","tax benefit","discrete-tax","primary","0001171843-25-006529","SFBS","True","False","True","True","tax benefit"
"tax-02","tax benefit","discrete-tax","primary","0001171843-25-006767","SHEN","False","","","True","tax benefit"
"tax-02","tax benefit","discrete-tax","primary","0001171843-26-000344","SFBS","True","False","True","True","tax benefit"
"tax-02","tax benefit","discrete-tax","primary","0001171843-26-000624","CLFD","True","True","True","True","tax benefit"
"tax-02","tax benefit","discrete-tax","primary","0001171843-26-001118","SHEN","False","","","True","tax benefit"
"tax-02","tax benefit","discrete-tax","primary","0001171843-26-002569","SFBS","True","False","False","True","tax benefit"
"tax-02","tax benefit","discrete-tax","primary","0001171843-26-002912","SHEN","False","","","True","tax benefit"
"tax-02","tax benefit","discrete-tax","primary","0001171843-26-004772","SFBS","True","False","True","True","tax benefit"
"tax-02","tax benefit","discrete-tax","primary","0001171843-26-004973","SHEN","False","","","True","tax benefit"
"tax-02","tax benefit","discrete-tax","primary","0001193125-25-251570","AGYS","True","False","True","True","tax benefit"
"tax-02","tax benefit","discrete-tax","primary","0001193125-25-262948","HLIO","True","True","True","True","tax benefit"
"tax-02","tax benefit","discrete-tax","primary","0001193125-26-022562","AGYS","True","False","True","True","tax benefit"
"tax-02","tax benefit","discrete-tax","primary","0001193125-26-055921","IOSP","True","False","True","True","tax benefit"
"tax-02","tax benefit","discrete-tax","primary","0001193125-26-066953","TMDX","True","True","True","True","tax benefit"
"tax-02","tax benefit","discrete-tax","primary","0001193125-26-079392","TMDX","False","","","False","tax benefit"
"tax-02","tax benefit","discrete-tax","primary","0001193125-26-085812","HLIO","True","False","True","True","tax benefit"
"tax-02","tax benefit","discrete-tax","primary","0001193125-26-228898","AGYS","True","False","False","True","tax benefit"
"tax-02","tax benefit","discrete-tax","primary","0001193125-26-240509","MNRO","True","True","True","True","tax benefit"
"tax-02","tax benefit","discrete-tax","primary","0001193125-26-318055","AGYS","True","False","False","True","tax benefit"
"tax-02","tax benefit","discrete-tax","primary","0001193125-26-322170","MNRO","True","True","True","False","tax benefit"
"tax-02","tax benefit","discrete-tax","primary","0001403161-26-000044","V","True","True","True","True","tax benefit"
"tax-02","tax benefit","discrete-tax","primary","0001403161-26-000077","V","True","False","True","True","tax benefit"
"tax-02","tax benefit","discrete-tax","primary","0001403161-26-000103","V","True","True","True","True","tax benefit"
"tax-02","tax benefit","discrete-tax","primary","0001466593-26-000049","OTTR","False","","","False","tax benefit"
"tax-02","tax benefit","discrete-tax","primary","0001493152-25-008267","SHOO","True","False","True","True","tax benefit"
"tax-02","tax benefit","discrete-tax","primary","0001493152-25-020804","SHOO","False","","","True","tax benefit"
"tax-02","tax benefit","discrete-tax","primary","0001552781-25-000176","WTRG","True","True","True","False","tax benefit"
"tax-02","tax benefit","discrete-tax","primary","0001628280-26-029125","IRMD","True","False","False","False","tax benefit"
"tax-02","tax benefit","discrete-tax","primary","0001654954-25-007859","AEHR","False","","","True","tax benefit"
"tax-02","tax benefit","discrete-tax","primary","0001654954-25-011494","AEHR","False","","","True","tax benefit"
"tax-02","tax benefit","discrete-tax","primary","0001654954-26-000197","AEHR","True","False","True","False","tax benefit"
"tax-02","tax benefit","discrete-tax","primary","0001654954-26-003310","AEHR","False","","","False","tax benefit"
"tax-02","tax benefit","discrete-tax","primary","0001654954-26-006655","AEHR","True","False","True","True","tax benefit"
"tax-02","tax benefit","discrete-tax","primary","0001673985-26-000004","ASIX","True","False","True","True","tax benefit"
"tax-02","tax benefit","discrete-tax","primary","0001673985-26-000033","ASIX","True","False","True","True","tax benefit"
"tax-02","tax benefit","discrete-tax","primary","0001680247-26-000058","PUMP","True","False","True","True","tax benefit"
"tax-03","valuation allowance","discrete-tax","primary","0000921582-25-000005","IMAX","True","False","False","True","valuation allowance"
"tax-03","valuation allowance","discrete-tax","primary","0000921582-25-000022","IMAX","True","False","True","True","valuation allowance"
"tax-03","valuation allowance","discrete-tax","primary","0000921582-25-000064","IMAX","True","False","True","True","valuation allowance"
"tax-03","valuation allowance","discrete-tax","primary","0000950170-25-074348","AGYS","True","False","True","True","valuation allowance"
"tax-03","valuation allowance","discrete-tax","primary","0000950170-25-097225","AGYS","True","True","True","True","valuation allowance"
"tax-03","valuation allowance","discrete-tax","primary","0001023024-26-000013","ANIP","True","False","True","True","valuation allowance"
"tax-03","valuation allowance","discrete-tax","primary","0001030469-26-000004","OFG","True","True","True","True","valuation allowance"
"tax-03","valuation allowance","discrete-tax","primary","0001140361-25-005021","WTTR","True","True","True","True","valuation allowance"
"tax-03","valuation allowance","discrete-tax","primary","0001193125-25-251570","AGYS","True","False","True","True","valuation allowance"
"tax-03","valuation allowance","discrete-tax","primary","0001193125-26-022562","AGYS","True","False","True","True","valuation allowance"
"tax-03","valuation allowance","discrete-tax","primary","0001193125-26-066953","TMDX","True","True","True","True","valuation allowance"
"tax-03","valuation allowance","discrete-tax","primary","0001193125-26-079392","TMDX","False","","","False","valuation allowance"
"tax-03","valuation allowance","discrete-tax","primary","0001193125-26-228898","AGYS","True","False","False","True","valuation allowance"
"tax-03","valuation allowance","discrete-tax","primary","0001193125-26-318055","AGYS","True","False","False","True","valuation allowance"
"tax-03","valuation allowance","discrete-tax","primary","0001628280-25-045977","IMAX","True","False","False","True","valuation allowance"
"tax-03","valuation allowance","discrete-tax","primary","0001628280-26-010689","KWR","True","False","True","True","valuation allowance"
"tax-03","valuation allowance","discrete-tax","primary","0001628280-26-011693","IMAX","True","False","True","True","valuation allowance"
"tax-03","valuation allowance","discrete-tax","primary","0001628280-26-028907","IMAX","True","False","True","True","valuation allowance"
"tax-03","valuation allowance","discrete-tax","primary","0001628280-26-049290","IMAX","True","False","False","True","valuation allowance"
"tax-04","uncertain tax position","discrete-tax","primary","0000105132-25-000013","WDFC","True","True","True","True","uncertain tax position"
"tax-04","uncertain tax position","discrete-tax","primary","0000105132-25-000023","WDFC","True","True","False","True","uncertain tax position"
"tax-04","uncertain tax position","discrete-tax","primary","0000105132-25-000061","WDFC","True","True","True","True","uncertain tax position"
"tax-04","uncertain tax position","discrete-tax","primary","0000105132-26-000026","WDFC","True","True","True","True","uncertain tax position"
"tax-04","uncertain tax position","discrete-tax","primary","0000105132-26-000059","WDFC","True","False","True","True","uncertain tax position"
"tax-04","uncertain tax position","discrete-tax","primary","0000950170-25-074348","AGYS","True","False","True","True","uncertain tax position"
"tax-04","uncertain tax position","discrete-tax","primary","0000950170-25-097225","AGYS","True","True","True","True","uncertain tax position"
"tax-04","uncertain tax position","discrete-tax","primary","0001193125-25-251570","AGYS","True","False","True","True","uncertain tax position"
"tax-04","uncertain tax position","discrete-tax","primary","0001193125-26-022562","AGYS","True","False","True","True","uncertain tax position"
"tax-04","uncertain tax position","discrete-tax","primary","0001193125-26-228898","AGYS","True","False","False","True","uncertain tax position"
"tax-04","uncertain tax position","discrete-tax","primary","0001193125-26-318055","AGYS","True","False","False","True","uncertain tax position"
"tax-04","uncertain tax position","discrete-tax","primary","0001628280-26-010689","KWR","True","False","True","True","uncertain tax position"
"x-01","\bacquisitions?\b","acquisition-divestiture-perimeter","exploratory","0000018230-25-000013","CAT","True","True","True","True","\bacquisitions?\b"
"x-01","\bacquisitions?\b","acquisition-divestiture-perimeter","exploratory","0000018230-25-000037","CAT","True","True","True","True","\bacquisitions?\b"
"x-01","\bacquisitions?\b","acquisition-divestiture-perimeter","exploratory","0000018230-25-000043","CAT","True","False","True","True","\bacquisitions?\b"
"x-01","\bacquisitions?\b","acquisition-divestiture-perimeter","exploratory","0000018230-26-000003","CAT","False","","","True","\bacquisitions?\b"
"x-01","\bacquisitions?\b","acquisition-divestiture-perimeter","exploratory","0000018230-26-000017","CAT","True","False","False","True","\bacquisitions?\b"
"x-01","\bacquisitions?\b","acquisition-divestiture-perimeter","exploratory","0000046250-25-000024","HWKN","True","True","True","True","\bacquisitions?\b"
"x-01","\bacquisitions?\b","acquisition-divestiture-perimeter","exploratory","0000046250-25-000041","HWKN","True","True","True","True","\bacquisitions?\b"
"x-01","\bacquisitions?\b","acquisition-divestiture-perimeter","exploratory","0000046250-25-000056","HWKN","True","True","True","True","\bacquisitions?\b"
"x-01","\bacquisitions?\b","acquisition-divestiture-perimeter","exploratory","0000046250-26-000004","HWKN","True","True","True","True","\bacquisitions?\b"
"x-01","\bacquisitions?\b","acquisition-divestiture-perimeter","exploratory","0000046250-26-000017","HWKN","False","","","True","\bacquisitions?\b"
"x-01","\bacquisitions?\b","acquisition-divestiture-perimeter","exploratory","0000048465-25-000005","HRL","True","True","True","True","\bacquisitions?\b"
"x-01","\bacquisitions?\b","acquisition-divestiture-perimeter","exploratory","0000048465-25-000035","HRL","True","True","True","True","\bacquisitions?\b"
"x-01","\bacquisitions?\b","acquisition-divestiture-perimeter","exploratory","0000048465-25-000042","HRL","False","","","True","\bacquisitions?\b"
"x-01","\bacquisitions?\b","acquisition-divestiture-perimeter","exploratory","0000056978-25-000054","KLIC","False","","","True","\bacquisitions?\b"
"x-01","\bacquisitions?\b","acquisition-divestiture-perimeter","exploratory","0000056978-25-000070","KLIC","False","","","True","\bacquisitions?\b"
"x-01","\bacquisitions?\b","acquisition-divestiture-perimeter","exploratory","0000056978-25-000078","KLIC","True","False","True","True","\bacquisitions?\b"
"x-01","\bacquisitions?\b","acquisition-divestiture-perimeter","exploratory","0000056978-26-000010","KLIC","True","False","True","True","\bacquisitions?\b"
"x-01","\bacquisitions?\b","acquisition-divestiture-perimeter","exploratory","0000056978-26-000018","KLIC","True","False","True","True","\bacquisitions?\b"
"x-01","\bacquisitions?\b","acquisition-divestiture-perimeter","exploratory","0000057131-25-000016","LZB","True","True","True","True","\bacquisitions?\b"
"x-01","\bacquisitions?\b","acquisition-divestiture-perimeter","exploratory","0000057131-25-000028","LZB","True","True","True","True","\bacquisitions?\b"
"x-01","\bacquisitions?\b","acquisition-divestiture-perimeter","exploratory","0000057131-25-000080","LZB","True","True","True","True","\bacquisitions?\b"
"x-01","\bacquisitions?\b","acquisition-divestiture-perimeter","exploratory","0000057131-25-000096","LZB","True","True","True","True","\bacquisitions?\b"
"x-01","\bacquisitions?\b","acquisition-divestiture-perimeter","exploratory","0000057131-26-000006","LZB","True","True","True","True","\bacquisitions?\b"
"x-01","\bacquisitions?\b","acquisition-divestiture-perimeter","exploratory","0000057131-26-000018","LZB","True","True","True","True","\bacquisitions?\b"
"x-01","\bacquisitions?\b","acquisition-divestiture-perimeter","exploratory","0000080420-25-000095","POWL","True","True","False","False","\bacquisitions?\b"
"x-01","\bacquisitions?\b","acquisition-divestiture-perimeter","exploratory","0000080420-25-000145","POWL","True","True","False","False","\bacquisitions?\b"
"x-01","\bacquisitions?\b","acquisition-divestiture-perimeter","exploratory","0000093410-25-000016","CVX","True","False","True","True","\bacquisitions?\b"
"x-01","\bacquisitions?\b","acquisition-divestiture-perimeter","exploratory","0000093410-25-000058","CVX","True","True","True","True","\bacquisitions?\b"
"x-01","\bacquisitions?\b","acquisition-divestiture-perimeter","exploratory","0000093410-25-000103","CVX","False","","","True","\bacquisitions?\b"
"x-01","\bacquisitions?\b","acquisition-divestiture-perimeter","exploratory","0000093410-26-000019","CVX","True","True","True","True","\bacquisitions?\b"
"x-01","\bacquisitions?\b","acquisition-divestiture-perimeter","exploratory","0000093410-26-000110","CVX","True","True","True","True","\bacquisitions?\b"
"x-01","\bacquisitions?\b","acquisition-divestiture-perimeter","exploratory","0000105132-25-000013","WDFC","True","True","True","True","\bacquisitions?\b"
"x-01","\bacquisitions?\b","acquisition-divestiture-perimeter","exploratory","0000105132-25-000023","WDFC","True","True","False","True","\bacquisitions?\b"
"x-01","\bacquisitions?\b","acquisition-divestiture-perimeter","exploratory","0000105132-25-000061","WDFC","True","True","True","True","\bacquisitions?\b"
"x-01","\bacquisitions?\b","acquisition-divestiture-perimeter","exploratory","0000108985-26-000013","YORW","False","","","True","\bacquisitions?\b"
"x-01","\bacquisitions?\b","acquisition-divestiture-perimeter","exploratory","0000108985-26-000040","YORW","True","True","True","False","\bacquisitions?\b"
"x-01","\bacquisitions?\b","acquisition-divestiture-perimeter","exploratory","0000200406-25-000110","JNJ","False","","","True","\bacquisitions?\b"
"x-01","\bacquisitions?\b","acquisition-divestiture-perimeter","exploratory","0000200406-25-000170","JNJ","True","True","True","True","\bacquisitions?\b"
"x-01","\bacquisitions?\b","acquisition-divestiture-perimeter","exploratory","0000200406-25-000201","JNJ","True","True","True","True","\bacquisitions?\b"
"x-01","\bacquisitions?\b","acquisition-divestiture-perimeter","exploratory","0000200406-26-000002","JNJ","False","","","True","\bacquisitions?\b"
"x-01","\bacquisitions?\b","acquisition-divestiture-perimeter","exploratory","0000200406-26-000076","JNJ","True","True","True","True","\bacquisitions?\b"
"x-01","\bacquisitions?\b","acquisition-divestiture-perimeter","exploratory","0000200406-26-000146","JNJ","True","True","True","True","\bacquisitions?\b"
"x-01","\bacquisitions?\b","acquisition-divestiture-perimeter","exploratory","0000320193-25-000055","AAPL","True","False","False","False","\bacquisitions?\b"
"x-01","\bacquisitions?\b","acquisition-divestiture-perimeter","exploratory","0000320193-25-000071","AAPL","True","False","False","False","\bacquisitions?\b"
"x-01","\bacquisitions?\b","acquisition-divestiture-perimeter","exploratory","0000320193-25-000077","AAPL","True","False","True","True","\bacquisitions?\b"
"x-01","\bacquisitions?\b","acquisition-divestiture-perimeter","exploratory","0000320193-26-000005","AAPL","True","False","False","False","\bacquisitions?\b"
"x-01","\bacquisitions?\b","acquisition-divestiture-perimeter","exploratory","0000320193-26-000011","AAPL","True","False","False","False","\bacquisitions?\b"
"x-01","\bacquisitions?\b","acquisition-divestiture-perimeter","exploratory","0000700923-25-000005","MYRG","True","True","True","True","\bacquisitions?\b"
"x-01","\bacquisitions?\b","acquisition-divestiture-perimeter","exploratory","0000700923-25-000021","MYRG","True","True","True","True","\bacquisitions?\b"
"x-01","\bacquisitions?\b","acquisition-divestiture-perimeter","exploratory","0000700923-25-000028","MYRG","True","True","True","True","\bacquisitions?\b"
"x-01","\bacquisitions?\b","acquisition-divestiture-perimeter","exploratory","0000700923-25-000042","MYRG","True","True","True","True","\bacquisitions?\b"
"x-01","\bacquisitions?\b","acquisition-divestiture-perimeter","exploratory","0000700923-26-000006","MYRG","True","True","True","True","\bacquisitions?\b"
"x-01","\bacquisitions?\b","acquisition-divestiture-perimeter","exploratory","0000708781-26-000020","CASS","True","False","True","True","\bacquisitions?\b"
"x-01","\bacquisitions?\b","acquisition-divestiture-perimeter","exploratory","0000708781-26-000028","CASS","True","False","True","True","\bacquisitions?\b"
"x-01","\bacquisitions?\b","acquisition-divestiture-perimeter","exploratory","0000854775-26-000004","DGII","True","True","True","True","\bacquisitions?\b"
"x-01","\bacquisitions?\b","acquisition-divestiture-perimeter","exploratory","0000854775-26-000016","DGII","True","True","True","True","\bacquisitions?\b"
"x-01","\bacquisitions?\b","acquisition-divestiture-perimeter","exploratory","0000856982-26-000007","MMSI","True","True","True","True","\bacquisitions?\b"
"x-01","\bacquisitions?\b","acquisition-divestiture-perimeter","exploratory","0000856982-26-000023","MMSI","True","True","True","True","\bacquisitions?\b"
"x-01","\bacquisitions?\b","acquisition-divestiture-perimeter","exploratory","0000874238-25-000119","STRL","True","True","True","False","\bacquisitions?\b"
"x-01","\bacquisitions?\b","acquisition-divestiture-perimeter","exploratory","0000874238-25-000133","STRL","True","True","True","False","\bacquisitions?\b"
"x-01","\bacquisitions?\b","acquisition-divestiture-perimeter","exploratory","0000874238-26-000018","STRL","True","True","True","True","\bacquisitions?\b"
"x-01","\bacquisitions?\b","acquisition-divestiture-perimeter","exploratory","0000874238-26-000052","STRL","True","True","True","False","\bacquisitions?\b"
"x-01","\bacquisitions?\b","acquisition-divestiture-perimeter","exploratory","0000921582-25-000005","IMAX","True","False","False","True","\bacquisitions?\b"
"x-01","\bacquisitions?\b","acquisition-divestiture-perimeter","exploratory","0000921582-25-000022","IMAX","True","False","True","True","\bacquisitions?\b"
"x-01","\bacquisitions?\b","acquisition-divestiture-perimeter","exploratory","0000921582-25-000064","IMAX","True","False","True","True","\bacquisitions?\b"
"x-01","\bacquisitions?\b","acquisition-divestiture-perimeter","exploratory","0000950170-25-026058","DEA","True","True","True","True","\bacquisitions?\b"
"x-01","\bacquisitions?\b","acquisition-divestiture-perimeter","exploratory","0000950170-25-029071","TMDX","True","False","False","False","\bacquisitions?\b"
"x-01","\bacquisitions?\b","acquisition-divestiture-perimeter","exploratory","0000950170-25-057490","GTY","True","True","True","True","\bacquisitions?\b"
"x-01","\bacquisitions?\b","acquisition-divestiture-perimeter","exploratory","0000950170-25-057674","HZO","False","","","True","\bacquisitions?\b"
"x-01","\bacquisitions?\b","acquisition-divestiture-perimeter","exploratory","0000950170-25-059541","DEA","False","","","True","\bacquisitions?\b"
"x-01","\bacquisitions?\b","acquisition-divestiture-perimeter","exploratory","0000950170-25-064564","HLIO","True","False","True","True","\bacquisitions?\b"
"x-01","\bacquisitions?\b","acquisition-divestiture-perimeter","exploratory","0000950170-25-066916","TMDX","True","False","False","False","\bacquisitions?\b"
"x-01","\bacquisitions?\b","acquisition-divestiture-perimeter","exploratory","0000950170-25-073102","FLO","False","","","True","\bacquisitions?\b"
"x-01","\bacquisitions?\b","acquisition-divestiture-perimeter","exploratory","0000950170-25-074348","AGYS","True","True","True","True","\bacquisitions?\b"
"x-01","\bacquisitions?\b","acquisition-divestiture-perimeter","exploratory","0000950170-25-097908","GTY","True","True","True","True","\bacquisitions?\b"
"x-01","\bacquisitions?\b","acquisition-divestiture-perimeter","exploratory","0000950170-25-098144","HZO","False","","","True","\bacquisitions?\b"
"x-01","\bacquisitions?\b","acquisition-divestiture-perimeter","exploratory","0000950170-25-100228","TMDX","True","False","False","False","\bacquisitions?\b"
"x-01","\bacquisitions?\b","acquisition-divestiture-perimeter","exploratory","0000950170-25-102060","HLIO","True","True","False","True","\bacquisitions?\b"
"x-01","\bacquisitions?\b","acquisition-divestiture-perimeter","exploratory","0000950170-25-102370","DEA","True","True","True","True","\bacquisitions?\b"
"x-01","\bacquisitions?\b","acquisition-divestiture-perimeter","exploratory","0001022408-26-000017","PLUS","True","True","True","True","\bacquisitions?\b"
"x-01","\bacquisitions?\b","acquisition-divestiture-perimeter","exploratory","0001023024-26-000013","ANIP","True","True","True","True","\bacquisitions?\b"
"x-01","\bacquisitions?\b","acquisition-divestiture-perimeter","exploratory","0001023024-26-000049","ANIP","True","False","True","True","\bacquisitions?\b"
"x-01","\bacquisitions?\b","acquisition-divestiture-perimeter","exploratory","0001030469-25-000047","OFG","True","False","True","False","\bacquisitions?\b"
"x-01","\bacquisitions?\b","acquisition-divestiture-perimeter","exploratory","0001030469-26-000004","OFG","True","True","True","True","\bacquisitions?\b"
"x-01","\bacquisitions?\b","acquisition-divestiture-perimeter","exploratory","0001049521-25-000014","MRCY","True","False","False","True","\bacquisitions?\b"
"x-01","\bacquisitions?\b","acquisition-divestiture-perimeter","exploratory","0001049521-25-000022","MRCY","True","False","False","True","\bacquisitions?\b"
"x-01","\bacquisitions?\b","acquisition-divestiture-perimeter","exploratory","0001049521-25-000060","MRCY","False","","","True","\bacquisitions?\b"
"x-01","\bacquisitions?\b","acquisition-divestiture-perimeter","exploratory","0001049521-26-000004","MRCY","True","False","False","True","\bacquisitions?\b"
"x-01","\bacquisitions?\b","acquisition-divestiture-perimeter","exploratory","0001049521-26-000021","MRCY","True","False","False","True","\bacquisitions?\b"
"x-01","\bacquisitions?\b","acquisition-divestiture-perimeter","exploratory","0001104659-25-020404","CYRX","False","","","True","\bacquisitions?\b"
"x-01","\bacquisitions?\b","acquisition-divestiture-perimeter","exploratory","0001104659-25-045557","CYRX","True","True","True","True","\bacquisitions?\b"
"x-01","\bacquisitions?\b","acquisition-divestiture-perimeter","exploratory","0001104659-25-074314","CYRX","True","True","True","True","\bacquisitions?\b"
"x-01","\bacquisitions?\b","acquisition-divestiture-perimeter","exploratory","0001104659-25-106421","CYRX","True","True","True","True","\bacquisitions?\b"
"x-01","\bacquisitions?\b","acquisition-divestiture-perimeter","exploratory","0001104659-25-109314","WTTR","True","True","True","True","\bacquisitions?\b"
"x-01","\bacquisitions?\b","acquisition-divestiture-perimeter","exploratory","0001104659-26-012356","IRMD","True","False","False","False","\bacquisitions?\b"
"x-01","\bacquisitions?\b","acquisition-divestiture-perimeter","exploratory","0001104659-26-022940","CYRX","True","True","True","True","\bacquisitions?\b"
"x-01","\bacquisitions?\b","acquisition-divestiture-perimeter","exploratory","0001104659-26-054942","CYRX","True","True","True","True","\bacquisitions?\b"
"x-01","\bacquisitions?\b","acquisition-divestiture-perimeter","exploratory","0001140361-25-005021","WTTR","True","True","True","True","\bacquisitions?\b"
"x-01","\bacquisitions?\b","acquisition-divestiture-perimeter","exploratory","0001140361-25-017561","WTTR","True","True","True","True","\bacquisitions?\b"
"x-01","\bacquisitions?\b","acquisition-divestiture-perimeter","exploratory","0001140361-25-028927","WTTR","True","True","True","True","\bacquisitions?\b"
"x-01","\bacquisitions?\b","acquisition-divestiture-perimeter","exploratory","0001140361-26-005834","WTTR","True","True","True","True","\bacquisitions?\b"
"x-01","\bacquisitions?\b","acquisition-divestiture-perimeter","exploratory","0001140361-26-019129","WTTR","True","True","True","True","\bacquisitions?\b"
"x-01","\bacquisitions?\b","acquisition-divestiture-perimeter","exploratory","0001140361-26-023148","PLUS","True","True","True","True","\bacquisitions?\b"
"x-01","\bacquisitions?\b","acquisition-divestiture-perimeter","exploratory","0001169561-25-000030","CVLT","True","True","True","True","\bacquisitions?\b"
"x-01","\bacquisitions?\b","acquisition-divestiture-perimeter","exploratory","0001169561-25-000066","CVLT","True","True","False","True","\bacquisitions?\b"
"x-01","\bacquisitions?\b","acquisition-divestiture-perimeter","exploratory","0001169561-25-000083","CVLT","True","True","True","True","\bacquisitions?\b"
"x-01","\bacquisitions?\b","acquisition-divestiture-perimeter","exploratory","0001169561-26-000003","CVLT","True","False","True","True","\bacquisitions?\b"
"x-01","\bacquisitions?\b","acquisition-divestiture-perimeter","exploratory","0001169561-26-000013","CVLT","True","True","True","True","\bacquisitions?\b"
"x-01","\bacquisitions?\b","acquisition-divestiture-perimeter","exploratory","0001169561-26-000020","CVLT","True","False","True","True","\bacquisitions?\b"
"x-01","\bacquisitions?\b","acquisition-divestiture-perimeter","exploratory","0001171843-25-000948","SHEN","False","","","True","\bacquisitions?\b"
"x-01","\bacquisitions?\b","acquisition-divestiture-perimeter","exploratory","0001171843-25-002338","SFBS","True","False","True","True","\bacquisitions?\b"
"x-01","\bacquisitions?\b","acquisition-divestiture-perimeter","exploratory","0001171843-25-002627","SHEN","False","","","True","\bacquisitions?\b"
"x-01","\bacquisitions?\b","acquisition-divestiture-perimeter","exploratory","0001171843-25-002859","UFPT","True","True","True","False","\bacquisitions?\b"
"x-01","\bacquisitions?\b","acquisition-divestiture-perimeter","exploratory","0001171843-25-004580","SFBS","True","False","True","True","\bacquisitions?\b"
"x-01","\bacquisitions?\b","acquisition-divestiture-perimeter","exploratory","0001171843-25-004919","SHEN","True","True","True","True","\bacquisitions?\b"
"x-01","\bacquisitions?\b","acquisition-divestiture-perimeter","exploratory","0001171843-25-005027","UFPT","True","True","True","False","\bacquisitions?\b"
"x-01","\bacquisitions?\b","acquisition-divestiture-perimeter","exploratory","0001171843-25-006529","SFBS","True","False","True","True","\bacquisitions?\b"
"x-01","\bacquisitions?\b","acquisition-divestiture-perimeter","exploratory","0001171843-25-006767","SHEN","False","","","True","\bacquisitions?\b"
"x-01","\bacquisitions?\b","acquisition-divestiture-perimeter","exploratory","0001171843-26-000344","SFBS","True","False","True","True","\bacquisitions?\b"
"x-01","\bacquisitions?\b","acquisition-divestiture-perimeter","exploratory","0001171843-26-000624","CLFD","True","True","True","True","\bacquisitions?\b"
"x-01","\bacquisitions?\b","acquisition-divestiture-perimeter","exploratory","0001171843-26-001118","SHEN","False","","","True","\bacquisitions?\b"
"x-01","\bacquisitions?\b","acquisition-divestiture-perimeter","exploratory","0001171843-26-002569","SFBS","True","False","False","True","\bacquisitions?\b"
"x-01","\bacquisitions?\b","acquisition-divestiture-perimeter","exploratory","0001171843-26-002912","SHEN","False","","","True","\bacquisitions?\b"
"x-01","\bacquisitions?\b","acquisition-divestiture-perimeter","exploratory","0001171843-26-003066","CLFD","False","","","True","\bacquisitions?\b"
"x-01","\bacquisitions?\b","acquisition-divestiture-perimeter","exploratory","0001171843-26-004772","SFBS","True","False","True","True","\bacquisitions?\b"
"x-01","\bacquisitions?\b","acquisition-divestiture-perimeter","exploratory","0001171843-26-004973","SHEN","False","","","True","\bacquisitions?\b"
"x-01","\bacquisitions?\b","acquisition-divestiture-perimeter","exploratory","0001193125-25-181264","FLO","True","True","True","True","\bacquisitions?\b"
"x-01","\bacquisitions?\b","acquisition-divestiture-perimeter","exploratory","0001193125-25-246857","GTY","True","True","True","True","\bacquisitions?\b"
"x-01","\bacquisitions?\b","acquisition-divestiture-perimeter","exploratory","0001193125-25-250666","DEA","True","True","True","True","\bacquisitions?\b"
"x-01","\bacquisitions?\b","acquisition-divestiture-perimeter","exploratory","0001193125-25-256326","TMDX","True","False","False","False","\bacquisitions?\b"
"x-01","\bacquisitions?\b","acquisition-divestiture-perimeter","exploratory","0001193125-25-262948","HLIO","True","True","True","True","\bacquisitions?\b"
"x-01","\bacquisitions?\b","acquisition-divestiture-perimeter","exploratory","0001193125-25-269692","FLO","True","True","True","True","\bacquisitions?\b"
"x-01","\bacquisitions?\b","acquisition-divestiture-perimeter","exploratory","0001193125-25-279026","HZO","False","","","True","\bacquisitions?\b"
"x-01","\bacquisitions?\b","acquisition-divestiture-perimeter","exploratory","0001193125-26-028226","HZO","False","","","False","\bacquisitions?\b"
"x-01","\bacquisitions?\b","acquisition-divestiture-perimeter","exploratory","0001193125-26-046585","PLMR","True","True","True","False","\bacquisitions?\b"
"x-01","\bacquisitions?\b","acquisition-divestiture-perimeter","exploratory","0001193125-26-046677","GTY","True","True","True","True","\bacquisitions?\b"
"x-01","\bacquisitions?\b","acquisition-divestiture-perimeter","exploratory","0001193125-26-048756","FLO","False","","","True","\bacquisitions?\b"
"x-01","\bacquisitions?\b","acquisition-divestiture-perimeter","exploratory","0001193125-26-055921","IOSP","True","False","True","True","\bacquisitions?\b"
"x-01","\bacquisitions?\b","acquisition-divestiture-perimeter","exploratory","0001193125-26-062369","DEA","False","","","True","\bacquisitions?\b"
"x-01","\bacquisitions?\b","acquisition-divestiture-perimeter","exploratory","0001193125-26-066953","TMDX","True","False","True","True","\bacquisitions?\b"
"x-01","\bacquisitions?\b","acquisition-divestiture-perimeter","exploratory","0001193125-26-079392","TMDX","False","","","False","\bacquisitions?\b"
"x-01","\bacquisitions?\b","acquisition-divestiture-perimeter","exploratory","0001193125-26-085812","HLIO","True","True","True","True","\bacquisitions?\b"
"x-01","\bacquisitions?\b","acquisition-divestiture-perimeter","exploratory","0001193125-26-101175","KGS","False","","","False","\bacquisitions?\b"
"x-01","\bacquisitions?\b","acquisition-divestiture-perimeter","exploratory","0001193125-26-170614","GTY","True","True","True","True","\bacquisitions?\b"
"x-01","\bacquisitions?\b","acquisition-divestiture-perimeter","exploratory","0001193125-26-171882","HZO","False","","","True","\bacquisitions?\b"
"x-01","\bacquisitions?\b","acquisition-divestiture-perimeter","exploratory","0001193125-26-206347","TMDX","False","","","True","\bacquisitions?\b"
"x-01","\bacquisitions?\b","acquisition-divestiture-perimeter","exploratory","0001193125-26-209013","PLMR","True","True","True","False","\bacquisitions?\b"
"x-01","\bacquisitions?\b","acquisition-divestiture-perimeter","exploratory","0001193125-26-213160","IOSP","True","False","True","False","\bacquisitions?\b"
"x-01","\bacquisitions?\b","acquisition-divestiture-perimeter","exploratory","0001193125-26-217028","HLIO","True","True","True","True","\bacquisitions?\b"
"x-01","\bacquisitions?\b","acquisition-divestiture-perimeter","exploratory","0001193125-26-234421","FLO","False","","","True","\bacquisitions?\b"
"x-01","\bacquisitions?\b","acquisition-divestiture-perimeter","exploratory","0001193125-26-312471","GTY","True","True","True","True","\bacquisitions?\b"
"x-01","\bacquisitions?\b","acquisition-divestiture-perimeter","exploratory","0001193125-26-313363","HZO","True","False","True","True","\bacquisitions?\b"
"x-01","\bacquisitions?\b","acquisition-divestiture-perimeter","exploratory","0001403161-25-000051","V","True","True","True","True","\bacquisitions?\b"
"x-01","\bacquisitions?\b","acquisition-divestiture-perimeter","exploratory","0001403161-25-000077","V","True","True","True","True","\bacquisitions?\b"
"x-01","\bacquisitions?\b","acquisition-divestiture-perimeter","exploratory","0001403161-26-000044","V","True","True","True","True","\bacquisitions?\b"
"x-01","\bacquisitions?\b","acquisition-divestiture-perimeter","exploratory","0001403161-26-000077","V","True","True","True","True","\bacquisitions?\b"
"x-01","\bacquisitions?\b","acquisition-divestiture-perimeter","exploratory","0001403161-26-000103","V","True","True","True","True","\bacquisitions?\b"
"x-01","\bacquisitions?\b","acquisition-divestiture-perimeter","exploratory","0001437749-25-004235","BELFB","False","","","True","\bacquisitions?\b"
"x-01","\bacquisitions?\b","acquisition-divestiture-perimeter","exploratory","0001437749-25-012997","BELFB","False","","","True","\bacquisitions?\b"
"x-01","\bacquisitions?\b","acquisition-divestiture-perimeter","exploratory","0001437749-25-023426","BELFB","True","True","True","True","\bacquisitions?\b"
"x-01","\bacquisitions?\b","acquisition-divestiture-perimeter","exploratory","0001437749-25-032198","BELFB","True","True","True","True","\bacquisitions?\b"
"x-01","\bacquisitions?\b","acquisition-divestiture-perimeter","exploratory","0001437749-26-002719","JJSF","False","","","True","\bacquisitions?\b"
"x-01","\bacquisitions?\b","acquisition-divestiture-perimeter","exploratory","0001437749-26-004366","BELFB","False","","","True","\bacquisitions?\b"
"x-01","\bacquisitions?\b","acquisition-divestiture-perimeter","exploratory","0001437749-26-013888","BELFB","True","True","True","True","\bacquisitions?\b"
"x-01","\bacquisitions?\b","acquisition-divestiture-perimeter","exploratory","0001437749-26-015010","JJSF","True","False","True","True","\bacquisitions?\b"
"x-01","\bacquisitions?\b","acquisition-divestiture-perimeter","exploratory","0001437749-26-019382","IDT","True","True","False","True","\bacquisitions?\b"
"x-01","\bacquisitions?\b","acquisition-divestiture-perimeter","exploratory","0001493152-25-008267","SHOO","True","True","True","True","\bacquisitions?\b"
"x-01","\bacquisitions?\b","acquisition-divestiture-perimeter","exploratory","0001493152-25-011490","SHOO","True","True","True","True","\bacquisitions?\b"
"x-01","\bacquisitions?\b","acquisition-divestiture-perimeter","exploratory","0001493152-25-020615","UMH","True","True","True","True","\bacquisitions?\b"
"x-01","\bacquisitions?\b","acquisition-divestiture-perimeter","exploratory","0001493152-25-020804","SHOO","False","","","True","\bacquisitions?\b"
"x-01","\bacquisitions?\b","acquisition-divestiture-perimeter","exploratory","0001493152-26-007955","SHOO","True","True","True","True","\bacquisitions?\b"
"x-01","\bacquisitions?\b","acquisition-divestiture-perimeter","exploratory","0001493152-26-008051","UMH","True","True","True","True","\bacquisitions?\b"
"x-01","\bacquisitions?\b","acquisition-divestiture-perimeter","exploratory","0001493152-26-009545","IDT","True","False","False","True","\bacquisitions?\b"
"x-01","\bacquisitions?\b","acquisition-divestiture-perimeter","exploratory","0001493152-26-020648","UMH","False","","","True","\bacquisitions?\b"
"x-01","\bacquisitions?\b","acquisition-divestiture-perimeter","exploratory","0001493152-26-021398","SHOO","True","True","True","True","\bacquisitions?\b"
"x-01","\bacquisitions?\b","acquisition-divestiture-perimeter","exploratory","0001519449-25-000005","SKWD","True","True","True","True","\bacquisitions?\b"
"x-01","\bacquisitions?\b","acquisition-divestiture-perimeter","exploratory","0001519449-25-000019","SKWD","True","False","False","True","\bacquisitions?\b"
"x-01","\bacquisitions?\b","acquisition-divestiture-perimeter","exploratory","0001519449-25-000033","SKWD","True","False","True","True","\bacquisitions?\b"
"x-01","\bacquisitions?\b","acquisition-divestiture-perimeter","exploratory","0001519449-25-000053","SKWD","True","True","True","True","\bacquisitions?\b"
"x-01","\bacquisitions?\b","acquisition-divestiture-perimeter","exploratory","0001519449-26-000005","SKWD","True","True","True","True","\bacquisitions?\b"
"x-01","\bacquisitions?\b","acquisition-divestiture-perimeter","exploratory","0001519449-26-000032","SKWD","False","","","True","\bacquisitions?\b"
"x-01","\bacquisitions?\b","acquisition-divestiture-perimeter","exploratory","0001552781-25-000041","WTRG","True","True","True","True","\bacquisitions?\b"
"x-01","\bacquisitions?\b","acquisition-divestiture-perimeter","exploratory","0001552781-25-000176","WTRG","True","True","True","False","\bacquisitions?\b"
"x-01","\bacquisitions?\b","acquisition-divestiture-perimeter","exploratory","0001552781-25-000235","WTRG","True","True","True","True","\bacquisitions?\b"
"x-01","\bacquisitions?\b","acquisition-divestiture-perimeter","exploratory","0001552781-25-000394","WTRG","True","True","True","True","\bacquisitions?\b"
"x-01","\bacquisitions?\b","acquisition-divestiture-perimeter","exploratory","0001552781-26-000071","WTRG","False","","","True","\bacquisitions?\b"
"x-01","\bacquisitions?\b","acquisition-divestiture-perimeter","exploratory","0001552781-26-000307","WTRG","True","True","True","True","\bacquisitions?\b"
"x-01","\bacquisitions?\b","acquisition-divestiture-perimeter","exploratory","0001562762-26-000044","CALM","False","","","False","\bacquisitions?\b"
"x-01","\bacquisitions?\b","acquisition-divestiture-perimeter","exploratory","0001562762-26-000078","CALM","True","True","True","False","\bacquisitions?\b"
"x-01","\bacquisitions?\b","acquisition-divestiture-perimeter","exploratory","0001622194-26-000014","DEA","True","True","True","True","\bacquisitions?\b"
"x-01","\bacquisitions?\b","acquisition-divestiture-perimeter","exploratory","0001628280-25-045977","IMAX","True","False","False","True","\bacquisitions?\b"
"x-01","\bacquisitions?\b","acquisition-divestiture-perimeter","exploratory","0001628280-25-048260","UFPT","True","True","True","False","\bacquisitions?\b"
"x-01","\bacquisitions?\b","acquisition-divestiture-perimeter","exploratory","0001628280-26-009722","MSEX","True","False","True","True","\bacquisitions?\b"
"x-01","\bacquisitions?\b","acquisition-divestiture-perimeter","exploratory","0001628280-26-010689","KWR","True","True","True","True","\bacquisitions?\b"
"x-01","\bacquisitions?\b","acquisition-divestiture-perimeter","exploratory","0001628280-26-011150","UFPT","True","True","True","False","\bacquisitions?\b"
"x-01","\bacquisitions?\b","acquisition-divestiture-perimeter","exploratory","0001628280-26-011693","IMAX","True","False","True","True","\bacquisitions?\b"
"x-01","\bacquisitions?\b","acquisition-divestiture-perimeter","exploratory","0001628280-26-028907","IMAX","True","False","True","True","\bacquisitions?\b"
"x-01","\bacquisitions?\b","acquisition-divestiture-perimeter","exploratory","0001628280-26-028945","KWR","False","","","True","\bacquisitions?\b"
"x-01","\bacquisitions?\b","acquisition-divestiture-perimeter","exploratory","0001628280-26-029125","IRMD","True","False","False","False","\bacquisitions?\b"
"x-01","\bacquisitions?\b","acquisition-divestiture-perimeter","exploratory","0001628280-26-029906","UFPT","True","True","True","False","\bacquisitions?\b"
"x-01","\bacquisitions?\b","acquisition-divestiture-perimeter","exploratory","0001628280-26-049290","IMAX","True","False","False","True","\bacquisitions?\b"
"x-01","\bacquisitions?\b","acquisition-divestiture-perimeter","exploratory","0001641172-25-008949","SHOO","True","True","True","True","\bacquisitions?\b"
"x-01","\bacquisitions?\b","acquisition-divestiture-perimeter","exploratory","0001654954-25-004020","AEHR","True","True","True","False","\bacquisitions?\b"
"x-01","\bacquisitions?\b","acquisition-divestiture-perimeter","exploratory","0001654954-25-007859","AEHR","False","","","True","\bacquisitions?\b"
"x-01","\bacquisitions?\b","acquisition-divestiture-perimeter","exploratory","0001654954-25-011494","AEHR","False","","","True","\bacquisitions?\b"
"x-01","\bacquisitions?\b","acquisition-divestiture-perimeter","exploratory","0001654954-26-000197","AEHR","True","True","True","False","\bacquisitions?\b"
"x-01","\bacquisitions?\b","acquisition-divestiture-perimeter","exploratory","0001654954-26-003310","AEHR","False","","","False","\bacquisitions?\b"
"x-01","\bacquisitions?\b","acquisition-divestiture-perimeter","exploratory","0001654954-26-006655","AEHR","True","True","True","True","\bacquisitions?\b"
"x-01","\bacquisitions?\b","acquisition-divestiture-perimeter","exploratory","0001673985-26-000004","ASIX","True","False","True","True","\bacquisitions?\b"
"x-01","\bacquisitions?\b","acquisition-divestiture-perimeter","exploratory","0001673985-26-000033","ASIX","True","False","True","True","\bacquisitions?\b"
"x-01","\bacquisitions?\b","acquisition-divestiture-perimeter","exploratory","0001680247-26-000024","PUMP","False","","","True","\bacquisitions?\b"
"x-01","\bacquisitions?\b","acquisition-divestiture-perimeter","exploratory","0001680247-26-000058","PUMP","True","True","True","True","\bacquisitions?\b"
"x-01","\bacquisitions?\b","acquisition-divestiture-perimeter","exploratory","0001694028-26-000021","LBRT","True","False","False","True","\bacquisitions?\b"
"x-01","\bacquisitions?\b","acquisition-divestiture-perimeter","exploratory","0001694028-26-000036","LBRT","True","False","False","True","\bacquisitions?\b"
"x-01","\bacquisitions?\b","acquisition-divestiture-perimeter","exploratory","0001767042-26-000009","KGS","True","True","True","True","\bacquisitions?\b"
"x-01","\bacquisitions?\b","acquisition-divestiture-perimeter","exploratory","0001767042-26-000041","KGS","True","True","True","True","\bacquisitions?\b"
"x-02","\bdivestitures?\b","acquisition-divestiture-perimeter","exploratory","0000018230-25-000013","CAT","True","True","True","True","\bdivestitures?\b"
"x-02","\bdivestitures?\b","acquisition-divestiture-perimeter","exploratory","0000018230-25-000037","CAT","True","True","True","True","\bdivestitures?\b"
"x-02","\bdivestitures?\b","acquisition-divestiture-perimeter","exploratory","0000018230-25-000043","CAT","True","False","True","True","\bdivestitures?\b"
"x-02","\bdivestitures?\b","acquisition-divestiture-perimeter","exploratory","0000018230-26-000003","CAT","False","","","True","\bdivestitures?\b"
"x-02","\bdivestitures?\b","acquisition-divestiture-perimeter","exploratory","0000018230-26-000017","CAT","True","False","False","True","\bdivestitures?\b"
"x-02","\bdivestitures?\b","acquisition-divestiture-perimeter","exploratory","0000048465-25-000005","HRL","True","True","True","True","\bdivestitures?\b"
"x-02","\bdivestitures?\b","acquisition-divestiture-perimeter","exploratory","0000048465-25-000035","HRL","True","True","True","True","\bdivestitures?\b"
"x-02","\bdivestitures?\b","acquisition-divestiture-perimeter","exploratory","0000048465-25-000042","HRL","False","","","True","\bdivestitures?\b"
"x-02","\bdivestitures?\b","acquisition-divestiture-perimeter","exploratory","0000048465-25-000056","HRL","False","","","True","\bdivestitures?\b"
"x-02","\bdivestitures?\b","acquisition-divestiture-perimeter","exploratory","0000048465-26-000018","HRL","False","","","True","\bdivestitures?\b"
"x-02","\bdivestitures?\b","acquisition-divestiture-perimeter","exploratory","0000048465-26-000024","HRL","True","True","True","True","\bdivestitures?\b"
"x-02","\bdivestitures?\b","acquisition-divestiture-perimeter","exploratory","0000056978-25-000054","KLIC","False","","","True","\bdivestitures?\b"
"x-02","\bdivestitures?\b","acquisition-divestiture-perimeter","exploratory","0000056978-25-000070","KLIC","False","","","True","\bdivestitures?\b"
"x-02","\bdivestitures?\b","acquisition-divestiture-perimeter","exploratory","0000056978-25-000078","KLIC","True","False","True","True","\bdivestitures?\b"
"x-02","\bdivestitures?\b","acquisition-divestiture-perimeter","exploratory","0000056978-26-000010","KLIC","True","False","True","True","\bdivestitures?\b"
"x-02","\bdivestitures?\b","acquisition-divestiture-perimeter","exploratory","0000056978-26-000018","KLIC","True","False","True","True","\bdivestitures?\b"
"x-02","\bdivestitures?\b","acquisition-divestiture-perimeter","exploratory","0000057131-26-000006","LZB","True","True","True","True","\bdivestitures?\b"
"x-02","\bdivestitures?\b","acquisition-divestiture-perimeter","exploratory","0000057131-26-000018","LZB","True","True","True","True","\bdivestitures?\b"
"x-02","\bdivestitures?\b","acquisition-divestiture-perimeter","exploratory","0000093410-25-000016","CVX","True","False","True","True","\bdivestitures?\b"
"x-02","\bdivestitures?\b","acquisition-divestiture-perimeter","exploratory","0000093410-25-000058","CVX","True","True","True","True","\bdivestitures?\b"
"x-02","\bdivestitures?\b","acquisition-divestiture-perimeter","exploratory","0000093410-25-000103","CVX","False","","","True","\bdivestitures?\b"
"x-02","\bdivestitures?\b","acquisition-divestiture-perimeter","exploratory","0000093410-26-000019","CVX","True","True","True","True","\bdivestitures?\b"
"x-02","\bdivestitures?\b","acquisition-divestiture-perimeter","exploratory","0000093410-26-000110","CVX","True","True","True","True","\bdivestitures?\b"
"x-02","\bdivestitures?\b","acquisition-divestiture-perimeter","exploratory","0000105132-25-000013","WDFC","True","True","True","True","\bdivestitures?\b"
"x-02","\bdivestitures?\b","acquisition-divestiture-perimeter","exploratory","0000105132-25-000023","WDFC","True","True","False","True","\bdivestitures?\b"
"x-02","\bdivestitures?\b","acquisition-divestiture-perimeter","exploratory","0000105132-25-000061","WDFC","True","True","True","True","\bdivestitures?\b"
"x-02","\bdivestitures?\b","acquisition-divestiture-perimeter","exploratory","0000105132-26-000006","WDFC","True","True","True","True","\bdivestitures?\b"
"x-02","\bdivestitures?\b","acquisition-divestiture-perimeter","exploratory","0000105132-26-000026","WDFC","True","True","True","True","\bdivestitures?\b"
"x-02","\bdivestitures?\b","acquisition-divestiture-perimeter","exploratory","0000105132-26-000059","WDFC","True","True","True","True","\bdivestitures?\b"
"x-02","\bdivestitures?\b","acquisition-divestiture-perimeter","exploratory","0000200406-25-000110","JNJ","False","","","True","\bdivestitures?\b"
"x-02","\bdivestitures?\b","acquisition-divestiture-perimeter","exploratory","0000200406-25-000170","JNJ","True","True","True","True","\bdivestitures?\b"
"x-02","\bdivestitures?\b","acquisition-divestiture-perimeter","exploratory","0000200406-25-000201","JNJ","True","True","True","True","\bdivestitures?\b"
"x-02","\bdivestitures?\b","acquisition-divestiture-perimeter","exploratory","0000200406-26-000002","JNJ","False","","","True","\bdivestitures?\b"
"x-02","\bdivestitures?\b","acquisition-divestiture-perimeter","exploratory","0000200406-26-000076","JNJ","True","True","True","True","\bdivestitures?\b"
"x-02","\bdivestitures?\b","acquisition-divestiture-perimeter","exploratory","0000200406-26-000146","JNJ","True","True","True","True","\bdivestitures?\b"
"x-02","\bdivestitures?\b","acquisition-divestiture-perimeter","exploratory","0000856982-26-000007","MMSI","True","True","True","True","\bdivestitures?\b"
"x-02","\bdivestitures?\b","acquisition-divestiture-perimeter","exploratory","0000856982-26-000023","MMSI","True","True","True","True","\bdivestitures?\b"
"x-02","\bdivestitures?\b","acquisition-divestiture-perimeter","exploratory","0000950170-25-102060","HLIO","True","True","False","True","\bdivestitures?\b"
"x-02","\bdivestitures?\b","acquisition-divestiture-perimeter","exploratory","0001104659-25-045557","CYRX","True","True","True","True","\bdivestitures?\b"
"x-02","\bdivestitures?\b","acquisition-divestiture-perimeter","exploratory","0001104659-25-074314","CYRX","True","True","True","True","\bdivestitures?\b"
"x-02","\bdivestitures?\b","acquisition-divestiture-perimeter","exploratory","0001104659-25-106421","CYRX","True","True","True","True","\bdivestitures?\b"
"x-02","\bdivestitures?\b","acquisition-divestiture-perimeter","exploratory","0001104659-25-109314","WTTR","True","True","True","True","\bdivestitures?\b"
"x-02","\bdivestitures?\b","acquisition-divestiture-perimeter","exploratory","0001104659-26-022940","CYRX","True","True","True","True","\bdivestitures?\b"
"x-02","\bdivestitures?\b","acquisition-divestiture-perimeter","exploratory","0001104659-26-054942","CYRX","True","True","True","True","\bdivestitures?\b"
"x-02","\bdivestitures?\b","acquisition-divestiture-perimeter","exploratory","0001140361-25-005021","WTTR","True","True","True","True","\bdivestitures?\b"
"x-02","\bdivestitures?\b","acquisition-divestiture-perimeter","exploratory","0001140361-25-017561","WTTR","True","True","True","True","\bdivestitures?\b"
"x-02","\bdivestitures?\b","acquisition-divestiture-perimeter","exploratory","0001140361-25-028927","WTTR","True","True","True","True","\bdivestitures?\b"
"x-02","\bdivestitures?\b","acquisition-divestiture-perimeter","exploratory","0001140361-26-005834","WTTR","True","True","True","True","\bdivestitures?\b"
"x-02","\bdivestitures?\b","acquisition-divestiture-perimeter","exploratory","0001140361-26-019129","WTTR","True","True","True","True","\bdivestitures?\b"
"x-02","\bdivestitures?\b","acquisition-divestiture-perimeter","exploratory","0001193125-25-262948","HLIO","True","True","True","True","\bdivestitures?\b"
"x-02","\bdivestitures?\b","acquisition-divestiture-perimeter","exploratory","0001193125-26-085812","HLIO","True","True","True","True","\bdivestitures?\b"
"x-02","\bdivestitures?\b","acquisition-divestiture-perimeter","exploratory","0001193125-26-217028","HLIO","True","True","True","True","\bdivestitures?\b"
"x-02","\bdivestitures?\b","acquisition-divestiture-perimeter","exploratory","0001493152-25-008267","SHOO","True","True","True","True","\bdivestitures?\b"
"x-02","\bdivestitures?\b","acquisition-divestiture-perimeter","exploratory","0001493152-25-020804","SHOO","False","","","True","\bdivestitures?\b"
"x-02","\bdivestitures?\b","acquisition-divestiture-perimeter","exploratory","0001493152-26-007955","SHOO","True","True","True","True","\bdivestitures?\b"
"x-02","\bdivestitures?\b","acquisition-divestiture-perimeter","exploratory","0001552781-25-000041","WTRG","True","True","True","True","\bdivestitures?\b"
"x-02","\bdivestitures?\b","acquisition-divestiture-perimeter","exploratory","0001628280-26-010689","KWR","True","True","True","True","\bdivestitures?\b"
"x-02","\bdivestitures?\b","acquisition-divestiture-perimeter","exploratory","0001628280-26-028945","KWR","False","","","True","\bdivestitures?\b"
"x-03","\bpro forma\b","acquisition-divestiture-perimeter","exploratory","0000046250-25-000041","HWKN","True","True","True","True","\bpro forma\b"
"x-03","\bpro forma\b","acquisition-divestiture-perimeter","exploratory","0000046250-25-000056","HWKN","True","True","True","True","\bpro forma\b"
"x-03","\bpro forma\b","acquisition-divestiture-perimeter","exploratory","0000046250-26-000004","HWKN","True","True","True","True","\bpro forma\b"
"x-03","\bpro forma\b","acquisition-divestiture-perimeter","exploratory","0000046250-26-000017","HWKN","False","","","True","\bpro forma\b"
"x-03","\bpro forma\b","acquisition-divestiture-perimeter","exploratory","0000105132-25-000013","WDFC","True","True","True","True","\bpro forma\b"
"x-03","\bpro forma\b","acquisition-divestiture-perimeter","exploratory","0000105132-25-000023","WDFC","True","True","False","True","\bpro forma\b"
"x-03","\bpro forma\b","acquisition-divestiture-perimeter","exploratory","0000105132-25-000061","WDFC","True","True","True","True","\bpro forma\b"
"x-03","\bpro forma\b","acquisition-divestiture-perimeter","exploratory","0000105132-26-000006","WDFC","True","True","True","True","\bpro forma\b"
"x-03","\bpro forma\b","acquisition-divestiture-perimeter","exploratory","0000105132-26-000026","WDFC","True","True","True","True","\bpro forma\b"
"x-03","\bpro forma\b","acquisition-divestiture-perimeter","exploratory","0000105132-26-000059","WDFC","True","True","True","True","\bpro forma\b"
"x-03","\bpro forma\b","acquisition-divestiture-perimeter","exploratory","0000950170-25-026058","DEA","True","True","True","True","\bpro forma\b"
"x-03","\bpro forma\b","acquisition-divestiture-perimeter","exploratory","0000950170-25-059541","DEA","False","","","True","\bpro forma\b"
"x-03","\bpro forma\b","acquisition-divestiture-perimeter","exploratory","0000950170-25-102370","DEA","True","True","True","True","\bpro forma\b"
"x-03","\bpro forma\b","acquisition-divestiture-perimeter","exploratory","0001140361-25-017561","WTTR","True","True","True","True","\bpro forma\b"
"x-03","\bpro forma\b","acquisition-divestiture-perimeter","exploratory","0001140361-25-028927","WTTR","True","True","True","True","\bpro forma\b"
"x-03","\bpro forma\b","acquisition-divestiture-perimeter","exploratory","0001193125-25-250666","DEA","True","True","True","True","\bpro forma\b"
"x-03","\bpro forma\b","acquisition-divestiture-perimeter","exploratory","0001193125-26-046677","GTY","True","True","True","True","\bpro forma\b"
"x-03","\bpro forma\b","acquisition-divestiture-perimeter","exploratory","0001193125-26-062369","DEA","False","","","True","\bpro forma\b"
"x-03","\bpro forma\b","acquisition-divestiture-perimeter","exploratory","0001193125-26-085812","HLIO","True","True","True","True","\bpro forma\b"
"x-03","\bpro forma\b","acquisition-divestiture-perimeter","exploratory","0001193125-26-217028","HLIO","True","True","True","True","\bpro forma\b"
"x-03","\bpro forma\b","acquisition-divestiture-perimeter","exploratory","0001519449-26-000032","SKWD","False","","","True","\bpro forma\b"
"x-03","\bpro forma\b","acquisition-divestiture-perimeter","exploratory","0001552781-25-000394","WTRG","True","True","True","True","\bpro forma\b"
"x-03","\bpro forma\b","acquisition-divestiture-perimeter","exploratory","0001622194-26-000014","DEA","True","True","True","True","\bpro forma\b"
"x-04","\bdiscrete tax\b","discrete-tax","exploratory","0000018230-25-000013","CAT","True","True","True","True","\bdiscrete tax\b"
"x-04","\bdiscrete tax\b","discrete-tax","exploratory","0000018230-25-000043","CAT","True","True","True","True","\bdiscrete tax\b"
"x-04","\bdiscrete tax\b","discrete-tax","exploratory","0000018230-26-000003","CAT","False","","","True","\bdiscrete tax\b"
"x-04","\bdiscrete tax\b","discrete-tax","exploratory","0000018230-26-000017","CAT","True","True","False","True","\bdiscrete tax\b"
"x-04","\bdiscrete tax\b","discrete-tax","exploratory","0000056978-25-000054","KLIC","False","","","True","\bdiscrete tax\b"
"x-04","\bdiscrete tax\b","discrete-tax","exploratory","0000056978-25-000070","KLIC","False","","","True","\bdiscrete tax\b"
"x-04","\bdiscrete tax\b","discrete-tax","exploratory","0000056978-25-000078","KLIC","True","True","True","True","\bdiscrete tax\b"
"x-04","\bdiscrete tax\b","discrete-tax","exploratory","0000056978-26-000010","KLIC","True","False","True","True","\bdiscrete tax\b"
"x-04","\bdiscrete tax\b","discrete-tax","exploratory","0000056978-26-000018","KLIC","True","True","True","True","\bdiscrete tax\b"
"x-04","\bdiscrete tax\b","discrete-tax","exploratory","0000057131-26-000018","LZB","True","True","True","True","\bdiscrete tax\b"
"x-04","\bdiscrete tax\b","discrete-tax","exploratory","0000854775-26-000004","DGII","True","True","True","True","\bdiscrete tax\b"
"x-04","\bdiscrete tax\b","discrete-tax","exploratory","0000854775-26-000016","DGII","True","False","True","True","\bdiscrete tax\b"
"x-04","\bdiscrete tax\b","discrete-tax","exploratory","0001030469-26-000004","OFG","True","True","True","True","\bdiscrete tax\b"
"x-04","\bdiscrete tax\b","discrete-tax","exploratory","0001049521-25-000014","MRCY","True","False","False","True","\bdiscrete tax\b"
"x-04","\bdiscrete tax\b","discrete-tax","exploratory","0001049521-25-000022","MRCY","True","False","False","True","\bdiscrete tax\b"
"x-04","\bdiscrete tax\b","discrete-tax","exploratory","0001049521-25-000060","MRCY","False","","","True","\bdiscrete tax\b"
"x-04","\bdiscrete tax\b","discrete-tax","exploratory","0001049521-26-000004","MRCY","True","False","False","True","\bdiscrete tax\b"
"x-04","\bdiscrete tax\b","discrete-tax","exploratory","0001049521-26-000021","MRCY","True","False","False","True","\bdiscrete tax\b"
"x-04","\bdiscrete tax\b","discrete-tax","exploratory","0001193125-25-262948","HLIO","True","True","True","True","\bdiscrete tax\b"
"x-04","\bdiscrete tax\b","discrete-tax","exploratory","0001193125-26-085812","HLIO","True","False","True","True","\bdiscrete tax\b"
"x-04","\bdiscrete tax\b","discrete-tax","exploratory","0001421517-25-000047","ERII","True","False","True","True","\bdiscrete tax\b"
"x-04","\bdiscrete tax\b","discrete-tax","exploratory","0001421517-25-000076","ERII","True","False","True","True","\bdiscrete tax\b"
"x-04","\bdiscrete tax\b","discrete-tax","exploratory","0001421517-25-000116","ERII","True","False","True","True","\bdiscrete tax\b"
"x-04","\bdiscrete tax\b","discrete-tax","exploratory","0001421517-25-000133","ERII","True","False","False","True","\bdiscrete tax\b"
"x-04","\bdiscrete tax\b","discrete-tax","exploratory","0001421517-26-000021","ERII","True","False","True","True","\bdiscrete tax\b"
"x-04","\bdiscrete tax\b","discrete-tax","exploratory","0001421517-26-000040","ERII","True","False","True","True","\bdiscrete tax\b"
"x-04","\bdiscrete tax\b","discrete-tax","exploratory","0001628280-26-010689","KWR","True","False","True","True","\bdiscrete tax\b"
"x-04","\bdiscrete tax\b","discrete-tax","exploratory","0001628280-26-028945","KWR","False","","","True","\bdiscrete tax\b"
"x-05","\bvaluation allowance\b","discrete-tax","exploratory","0000921582-25-000005","IMAX","True","False","False","True","\bvaluation allowance\b"
"x-05","\bvaluation allowance\b","discrete-tax","exploratory","0000921582-25-000022","IMAX","True","False","True","True","\bvaluation allowance\b"
"x-05","\bvaluation allowance\b","discrete-tax","exploratory","0000921582-25-000064","IMAX","True","False","True","True","\bvaluation allowance\b"
"x-05","\bvaluation allowance\b","discrete-tax","exploratory","0001023024-26-000013","ANIP","True","False","True","True","\bvaluation allowance\b"
"x-05","\bvaluation allowance\b","discrete-tax","exploratory","0001030469-26-000004","OFG","True","True","True","True","\bvaluation allowance\b"
"x-05","\bvaluation allowance\b","discrete-tax","exploratory","0001140361-25-005021","WTTR","True","True","True","True","\bvaluation allowance\b"
"x-05","\bvaluation allowance\b","discrete-tax","exploratory","0001193125-26-066953","TMDX","True","True","True","True","\bvaluation allowance\b"
"x-05","\bvaluation allowance\b","discrete-tax","exploratory","0001193125-26-079392","TMDX","False","","","False","\bvaluation allowance\b"
"x-05","\bvaluation allowance\b","discrete-tax","exploratory","0001628280-25-045977","IMAX","True","False","False","True","\bvaluation allowance\b"
"x-05","\bvaluation allowance\b","discrete-tax","exploratory","0001628280-26-010689","KWR","True","False","True","True","\bvaluation allowance\b"
"x-05","\bvaluation allowance\b","discrete-tax","exploratory","0001628280-26-011693","IMAX","True","False","True","True","\bvaluation allowance\b"
"x-05","\bvaluation allowance\b","discrete-tax","exploratory","0001628280-26-028907","IMAX","True","False","True","True","\bvaluation allowance\b"
"x-05","\bvaluation allowance\b","discrete-tax","exploratory","0001628280-26-049290","IMAX","True","False","False","True","\bvaluation allowance\b"
"cmpscan-v1","(15 cap-triggering phrases)","","baseline","0000018230-25-000013","CAT","True","False","True","True","divestiture"
"cmpscan-v1","(15 cap-triggering phrases)","","baseline","0000018230-25-000037","CAT","True","False","True","True","divestiture"
"cmpscan-v1","(15 cap-triggering phrases)","","baseline","0000018230-25-000043","CAT","True","False","True","True","divestiture"
"cmpscan-v1","(15 cap-triggering phrases)","","baseline","0000018230-26-000003","CAT","False","","","True","divestiture"
"cmpscan-v1","(15 cap-triggering phrases)","","baseline","0000018230-26-000017","CAT","True","False","False","True","divestiture"
"cmpscan-v1","(15 cap-triggering phrases)","","baseline","0000046250-25-000024","HWKN","True","False","True","True","non-recurring"
"cmpscan-v1","(15 cap-triggering phrases)","","baseline","0000046250-25-000041","HWKN","True","False","True","True","non-recurring"
"cmpscan-v1","(15 cap-triggering phrases)","","baseline","0000046250-25-000056","HWKN","True","False","True","True","non-recurring"
"cmpscan-v1","(15 cap-triggering phrases)","","baseline","0000046250-26-000004","HWKN","True","False","True","True","non-recurring"
"cmpscan-v1","(15 cap-triggering phrases)","","baseline","0000046250-26-000017","HWKN","False","","","True","non-recurring"
"cmpscan-v1","(15 cap-triggering phrases)","","baseline","0000048465-25-000005","HRL","True","False","True","True","divestiture;divested;impairment;litigation settlement;one-time;non-recurring;loss on sale"
"cmpscan-v1","(15 cap-triggering phrases)","","baseline","0000048465-25-000035","HRL","True","False","True","True","divestiture;impairment;litigation settlement;one-time;non-recurring;loss on sale"
"cmpscan-v1","(15 cap-triggering phrases)","","baseline","0000048465-25-000042","HRL","False","","","True","divestiture;impairment;litigation settlement;one-time;non-recurring;nonrecurring;loss on sale"
"cmpscan-v1","(15 cap-triggering phrases)","","baseline","0000048465-25-000047","HRL","False","","","True","impairment"
"cmpscan-v1","(15 cap-triggering phrases)","","baseline","0000048465-25-000056","HRL","False","","","True","divestiture;impairment;litigation settlement;one-time;non-recurring;loss on sale"
"cmpscan-v1","(15 cap-triggering phrases)","","baseline","0000048465-26-000013","HRL","False","","","True","impairment"
"cmpscan-v1","(15 cap-triggering phrases)","","baseline","0000048465-26-000018","HRL","False","","","True","divestiture;impairment;litigation settlement;one-time;non-recurring;loss on sale"
"cmpscan-v1","(15 cap-triggering phrases)","","baseline","0000048465-26-000024","HRL","True","False","True","True","divestiture;impairment;litigation settlement;one-time;non-recurring;loss on sale"
"cmpscan-v1","(15 cap-triggering phrases)","","baseline","0000056978-25-000054","KLIC","False","","","True","divestiture;impairment;nonrecurring"
"cmpscan-v1","(15 cap-triggering phrases)","","baseline","0000056978-25-000070","KLIC","False","","","True","divestiture;impairment;nonrecurring"
"cmpscan-v1","(15 cap-triggering phrases)","","baseline","0000056978-25-000078","KLIC","True","False","True","True","divestiture;impairment;one-time;nonrecurring"
"cmpscan-v1","(15 cap-triggering phrases)","","baseline","0000056978-26-000010","KLIC","True","False","True","True","divestiture;impairment;nonrecurring"
"cmpscan-v1","(15 cap-triggering phrases)","","baseline","0000056978-26-000018","KLIC","True","False","True","True","divestiture;impairment;nonrecurring"
"cmpscan-v1","(15 cap-triggering phrases)","","baseline","0000057131-25-000016","LZB","True","False","True","True","impairment;gain on sale"
"cmpscan-v1","(15 cap-triggering phrases)","","baseline","0000057131-25-000028","LZB","True","False","True","True","impairment;loss on sale"
"cmpscan-v1","(15 cap-triggering phrases)","","baseline","0000057131-25-000080","LZB","True","False","True","True","impairment;loss on sale"
"cmpscan-v1","(15 cap-triggering phrases)","","baseline","0000057131-25-000096","LZB","True","False","True","True","impairment;loss on sale"
"cmpscan-v1","(15 cap-triggering phrases)","","baseline","0000057131-26-000006","LZB","True","False","True","True","divestiture;impairment;gain on sale;loss on sale"
"cmpscan-v1","(15 cap-triggering phrases)","","baseline","0000057131-26-000018","LZB","True","False","True","True","divestiture;impairment;one-time;gain on sale;loss on sale"
"cmpscan-v1","(15 cap-triggering phrases)","","baseline","0000093410-25-000016","CVX","True","False","True","True","divestiture;impairment"
"cmpscan-v1","(15 cap-triggering phrases)","","baseline","0000093410-25-000058","CVX","True","False","True","True","divestiture;impairment"
"cmpscan-v1","(15 cap-triggering phrases)","","baseline","0000093410-25-000103","CVX","False","","","True","divestiture;divested;impairment"
"cmpscan-v1","(15 cap-triggering phrases)","","baseline","0000093410-26-000019","CVX","True","False","True","True","divestiture;impairment"
"cmpscan-v1","(15 cap-triggering phrases)","","baseline","0000093410-26-000110","CVX","True","False","True","True","divestiture;impairment"
"cmpscan-v1","(15 cap-triggering phrases)","","baseline","0000105132-25-000013","WDFC","True","False","True","True","divestiture;one-time"
"cmpscan-v1","(15 cap-triggering phrases)","","baseline","0000105132-25-000023","WDFC","True","False","False","True","divestiture"
"cmpscan-v1","(15 cap-triggering phrases)","","baseline","0000105132-25-000061","WDFC","True","False","True","True","divestiture;divested;one-time"
"cmpscan-v1","(15 cap-triggering phrases)","","baseline","0000105132-26-000006","WDFC","True","False","True","True","divestiture"
"cmpscan-v1","(15 cap-triggering phrases)","","baseline","0000105132-26-000026","WDFC","True","False","True","True","divestiture;one-time"
"cmpscan-v1","(15 cap-triggering phrases)","","baseline","0000105132-26-000059","WDFC","True","False","True","True","divestiture;one-time"
"cmpscan-v1","(15 cap-triggering phrases)","","baseline","0000108985-26-000013","YORW","False","","","True","non-recurring"
"cmpscan-v1","(15 cap-triggering phrases)","","baseline","0000200406-25-000110","JNJ","False","","","True","divestiture"
"cmpscan-v1","(15 cap-triggering phrases)","","baseline","0000200406-25-000170","JNJ","True","False","True","True","divestiture"
"cmpscan-v1","(15 cap-triggering phrases)","","baseline","0000200406-25-000201","JNJ","True","False","True","True","divestiture"
"cmpscan-v1","(15 cap-triggering phrases)","","baseline","0000200406-26-000002","JNJ","False","","","True","divestiture"
"cmpscan-v1","(15 cap-triggering phrases)","","baseline","0000200406-26-000076","JNJ","True","False","True","True","divestiture"
"cmpscan-v1","(15 cap-triggering phrases)","","baseline","0000200406-26-000146","JNJ","True","False","True","True","divestiture"
"cmpscan-v1","(15 cap-triggering phrases)","","baseline","0000320193-25-000077","AAPL","True","False","True","True","one-time"
"cmpscan-v1","(15 cap-triggering phrases)","","baseline","0000700923-25-000005","MYRG","True","False","True","True","gain on sale"
"cmpscan-v1","(15 cap-triggering phrases)","","baseline","0000700923-25-000021","MYRG","True","False","True","True","gain on sale"
"cmpscan-v1","(15 cap-triggering phrases)","","baseline","0000700923-25-000028","MYRG","True","False","True","True","gain on sale"
"cmpscan-v1","(15 cap-triggering phrases)","","baseline","0000700923-25-000042","MYRG","True","False","True","True","gain on sale"
"cmpscan-v1","(15 cap-triggering phrases)","","baseline","0000700923-26-000006","MYRG","True","False","True","True","gain on sale"
"cmpscan-v1","(15 cap-triggering phrases)","","baseline","0000700923-26-000026","MYRG","True","False","True","True","gain on sale"
"cmpscan-v1","(15 cap-triggering phrases)","","baseline","0000708781-26-000020","CASS","True","False","True","True","discontinued operations;gain on sale;loss on sale;bad debt recovery"
"cmpscan-v1","(15 cap-triggering phrases)","","baseline","0000708781-26-000028","CASS","True","False","True","True","discontinued operations;litigation settlement;gain on sale;loss on sale;bad debt recovery"
"cmpscan-v1","(15 cap-triggering phrases)","","baseline","0000805928-25-000010","AXGN","True","False","False","True","one-time"
"cmpscan-v1","(15 cap-triggering phrases)","","baseline","0000805928-25-000062","AXGN","False","","","True","one-time"
"cmpscan-v1","(15 cap-triggering phrases)","","baseline","0000805928-25-000104","AXGN","True","False","False","True","one-time"
"cmpscan-v1","(15 cap-triggering phrases)","","baseline","0000805928-25-000128","AXGN","True","False","False","True","one-time"
"cmpscan-v1","(15 cap-triggering phrases)","","baseline","0000805928-26-000004","AXGN","True","False","False","True","one-time"
"cmpscan-v1","(15 cap-triggering phrases)","","baseline","0000805928-26-000028","AXGN","False","","","True","impairment;one-time"
"cmpscan-v1","(15 cap-triggering phrases)","","baseline","0000854775-26-000004","DGII","True","False","True","True","one-time;non-recurring"
"cmpscan-v1","(15 cap-triggering phrases)","","baseline","0000854775-26-000016","DGII","True","False","True","True","one-time;non-recurring"
"cmpscan-v1","(15 cap-triggering phrases)","","baseline","0000856982-26-000007","MMSI","True","False","True","True","divestiture;non-recurring"
"cmpscan-v1","(15 cap-triggering phrases)","","baseline","0000856982-26-000023","MMSI","True","False","True","True","divestiture;divested;non-recurring"
"cmpscan-v1","(15 cap-triggering phrases)","","baseline","0000874238-26-000018","STRL","True","False","True","True","one-time"
"cmpscan-v1","(15 cap-triggering phrases)","","baseline","0000921582-25-000005","IMAX","True","False","False","True","impairment"
"cmpscan-v1","(15 cap-triggering phrases)","","baseline","0000921582-25-000022","IMAX","True","False","True","True","impairment"
"cmpscan-v1","(15 cap-triggering phrases)","","baseline","0000921582-25-000064","IMAX","True","False","True","True","impairment"
"cmpscan-v1","(15 cap-triggering phrases)","","baseline","0000950170-25-026058","DEA","True","False","True","True","impairment;nonrecurring"
"cmpscan-v1","(15 cap-triggering phrases)","","baseline","0000950170-25-057490","GTY","True","False","True","True","impairment;legal settlement;non-recurring"
"cmpscan-v1","(15 cap-triggering phrases)","","baseline","0000950170-25-057674","HZO","False","","","True","non-recurring"
"cmpscan-v1","(15 cap-triggering phrases)","","baseline","0000950170-25-059541","DEA","False","","","True","impairment;nonrecurring"
"cmpscan-v1","(15 cap-triggering phrases)","","baseline","0000950170-25-064564","HLIO","True","False","True","True","non-recurring"
"cmpscan-v1","(15 cap-triggering phrases)","","baseline","0000950170-25-073102","FLO","False","","","True","impairment;legal settlement"
"cmpscan-v1","(15 cap-triggering phrases)","","baseline","0000950170-25-074348","AGYS","True","False","True","True","impairment;legal settlement;one-time;non-recurring"
"cmpscan-v1","(15 cap-triggering phrases)","","baseline","0000950170-25-097225","AGYS","True","False","True","True","legal settlement;non-recurring"
"cmpscan-v1","(15 cap-triggering phrases)","","baseline","0000950170-25-097908","GTY","True","False","True","True","impairment;legal settlement;non-recurring"
"cmpscan-v1","(15 cap-triggering phrases)","","baseline","0000950170-25-098144","HZO","False","","","True","impairment"
"cmpscan-v1","(15 cap-triggering phrases)","","baseline","0000950170-25-102060","HLIO","True","False","False","True","divestiture;non-recurring"
"cmpscan-v1","(15 cap-triggering phrases)","","baseline","0000950170-25-102370","DEA","True","False","True","True","impairment;nonrecurring"
"cmpscan-v1","(15 cap-triggering phrases)","","baseline","0001022408-26-000017","PLUS","True","False","True","True","discontinued operations"
"cmpscan-v1","(15 cap-triggering phrases)","","baseline","0001023024-26-000013","ANIP","True","False","True","True","impairment"
"cmpscan-v1","(15 cap-triggering phrases)","","baseline","0001023024-26-000049","ANIP","True","False","True","True","litigation settlement"
"cmpscan-v1","(15 cap-triggering phrases)","","baseline","0001030469-26-000004","OFG","True","False","True","True","gain on sale"
"cmpscan-v1","(15 cap-triggering phrases)","","baseline","0001049521-25-000014","MRCY","True","False","False","True","impairment;non-recurring"
"cmpscan-v1","(15 cap-triggering phrases)","","baseline","0001049521-25-000022","MRCY","True","False","False","True","impairment;non-recurring"
"cmpscan-v1","(15 cap-triggering phrases)","","baseline","0001049521-25-000060","MRCY","False","","","True","impairment;non-recurring"
"cmpscan-v1","(15 cap-triggering phrases)","","baseline","0001049521-26-000004","MRCY","True","False","False","True","impairment;non-recurring"
"cmpscan-v1","(15 cap-triggering phrases)","","baseline","0001049521-26-000021","MRCY","True","False","False","True","impairment;non-recurring"
"cmpscan-v1","(15 cap-triggering phrases)","","baseline","0001104659-25-020404","CYRX","False","","","True","impairment;non-recurring"
"cmpscan-v1","(15 cap-triggering phrases)","","baseline","0001104659-25-045557","CYRX","True","False","True","True","discontinued operations;divestiture;non-recurring"
"cmpscan-v1","(15 cap-triggering phrases)","","baseline","0001104659-25-074314","CYRX","True","False","True","True","discontinued operations;divestiture;impairment;non-recurring;gain on sale"
"cmpscan-v1","(15 cap-triggering phrases)","","baseline","0001104659-25-105432","NSSC","True","False","False","True","non-recurring;nonrecurring;gain on sale"
"cmpscan-v1","(15 cap-triggering phrases)","","baseline","0001104659-25-106421","CYRX","True","False","True","True","discontinued operations;divestiture;impairment;non-recurring;gain on sale"
"cmpscan-v1","(15 cap-triggering phrases)","","baseline","0001104659-25-109314","WTTR","True","False","True","True","divestiture;divested;impairment;non-recurring;gain on sale;loss on sale"
"cmpscan-v1","(15 cap-triggering phrases)","","baseline","0001104659-26-009129","NSSC","True","False","False","True","non-recurring;nonrecurring;gain on sale"
"cmpscan-v1","(15 cap-triggering phrases)","","baseline","0001104659-26-022940","CYRX","True","False","True","True","discontinued operations;divestiture;impairment;non-recurring;gain on sale"
"cmpscan-v1","(15 cap-triggering phrases)","","baseline","0001104659-26-054691","NSSC","False","","","True","litigation settlement;non-recurring;nonrecurring;gain on sale"
"cmpscan-v1","(15 cap-triggering phrases)","","baseline","0001104659-26-054942","CYRX","True","False","True","True","discontinued operations;divestiture;non-recurring"
"cmpscan-v1","(15 cap-triggering phrases)","","baseline","0001140361-25-005021","WTTR","True","False","True","True","discontinued operations;divestiture;impairment;non-recurring;loss on sale"
"cmpscan-v1","(15 cap-triggering phrases)","","baseline","0001140361-25-017561","WTTR","True","False","True","True","divestiture;impairment;non-recurring;gain on sale;loss on sale"
"cmpscan-v1","(15 cap-triggering phrases)","","baseline","0001140361-25-028927","WTTR","True","False","True","True","divestiture;divested;impairment;non-recurring;gain on sale;loss on sale"
"cmpscan-v1","(15 cap-triggering phrases)","","baseline","0001140361-26-005834","WTTR","True","False","True","True","divestiture;impairment;non-recurring;gain on sale;loss on sale"
"cmpscan-v1","(15 cap-triggering phrases)","","baseline","0001140361-26-019129","WTTR","True","False","True","True","divestiture;impairment;non-recurring;loss on sale"
"cmpscan-v1","(15 cap-triggering phrases)","","baseline","0001140361-26-023148","PLUS","True","False","True","True","discontinued operations"
"cmpscan-v1","(15 cap-triggering phrases)","","baseline","0001169561-25-000030","CVLT","True","False","True","True","impairment;litigation settlement"
"cmpscan-v1","(15 cap-triggering phrases)","","baseline","0001169561-25-000066","CVLT","True","False","False","True","litigation settlement;non-recurring"
"cmpscan-v1","(15 cap-triggering phrases)","","baseline","0001169561-25-000083","CVLT","True","False","True","True","impairment;litigation settlement;one-time;non-recurring;nonrecurring"
"cmpscan-v1","(15 cap-triggering phrases)","","baseline","0001169561-26-000003","CVLT","True","False","True","True","impairment;litigation settlement;one-time;non-recurring;nonrecurring"
"cmpscan-v1","(15 cap-triggering phrases)","","baseline","0001169561-26-000013","CVLT","True","False","True","True","impairment;litigation settlement;one-time;non-recurring;nonrecurring"
"cmpscan-v1","(15 cap-triggering phrases)","","baseline","0001169561-26-000020","CVLT","True","False","True","True","non-recurring"
"cmpscan-v1","(15 cap-triggering phrases)","","baseline","0001171843-25-000948","SHEN","False","","","True","discontinued operations;impairment;non-recurring;gain on sale"
"cmpscan-v1","(15 cap-triggering phrases)","","baseline","0001171843-25-002338","SFBS","True","False","True","True","impairment;one-time"
"cmpscan-v1","(15 cap-triggering phrases)","","baseline","0001171843-25-002627","SHEN","False","","","True","discontinued operations;impairment;non-recurring"
"cmpscan-v1","(15 cap-triggering phrases)","","baseline","0001171843-25-004580","SFBS","True","False","True","True","impairment;one-time;loss on sale;securities loss;securities losses"
"cmpscan-v1","(15 cap-triggering phrases)","","baseline","0001171843-25-004919","SHEN","True","False","True","True","discontinued operations;impairment"
"cmpscan-v1","(15 cap-triggering phrases)","","baseline","0001171843-25-006529","SFBS","True","False","True","True","impairment;one-time;loss on sale;securities loss;securities losses"
"cmpscan-v1","(15 cap-triggering phrases)","","baseline","0001171843-25-006767","SHEN","False","","","True","discontinued operations;impairment"
"cmpscan-v1","(15 cap-triggering phrases)","","baseline","0001171843-26-000344","SFBS","True","False","True","True","impairment;one-time;loss on sale;securities loss;securities losses"
"cmpscan-v1","(15 cap-triggering phrases)","","baseline","0001171843-26-000624","CLFD","True","False","True","True","discontinued operations"
"cmpscan-v1","(15 cap-triggering phrases)","","baseline","0001171843-26-001118","SHEN","False","","","True","discontinued operations;impairment"
"cmpscan-v1","(15 cap-triggering phrases)","","baseline","0001171843-26-002569","SFBS","True","False","False","True","impairment;securities loss;securities losses"
"cmpscan-v1","(15 cap-triggering phrases)","","baseline","0001171843-26-002912","SHEN","False","","","True","impairment"
"cmpscan-v1","(15 cap-triggering phrases)","","baseline","0001171843-26-003066","CLFD","False","","","True","discontinued operations"
"cmpscan-v1","(15 cap-triggering phrases)","","baseline","0001171843-26-004772","SFBS","True","False","True","True","impairment;securities loss;securities losses"
"cmpscan-v1","(15 cap-triggering phrases)","","baseline","0001171843-26-004973","SHEN","False","","","True","discontinued operations;impairment"
"cmpscan-v1","(15 cap-triggering phrases)","","baseline","0001193125-25-181264","FLO","True","False","True","True","impairment;legal settlement"
"cmpscan-v1","(15 cap-triggering phrases)","","baseline","0001193125-25-246857","GTY","True","False","True","True","impairment;legal settlement;non-recurring"
"cmpscan-v1","(15 cap-triggering phrases)","","baseline","0001193125-25-250666","DEA","True","False","True","True","impairment;nonrecurring"
"cmpscan-v1","(15 cap-triggering phrases)","","baseline","0001193125-25-251570","AGYS","True","False","True","True","legal settlement;non-recurring"
"cmpscan-v1","(15 cap-triggering phrases)","","baseline","0001193125-25-262948","HLIO","True","False","True","True","divestiture;impairment;gain on sale"
"cmpscan-v1","(15 cap-triggering phrases)","","baseline","0001193125-25-269692","FLO","True","False","True","True","impairment;legal settlement"
"cmpscan-v1","(15 cap-triggering phrases)","","baseline","0001193125-25-279026","HZO","False","","","True","impairment"
"cmpscan-v1","(15 cap-triggering phrases)","","baseline","0001193125-26-022562","AGYS","True","False","True","True","legal settlement;non-recurring"
"cmpscan-v1","(15 cap-triggering phrases)","","baseline","0001193125-26-046677","GTY","True","False","True","True","impairment;legal settlement"
"cmpscan-v1","(15 cap-triggering phrases)","","baseline","0001193125-26-048756","FLO","False","","","True","impairment;legal settlement"
"cmpscan-v1","(15 cap-triggering phrases)","","baseline","0001193125-26-055921","IOSP","True","False","True","True","impairment"
"cmpscan-v1","(15 cap-triggering phrases)","","baseline","0001193125-26-062369","DEA","False","","","True","impairment;nonrecurring"
"cmpscan-v1","(15 cap-triggering phrases)","","baseline","0001193125-26-066953","TMDX","True","False","True","True","one-time"
"cmpscan-v1","(15 cap-triggering phrases)","","baseline","0001193125-26-085812","HLIO","True","False","True","True","divestiture;divested;impairment;one-time"
"cmpscan-v1","(15 cap-triggering phrases)","","baseline","0001193125-26-170614","GTY","True","False","True","True","impairment;legal settlement;non-recurring"
"cmpscan-v1","(15 cap-triggering phrases)","","baseline","0001193125-26-171882","HZO","False","","","True","non-recurring"
"cmpscan-v1","(15 cap-triggering phrases)","","baseline","0001193125-26-206347","TMDX","False","","","True","non-recurring"
"cmpscan-v1","(15 cap-triggering phrases)","","baseline","0001193125-26-217028","HLIO","True","False","True","True","divestiture;impairment"
"cmpscan-v1","(15 cap-triggering phrases)","","baseline","0001193125-26-228898","AGYS","True","False","False","True","impairment;legal settlement;one-time;non-recurring"
"cmpscan-v1","(15 cap-triggering phrases)","","baseline","0001193125-26-234421","FLO","False","","","True","impairment;legal settlement"
"cmpscan-v1","(15 cap-triggering phrases)","","baseline","0001193125-26-240509","MNRO","True","False","True","True","impairment;gain on sale"
"cmpscan-v1","(15 cap-triggering phrases)","","baseline","0001193125-26-312471","GTY","True","False","True","True","impairment;legal settlement;non-recurring"
"cmpscan-v1","(15 cap-triggering phrases)","","baseline","0001193125-26-313363","HZO","True","False","True","True","impairment"
"cmpscan-v1","(15 cap-triggering phrases)","","baseline","0001193125-26-318055","AGYS","True","False","False","True","legal settlement;non-recurring"
"cmpscan-v1","(15 cap-triggering phrases)","","baseline","0001304492-25-000023","ATEX","False","","","True","gain on sale"
"cmpscan-v1","(15 cap-triggering phrases)","","baseline","0001304492-25-000054","ATEX","True","False","True","True","gain on sale"
"cmpscan-v1","(15 cap-triggering phrases)","","baseline","0001304492-25-000095","ATEX","True","False","True","True","gain on sale"
"cmpscan-v1","(15 cap-triggering phrases)","","baseline","0001304492-25-000108","ATEX","True","False","True","True","gain on sale"
"cmpscan-v1","(15 cap-triggering phrases)","","baseline","0001304492-26-000009","ATEX","False","","","True","gain on sale"
"cmpscan-v1","(15 cap-triggering phrases)","","baseline","0001304492-26-000024","ATEX","True","False","True","True","gain on sale"
"cmpscan-v1","(15 cap-triggering phrases)","","baseline","0001403161-25-000051","V","True","False","True","True","one-time;non-recurring"
"cmpscan-v1","(15 cap-triggering phrases)","","baseline","0001403161-25-000077","V","True","False","True","True","one-time;non-recurring"
"cmpscan-v1","(15 cap-triggering phrases)","","baseline","0001403161-26-000044","V","True","False","True","True","one-time;non-recurring"
"cmpscan-v1","(15 cap-triggering phrases)","","baseline","0001403161-26-000077","V","True","False","True","True","one-time;non-recurring"
"cmpscan-v1","(15 cap-triggering phrases)","","baseline","0001403161-26-000103","V","True","False","True","True","one-time;non-recurring"
"cmpscan-v1","(15 cap-triggering phrases)","","baseline","0001421517-25-000047","ERII","True","False","True","True","one-time"
"cmpscan-v1","(15 cap-triggering phrases)","","baseline","0001421517-25-000076","ERII","True","False","True","True","impairment;one-time"
"cmpscan-v1","(15 cap-triggering phrases)","","baseline","0001421517-25-000116","ERII","True","False","True","True","impairment;one-time"
"cmpscan-v1","(15 cap-triggering phrases)","","baseline","0001421517-25-000133","ERII","True","False","False","True","impairment;one-time"
"cmpscan-v1","(15 cap-triggering phrases)","","baseline","0001421517-26-000021","ERII","True","False","True","True","impairment;one-time"
"cmpscan-v1","(15 cap-triggering phrases)","","baseline","0001421517-26-000040","ERII","True","False","True","True","impairment"
"cmpscan-v1","(15 cap-triggering phrases)","","baseline","0001437749-25-004235","BELFB","False","","","True","impairment;gain on sale"
"cmpscan-v1","(15 cap-triggering phrases)","","baseline","0001437749-25-012997","BELFB","False","","","True","impairment"
"cmpscan-v1","(15 cap-triggering phrases)","","baseline","0001437749-25-023426","BELFB","True","False","True","True","impairment;gain on sale"
"cmpscan-v1","(15 cap-triggering phrases)","","baseline","0001437749-25-032198","BELFB","True","False","True","True","impairment;gain on sale"
"cmpscan-v1","(15 cap-triggering phrases)","","baseline","0001437749-26-002719","JJSF","False","","","True","impairment;non-recurring;loss on sale"
"cmpscan-v1","(15 cap-triggering phrases)","","baseline","0001437749-26-004366","BELFB","False","","","True","impairment;gain on sale"
"cmpscan-v1","(15 cap-triggering phrases)","","baseline","0001437749-26-013888","BELFB","True","False","True","True","impairment"
"cmpscan-v1","(15 cap-triggering phrases)","","baseline","0001437749-26-015010","JJSF","True","False","True","True","impairment;non-recurring;loss on sale"
"cmpscan-v1","(15 cap-triggering phrases)","","baseline","0001437749-26-019382","IDT","True","False","False","True","legal settlement"
"cmpscan-v1","(15 cap-triggering phrases)","","baseline","0001493152-25-008267","SHOO","True","False","True","True","divestiture;impairment;legal settlement"
"cmpscan-v1","(15 cap-triggering phrases)","","baseline","0001493152-25-011490","SHOO","True","False","True","True","impairment;legal settlement"
"cmpscan-v1","(15 cap-triggering phrases)","","baseline","0001493152-25-020615","UMH","True","False","True","True","impairment;one-time;non-recurring;loss on sale"
"cmpscan-v1","(15 cap-triggering phrases)","","baseline","0001493152-25-020804","SHOO","False","","","True","divestiture;impairment;legal settlement"
"cmpscan-v1","(15 cap-triggering phrases)","","baseline","0001493152-26-007955","SHOO","True","False","True","True","divestiture;impairment;legal settlement"
"cmpscan-v1","(15 cap-triggering phrases)","","baseline","0001493152-26-008051","UMH","True","False","True","True","impairment;one-time;non-recurring;loss on sale"
"cmpscan-v1","(15 cap-triggering phrases)","","baseline","0001493152-26-009545","IDT","True","False","False","True","legal settlement"
"cmpscan-v1","(15 cap-triggering phrases)","","baseline","0001493152-26-020648","UMH","False","","","True","impairment;one-time;non-recurring;loss on sale"
"cmpscan-v1","(15 cap-triggering phrases)","","baseline","0001493152-26-021398","SHOO","True","False","True","True","legal settlement"
"cmpscan-v1","(15 cap-triggering phrases)","","baseline","0001519449-25-000005","SKWD","True","False","True","True","impairment"
"cmpscan-v1","(15 cap-triggering phrases)","","baseline","0001519449-25-000019","SKWD","True","False","False","True","impairment"
"cmpscan-v1","(15 cap-triggering phrases)","","baseline","0001519449-25-000033","SKWD","True","False","True","True","impairment"
"cmpscan-v1","(15 cap-triggering phrases)","","baseline","0001519449-25-000053","SKWD","True","False","True","True","impairment"
"cmpscan-v1","(15 cap-triggering phrases)","","baseline","0001519449-26-000005","SKWD","True","False","True","True","impairment"
"cmpscan-v1","(15 cap-triggering phrases)","","baseline","0001519449-26-000032","SKWD","False","","","True","impairment"
"cmpscan-v1","(15 cap-triggering phrases)","","baseline","0001552781-25-000041","WTRG","True","False","True","True","divestiture;one-time;nonrecurring;gain on sale"
"cmpscan-v1","(15 cap-triggering phrases)","","baseline","0001552781-25-000235","WTRG","True","False","True","True","non-recurring;gain on sale"
"cmpscan-v1","(15 cap-triggering phrases)","","baseline","0001552781-25-000394","WTRG","True","False","True","True","non-recurring;nonrecurring;gain on sale"
"cmpscan-v1","(15 cap-triggering phrases)","","baseline","0001552781-26-000071","WTRG","False","","","True","nonrecurring;gain on sale"
"cmpscan-v1","(15 cap-triggering phrases)","","baseline","0001552781-26-000307","WTRG","True","False","True","True","one-time;non-recurring;nonrecurring;gain on sale"
"cmpscan-v1","(15 cap-triggering phrases)","","baseline","0001558370-25-000885","TR","True","False","True","True","nonrecurring"
"cmpscan-v1","(15 cap-triggering phrases)","","baseline","0001558370-25-006266","NSSC","False","","","True","non-recurring;nonrecurring"
"cmpscan-v1","(15 cap-triggering phrases)","","baseline","0001558370-25-011749","NSSC","True","False","False","True","non-recurring;nonrecurring;loss on sale"
"cmpscan-v1","(15 cap-triggering phrases)","","baseline","0001622194-26-000014","DEA","True","False","True","True","impairment;nonrecurring"
"cmpscan-v1","(15 cap-triggering phrases)","","baseline","0001628280-25-045977","IMAX","True","False","False","True","impairment"
"cmpscan-v1","(15 cap-triggering phrases)","","baseline","0001628280-25-049552","EOSE","True","False","True","True","non-recurring"
"cmpscan-v1","(15 cap-triggering phrases)","","baseline","0001628280-26-009722","MSEX","True","False","True","True","one-time"
"cmpscan-v1","(15 cap-triggering phrases)","","baseline","0001628280-26-010689","KWR","True","False","True","True","divestiture;impairment;non-recurring"
"cmpscan-v1","(15 cap-triggering phrases)","","baseline","0001628280-26-011693","IMAX","True","False","True","True","impairment"
"cmpscan-v1","(15 cap-triggering phrases)","","baseline","0001628280-26-011958","EOSE","False","","","True","non-recurring"
"cmpscan-v1","(15 cap-triggering phrases)","","baseline","0001628280-26-028907","IMAX","True","False","True","True","impairment"
"cmpscan-v1","(15 cap-triggering phrases)","","baseline","0001628280-26-028945","KWR","False","","","True","divestiture;non-recurring;gain on sale"
"cmpscan-v1","(15 cap-triggering phrases)","","baseline","0001628280-26-034367","EOSE","True","False","True","True","non-recurring"
"cmpscan-v1","(15 cap-triggering phrases)","","baseline","0001628280-26-049290","IMAX","True","False","False","True","impairment"
"cmpscan-v1","(15 cap-triggering phrases)","","baseline","0001641172-25-008949","SHOO","True","False","True","True","impairment;legal settlement"
"cmpscan-v1","(15 cap-triggering phrases)","","baseline","0001654954-25-007859","AEHR","False","","","True","impairment"
"cmpscan-v1","(15 cap-triggering phrases)","","baseline","0001654954-25-011494","AEHR","False","","","True","impairment"
"cmpscan-v1","(15 cap-triggering phrases)","","baseline","0001654954-26-006655","AEHR","True","False","True","True","impairment"
"cmpscan-v1","(15 cap-triggering phrases)","","baseline","0001673985-26-000004","ASIX","True","False","True","True","non-recurring"
"cmpscan-v1","(15 cap-triggering phrases)","","baseline","0001673985-26-000033","ASIX","True","False","True","True","non-recurring"
"cmpscan-v1","(15 cap-triggering phrases)","","baseline","0001680247-26-000024","PUMP","False","","","True","impairment;legal settlement;one-time;non-recurring;nonrecurring"
"cmpscan-v1","(15 cap-triggering phrases)","","baseline","0001680247-26-000058","PUMP","True","False","True","True","impairment;legal settlement;one-time;nonrecurring"
"cmpscan-v1","(15 cap-triggering phrases)","","baseline","0001694028-26-000021","LBRT","True","False","False","True","one-time;non-recurring"
"cmpscan-v1","(15 cap-triggering phrases)","","baseline","0001694028-26-000036","LBRT","True","False","False","True","one-time"
"cmpscan-v1","(15 cap-triggering phrases)","","baseline","0001767042-26-000009","KGS","True","False","True","True","impairment;non-recurring;loss on sale"
"cmpscan-v1","(15 cap-triggering phrases)","","baseline","0001767042-26-000041","KGS","True","False","True","True","impairment;non-recurring;nonrecurring;loss on sale"
"cmpscan-v1","(15 cap-triggering phrases)","","baseline","0001805077-25-000152","EOSE","True","False","True","True","one-time;non-recurring"
"cmpscan-v1","(15 cap-triggering phrases)","","baseline","0002039852-26-000004","TBBK","False","","","True","legal settlement"
"cmpscan-v1","(15 cap-triggering phrases)","","baseline","0002039852-26-000063","TBBK","True","False","False","True","legal settlement"
