"accession","ticker","item","categories"
"0001193125-26-046677","GTY","Perimeter change: 73 properties acquired for $268.8M in 2025 (plus 13 sold) drives rental income growth","acquisition-divestiture-perimeter"
"0001193125-26-046677","GTY","$6.3M FY / $4.0M Q4 gains on property dispositions boost net earnings","asset-sale-gains-losses"
"0001193125-26-046677","GTY","Environmental expense swing: FY $1.95M vs $0.585M (litigation accruals), Q4 credit of $(0.151)M vs $0.447M; release itself warns against period comparisons","insurance-weather-litigation"
"0001193125-26-046677","GTY","Tenant reimbursement income fell $10.9M to $5.1M FY with offsetting drop in reimbursable property operating expenses ($14.2M to $8.1M)","uncategorized"
"0001193125-26-046677","GTY","Impairment charges $2.8M FY 2025 vs $4.0M FY 2024","impairment-restructuring"
"0001193125-26-046677","GTY","~2.1M shares settled for $59.2M in Q4 plus ~2.1M shares under outstanding forward agreements (dilution affects per-share comparisons)","uncategorized"
"0001169561-26-000013","CVLT","FX tailwind: Q4 revenue +13% reported vs +9% constant currency ($10.8M impact; FY $29.5M, 19% vs 16%)","fx-currency"
"0001169561-26-000013","CVLT","FY27 guidance for Subscription Revenue and Subscription ARR uses recast definitions (recast section not present in truncated input)","accounting-change-recast"
"0001169561-26-000013","CVLT","Recent Satori acquisition; revenue contribution not quantified in the text","acquisition-divestiture-perimeter"
"0001193125-25-246857","GTY","$4.1M removal of previously accrued unknown environmental reserve liabilities (Q3 environmental expense of -$3.36M vs +$0.31M prior year) inflates Q3 net earnings and FFO comparison","uncategorized"
"0001193125-25-246857","GTY","Acquisition-driven perimeter growth ($236.8M YTD invested) inflates rental income vs prior year","acquisition-divestiture-perimeter"
"0001193125-25-246857","GTY","Tenant reimbursement income fell to $1.68M from $2.91M (Q3), tied to reduced reimbursable real estate taxes","uncategorized"
"0001193125-25-246857","GTY","9M environmental expense swing ($2.1M vs $0.1M) includes litigation accruals; company itself warns against relying on period-to-period environmental comparisons","insurance-weather-litigation"
"0001628280-26-049290","IMAX","Adjusted EPS (+65%) grows far faster than GAAP diluted EPS (+35%), implying sizable non-GAAP adjustments, but the reconciliation tables are cut off by input truncation","uncategorized"
"0001628280-26-049290","IMAX","Share repurchases resumed in Q2 2026 ($13.7M / 404,866 shares) vs none in Q2 2025, modestly aiding per-share comparisons even as weighted diluted shares rose 3%","uncategorized"
"0000018230-25-000013","CAT","Restructuring income/costs excluded from adjusted figures in both periods","impairment-restructuring"
"0000018230-25-000013","CAT","Prior-year (1Q24) $64M nontaxable gain on divestiture of a non-U.S. mining entity plus related $54M tax benefit","acquisition-divestiture-perimeter;discrete-tax;asset-sale-gains-losses"
"0000018230-25-000013","CAT","Discrete stock-based-compensation tax benefit $17M in 1Q25 vs $38M in 1Q24","discrete-tax"
"0000018230-25-000013","CAT","Dealer inventory swing distorts volume comparison: +$100M build in 1Q25 vs +$1.4B build in 1Q24","uncategorized"
"0000018230-25-000013","CAT","Unfavorable currency impacts (Brazilian real, Japanese yen; -$222M sales)","fx-currency"
"0000105132-25-000013","WDFC","$11.9M one-time uncertain tax position release inflates net income (+92% headline vs +15% excluding) and adds $0.87 to diluted EPS","discrete-tax"
"0000105132-25-000013","WDFC","FY2025 guidance is pro forma, excluding homecare/cleaning products classified as held for sale (~$23M sales, ~$6M operating income, ~$0.33 EPS if divestiture fails)","acquisition-divestiture-perimeter"
"0000105132-25-000013","WDFC","Unfavorable FX translation of ~$4.9M on quarterly net sales","fx-currency"
"0001193125-25-251570","AGYS","Other (gains) charges, net of $(5.456)M gain in Q2 FY26 vs a prior-year charge (figure truncated at ""2,0…"") inflates the GAAP net income comparison ($11.7M vs $1.4M)","uncategorized"
"0001193125-25-251570","AGYS","Book4Time acquisition included in FY26 Q2 subscription revenue (""33% growth... including Book4Time"") but not in the prior-year quarter","acquisition-divestiture-perimeter"
"0001193125-25-251570","AGYS","Non-GAAP adjustments include amortization, share-based comp, legal settlements and tax events per company definition","insurance-weather-litigation"
"0001193125-26-209013","PLMR","Gray Casualty & Surety (PCSC) acquisition closed Jan 31, 2026 — two months of PCSC activity included in Q1 2026, inflating premium growth comparison","acquisition-divestiture-perimeter"
"0001193125-26-209013","PLMR","$7.6M attritional + $2.7M catastrophe favorable prior-year development (~3.9 loss-ratio points) flatters current-quarter loss ratio","uncategorized"
"0001193125-26-209013","PLMR","Business-mix shift toward Crop and Surety changes loss-ratio comparability year-over-year","uncategorized"
"0001193125-26-209013","PLMR","Widening GAAP-vs-adjusted gap: adjusted NI $63.1M vs GAAP NI $42.9M (adjustments not itemized in truncated input)","uncategorized"
"0001171843-25-006529","SFBS","$7.8M loss on sale of AFS securities in Q3 2025 (portfolio restructuring) depresses GAAP EPS and drives non-interest income down 66.9% YoY","impairment-restructuring;asset-sale-gains-losses"
"0001171843-25-006529","SFBS","$8.6M securities sale loss in Q2 2025 distorts linked-quarter comparison","uncategorized"
"0001171843-25-006529","SFBS","$2.3M legal-accrual reversal in Q2 2025 interest expense flatters prior-quarter NIM (3.10% reported vs 3.06% adjusted)","uncategorized"
"0001171843-25-006529","SFBS","Prior-year Q3 2024 provision included $2.7M for Hurricanes Helene and Milton","insurance-weather-litigation"
"0001171843-25-006529","SFBS","Single large non-accrual real-estate relationship drives NPA jump and ~10bps NIM drag","uncategorized"
"0001104659-25-106421","CYRX","CRYOPDP specialty courier divestiture (closed June 11, 2025) - perimeter change; results reclassified to discontinued operations for all periods","acquisition-divestiture-perimeter;accounting-change-recast"
"0001104659-25-106421","CYRX","$115.4M net-of-tax gain on CRYOPDP sale drives 9M 2025 net income of $89.9M","asset-sale-gains-losses"
"0001104659-25-106421","CYRX","Prior-year Q2 2024 $63.8M impairment charge (MVE goodwill write-off) distorts 9M operating-expense comparison ($88.1M vs $159.1M reported)","impairment-restructuring"
"0001104659-25-106421","CYRX","Q3 net income/loss comparison ($6.9M loss vs $0.8M income) includes discontinued operations in both periods","uncategorized"
"0000950170-25-057490","GTY","Acquisition-driven perimeter growth: base rental income +13.0% to $49.6M driven by recently acquired properties","acquisition-divestiture-perimeter"
"0000950170-25-057490","GTY","GAAP net earnings per share fell $0.30 to $0.25 while FFO/AFFO rose (depreciation-driven divergence)","uncategorized"
"0000950170-25-057490","GTY","Tenant reimbursement income fell $2.84M to $1.11M","uncategorized"
"0000950170-25-057490","GTY","Interest on notes and mortgages receivable fell $1.76M to $0.62M on lower average balances","uncategorized"
"0000950170-25-057490","GTY","$1.17M impairments in Q1 2025 (vs $1.28M prior year)","impairment-restructuring"
"0001030469-26-000004","OFG","$16.8M discrete tax benefits in 4Q25 ($12.9M expiration of 2019 Scotiabank PR/USVI acquisition tax agreement + $3.9M deferred-tax valuation allowance release) swung tax to an $8.5M benefit vs $2.4M expense in 4Q24","acquisition-divestiture-perimeter;discrete-tax"
"0001030469-26-000004","OFG","$6.1M accelerated amortization of technology-related assets in 4Q25 other income (plus $1.0M related in expenses)","uncategorized"
"0001030469-26-000004","OFG","$3.9M gain on sale of non-performing loans and $1.1M gain on sale of a building in 4Q25","asset-sale-gains-losses"
"0001030469-26-000004","OFG","$3.3M professional/advisory fees on technology-contract renegotiation and $2.5M business rightsizing costs in 4Q25 expenses","uncategorized"
"0001030469-26-000004","OFG","NPL sale added $4.8M to net charge-offs ($3.1M previously reserved) and $1.7M to provision","uncategorized"
"0001030469-26-000004","OFG","3Q25 comparison included $2.2M OFG Ventures fintech fund gains","uncategorized"
"0000921582-25-000022","IMAX","Headline Net Income +52% ($8.2M) vs Net Income attributable to common shareholders -30% ($2.3M vs $3.3M) — growth accrues largely to IMAX China non-controlling interests","uncategorized"
"0000921582-25-000022","IMAX","China-concentrated quarter (Ne Zha 2, $161M of $298M box office) skews profit mix toward IMAX China minority holders","uncategorized"
"0000921582-25-000022","IMAX","Total Adjusted EBITDA +15% but Credit Facility Adjusted EBITDA attributable to common shareholders essentially flat ($28.0M vs $28.1M)","uncategorized"
"0000921582-25-000022","IMAX","Sales-type installations 13 vs 5 YoY inflate Technology Products and Services revenue/margin via recognition timing","uncategorized"
"0000921582-25-000022","IMAX","Diluted share count +3% (55.0M vs 53.4M) compresses per-share metrics","uncategorized"
"0001628280-26-011150","UFPT","Seven acquisitions (four in 2024, three in 2025) drive headline FY sales +19.5% vs organic growth of only ~1.5% (Q4 organic essentially flat)","acquisition-divestiture-perimeter"
"0001628280-26-011150","UFPT","$6.3M FY / $1.2M Q4 AJR labor inefficiency depresses gross margin (FY margin 28.3% reported vs 29.3% excluding it)","uncategorized"
"0001628280-26-011150","UFPT","Acquisition costs $0.3M FY25 vs $2.5M FY24 and contingent-consideration fair-value swings ($(0.5)M Q4-25 vs $0.2M Q4-24) distort operating income comparison","acquisition-divestiture-perimeter"
"0001628280-26-011150","UFPT","Q4-25 effective tax rate ~10.1% vs ~14.3% Q4-24 flatters GAAP net income growth","uncategorized"
"0000874238-25-000133","STRL","RHB joint venture deconsolidated Dec 31, 2024 — prior-year revenue/backlog comparisons adjusted to exclude RHB","acquisition-divestiture-perimeter"
"0000874238-25-000133","STRL","CEC acquisition closed in-quarter: contributed $41.4M revenue, $475.3M backlog, $810.5M combined backlog","acquisition-divestiture-perimeter"
"0000874238-25-000133","STRL","Heavy reliance on adjusted (non-GAAP) measures: adjusted net income $107.7M vs GAAP $92.1M; reconciliation tables not present in truncated input","uncategorized"
"0000874238-25-000133","STRL","Texas low-bid heavy highway downsizing weighs on Transportation backlog/revenue near term (deliberate mix shift)","uncategorized"
"0000105132-26-000059","WDFC","$1.3M one-time amortization catch-up from reclassifying Americas homecare/cleaning brands to held-for-use (GAAP net income +44% vs adjusted +50%)","accounting-change-recast"
"0000105132-26-000059","WDFC","Favorable FX of ~$7.3M on net sales (~4pp of the 24% headline growth; constant-currency +20%)","fx-currency"
"0000105132-26-000059","WDFC","Prior-year quarter included $1.1M of UK homecare sales divested in Q4 FY2025","acquisition-divestiture-perimeter"
"0000105132-26-000059","WDFC","Guidance perimeter changed: outlook now re-includes Americas homecare brands (~$12M sales, $2.9M operating income, $0.17 EPS) and is compared to 'pro forma' FY2025 net sales","acquisition-divestiture-perimeter"
"0001403161-26-000044","V","$707M litigation provision (interchange MDL) in current-year GAAP results","insurance-weather-litigation"
"0001403161-26-000044","V","$333M deferred tax benefit from change in U.S. taxation of certain foreign earnings (current year)","discrete-tax"
"0001403161-26-000044","V","Prior year included $213M severance costs, $39M lease consolidation costs, $27M MDL litigation provision","impairment-restructuring;insurance-weather-litigation"
"0001403161-26-000044","V","Equity investment losses ($7M current vs $75M prior) and acquired-intangible amortization/acquisition costs ($66M vs $80M) excluded from non-GAAP","acquisition-divestiture-perimeter"
"0001403161-26-000044","V","FX: growth is 15% reported vs 13% constant-dollar (net revenue); non-GAAP EPS +15% vs ~14% constant-dollar","fx-currency"
"0000700923-26-000006","MYRG","Prior-year (2024) losses on certain T&D clean energy projects and a C&I project depressed the comparison base for gross margin and operating margin","uncategorized"
"0000700923-26-000006","MYRG","$10.3M contingent compensation expense from a prior acquisition recognized in FY2024 did not recur in 2025","acquisition-divestiture-perimeter"
"0000700923-26-000006","MYRG","Effective tax rate fell sharply (Q4: 40.9% to 21.2%; FY: 34.9% to 26.6%) from state deferred tax remeasurement and permanent items, amplifying net income growth","discrete-tax"
"0000700923-26-000006","MYRG","Prior-year foreign currency losses on intercompany receivables (Q4 2024 other expense $1.1M vs $0.5M income in Q4 2025)","fx-currency"
"0000700923-26-000006","MYRG","Favorable change orders, job closeouts and estimate changes (FY2025 estimate changes -1.4% margin vs -4.4% in FY2024) affect period comparability","uncategorized"
"0001023024-26-000049","ANIP","$15.0M one-time upfront Harmony license fee plus ~$6.5M associated royalties in Q1 revenue ($21.5M 'Brand royalties and other' vs $0 prior year) inflates the 20.5% headline growth (ex-Harmony growth ~10%)","uncategorized"
"0001023024-26-000049","ANIP","$9.0M litigation settlement recognized in GAAP SG&A (GAAP SG&A -3.8% vs non-GAAP +12.1%)","insurance-weather-litigation"
"0001023024-26-000049","ANIP","YUTIQ discontinued in US (transitioned to ILUVIEN in Q2 2025) distorts the ILUVIEN/YUTIQ line comparison","uncategorized"
"0001023024-26-000049","ANIP","Non-recurrence of prior-year Prucalopride revenues cited as a gross-margin drag","uncategorized"
"0001023024-26-000049","ANIP","Brands revenue -50.9% to $12.3M on 'normalization in demand' — a step-change in that segment's base","uncategorized"
"0001140361-26-023148","PLUS","Sale of domestic financing business (June 30, 2025); prior periods retrospectively restated to discontinued operations","accounting-change-recast"
"0001140361-26-023148","PLUS","Bailiwick Services acquisition (Aug 19, 2024) inflates FY professional services revenue growth (+19.4%) and dilutes its gross margin","acquisition-divestiture-perimeter"
"0001140361-26-023148","PLUS","$3.0M Q4 charge related to disposition of financing business in other income (expense)","uncategorized"
"0001140361-26-023148","PLUS","Discontinued operations swing: FY $8.5M vs $28.1M prior year; Q4 ($0.4M) vs $3.9M","uncategorized"
"0001030469-25-000047","OFG","$2.3M discrete tax benefit lowered 3Q25 ETR to 15.53% vs anticipated 23.06% annual rate, flattering YoY EPS","discrete-tax"
"0001030469-25-000047","OFG","Buybacks shrank avg diluted shares to 44.7M from 46.8M in 3Q24, boosting EPS growth beyond income growth","uncategorized"
"0001030469-25-000047","OFG","$5.6M specific reserves on two commercial loans within the $28.3M provision","uncategorized"
"0000700923-26-000026","MYRG","Net change-in-estimates swing: +0.8% gross margin in Q1 2026 vs -1.1% in Q1 2025 (~1.9pt favorable swing, roughly half the margin improvement)","uncategorized"
"0000700923-26-000026","MYRG","Q1 2026 margin aided by favorable change orders and a favorable job closeout","uncategorized"
"0000700923-26-000026","MYRG","Effective tax rate fell 28.9% -> 26.9% partly from stock-compensation excess tax benefits","discrete-tax"
"0000057131-25-000028","LZB","$0.10/share unfavorable foreign tax discrete items in both GAAP and adjusted EPS","discrete-tax"
"0000057131-25-000028","LZB","~$24M Q4 gap between GAAP operating income ($29.5M) and adjusted ($53.6M); adjustment items not itemized in provided text","uncategorized"
"0000057131-25-000028","LZB","Acquisitions (7 independent stores) and 11 new stores inflate Retail delivered sales vs written same-store sales down 5%","acquisition-divestiture-perimeter"
"0000057131-25-000028","LZB","Significant customer transition in international wholesale business distorts Wholesale comparison","uncategorized"
"0000057131-25-000028","LZB","Accelerated tariff expenses in the quarter","uncategorized"
"0000921582-25-000064","IMAX","Prior-year Q2 included sale of streaming rights for 'The Blue Angels' documentary (amount not stated), depressing reported Content Solutions revenue comparison (-3%) despite +41% box office","uncategorized"
"0001437749-26-019382","IDT","Operating cash flow fell to $18.5M from $75.7M (adjusted $16.0M vs $66.1M) — attributed entirely to quarter-end weekday working-capital timing (prepaid weekend funding), distorting the cash flow comparison","uncategorized"
"0001437749-26-019382","IDT","Positive FX impact from strengthening Latin American currencies boosts net2phone subscription revenue growth","fx-currency"
"0001437749-26-019382","IDT","OnCore Digital controlling stake acquired after quarter close — not in 3Q26 results but will affect future comparability","acquisition-divestiture-perimeter"
"0001437749-26-019382","IDT","Corporate G&A +22% driven by increased stock-based compensation","uncategorized"
"0001552781-25-000041","WTRG","Gain on sale of Pittsburgh-area energy projects boosts FY2024 GAAP EPS ($2.17 GAAP vs $1.97 adjusted)","asset-sale-gains-losses"
"0001552781-25-000041","WTRG","Weather-related items included in GAAP results, excluded from $1.97 adjusted EPS","insurance-weather-litigation"
"0001552781-25-000041","WTRG","Divestitures of West Virginia utility assets and energy projects distort O&M/revenue comparison","acquisition-divestiture-perimeter"
"0001552781-25-000041","WTRG","Lower purchased gas costs (pass-through) cut gas segment revenue ($267.2M vs $327.5M purchased gas), masking revenue trend","uncategorized"
"0001552781-25-000041","WTRG","Greenville wastewater acquisition ($18M) closed Jan 31, 2025 — affects forward perimeter","acquisition-divestiture-perimeter"
"0001169561-26-000020","CVLT","Income tax expense swing: $11.1M vs $3.4M prior year drives the GAAP net income decline despite flat operating income","uncategorized"
"0001169561-26-000020","CVLT","Restructuring charge $2.4M vs $0.2M prior year","impairment-restructuring"
"0001169561-26-000020","CVLT","Interest income $7.7M vs $2.0M and new interest expense $1.5M vs $0.3M from ~$882M convertible notes issued since prior-year quarter","uncategorized"
"0001169561-26-000020","CVLT","Prior-year $(0.5)M contingent consideration benefit absent this year","uncategorized"
"0001169561-26-000020","CVLT","Share count reduction (diluted 41.9M vs 45.3M) from buybacks flatters per-share comparison","uncategorized"
"0001169561-25-000066","CVLT","FX tailwind ~3pts on headline growth (26% reported vs 23% constant currency, both disclosed)","fx-currency"
"0001169561-25-000066","CVLT","Prior-year restructuring $4.7M vs $0.2M this quarter flatters GAAP EBIT comparison modestly","impairment-restructuring"
"0001169561-25-000066","CVLT","Pending Satori Cyber acquisition incorporated into FY26 guidance (forward-looking only, not in reported Q1 results)","acquisition-divestiture-perimeter"
"0001169561-25-000066","CVLT","$34.8M assets held for sale at March 31 reduced to zero at June 30 with no explanation visible in provided text","acquisition-divestiture-perimeter"
"0000950170-25-074348","AGYS","Book4Time acquisition completed during FY2025 inflates revenue and subscription growth (CEO cites Q4 subscription growth of 42.7% 'including Book4Time')","acquisition-divestiture-perimeter"
"0000950170-25-074348","AGYS","FY2024 GAAP net income of $85.0M ($3.17/sh) vs FY2025 $23.2M ($0.82/sh) implies a large unexplained prior-year item distorting the GAAP comparison; not explained in provided text","uncategorized"
"0000950170-25-074348","AGYS","Ending cash fell $144.9M to $73.0M year-over-year (likely acquisition-related; cause not stated in provided text)","acquisition-divestiture-perimeter"
"0001193125-26-228898","AGYS","Q4 GAAP net income tripled ($12.3M vs $3.9M) while adjusted diluted EPS rose only $0.63 vs $0.54, implying non-recurring/adjustment items in one or both periods, but no specific one-time amounts are stated in the visible text","uncategorized"
"0001193125-26-228898","AGYS","Company notes 'record' claims apply only to the post-FY2014 hospitality-focused perimeter (definitional caveat, not a period distortion)","acquisition-divestiture-perimeter"
"0001558370-25-000885","TR","$11,010,000 nonrecurring non-cash write-off of deferred tax assets in Q4 2024 (deferred comp tax deductibility revoked), inflating tax expense and depressing reported net earnings","discrete-tax"
"0001558370-25-000885","TR","Q4 2024 LIFO inventory liquidation benefited operating and net earnings (amount not quantified)","lifo-inventory"
"0001558370-25-000885","TR","Higher investment income, higher real-estate leasing revenue and more favorable FX boosted Q4/FY 2024 net earnings (non-core items, amounts not quantified)","fx-currency"
"0001558370-25-000885","TR","Share buybacks reduced average shares outstanding (71,320K vs 71,903K FY), flattering EPS comparison","uncategorized"
"0001558370-25-000885","TR","Effective tax rate shift excluding write-off: Q4 23.8% vs 21.8%; FY 22.9% vs 23.4%","uncategorized"
"0000080420-25-000095","POWL","Q3 gross margin benefited from project closeouts (unquantified, alongside volume leverage and execution)","uncategorized"
"0000080420-25-000095","POWL","Remsdaq acquisition announced subsequent to quarter end - does not affect reported Q3 figures","acquisition-divestiture-perimeter"
"0001104659-26-012356","IRMD","Presentation-only change to rounding in thousands (prior periods conformed; stated as no impact on results)","uncategorized"
"0001304492-26-000024","ATEX","$105.4M FY gain on exchange of intangible assets (vs $22.8M prior year) dominates the swing to net income","uncategorized"
"0001304492-26-000024","ATEX","$34.8M FY gain on sale of intangible assets (vs $18.3M prior year)","asset-sale-gains-losses"
"0001304492-26-000024","ATEX","$4.6M FY severance and other related charges (Q4 $2.8M vs $0.3M prior year)","impairment-restructuring"
"0001304492-26-000024","ATEX","Prior-year base was a net loss of $(11.4)M, amplifying the YoY swing","uncategorized"
"0001304492-26-000024","ATEX","$36.5M deferred-revenue inflow drives the operating cash flow improvement","uncategorized"
"0001171843-25-002859","UFPT","Recent acquisitions (AJR Enterprises and others) drive most of the +41.1% revenue growth; organic growth only 2.3%","acquisition-divestiture-perimeter"
"0001171843-25-002859","UFPT","Interest expense rose to $2.8M from $0.6M YoY, reflecting acquisition-related debt","acquisition-divestiture-perimeter"
"0001171843-25-002859","UFPT","Small fold-in acquisition (former AJR sister company) closed recently, adding to perimeter","acquisition-divestiture-perimeter"
"0001171843-25-002859","UFPT","Adjusted figures exclude acquisition costs ($37K) and contingent-consideration fair-value change ($263K)","acquisition-divestiture-perimeter"
"0001171843-25-002859","UFPT","2024 Robotic Surgery inventory build by largest customer depresses YoY segment comparison (-6%)","uncategorized"
"0000105132-25-000023","WDFC","Unfavorable FX translation ~$1.6M on Q3 net sales (~1% of sales)","fx-currency"
"0000105132-25-000023","WDFC","FY2025 guidance on pro forma basis excluding HCCP assets held for sale (~$20M sales, ~$6M operating income, ~$0.33 EPS if not divested)","acquisition-divestiture-perimeter"
"0000105132-25-000023","WDFC","Guidance excludes previously disclosed uncertain tax position benefit","discrete-tax"
"0000105132-25-000023","WDFC","HCCP portfolios (Americas/UK) announced for sale; HCCP sales -17% in Q3","uncategorized"
"0001493152-26-008051","UMH","Acquisition of 5 communities (587 sites, $41.8M) during 2025 inflates YoY total income","acquisition-divestiture-perimeter"
"0001493152-26-008051","UMH","ATM issuance of ~2.6M common shares ($45.1M gross) lifted diluted weighted shares ~13% (74.9M to 84.7M), compressing per-share FFO growth","uncategorized"
"0001493152-26-008051","UMH","Normalized FFO excludes ~$4.1M of items vs FFO for FY2025; reconciliation footnote not present in provided text","uncategorized"
"0001493152-26-008051","UMH","Record home sales of $36.4M includes Honey Ridge sales (contribution amount not stated)","uncategorized"
"0000200406-26-000146","JNJ","GAAP EPS -0.9% vs adjusted EPS +4.7% — divergence driven by intangible amortization and unquantified special items","uncategorized"
"0000200406-26-000146","JNJ","Translational currency added ~1.0pt to reported sales growth (6.6% reported vs 5.6% operational)","fx-currency"
"0000200406-26-000146","JNJ","Divestitures reduced Innovative Medicine operational growth by ~10bp; net acquisitions/divestitures reduced MedTech growth by ~10bp","acquisition-divestiture-perimeter"
"0000200406-26-000146","JNJ","STELARA loss-of-exclusivity erosion (~760bp drag on Innovative Medicine growth) distorts underlying segment trend","uncategorized"
"0000200406-26-000146","JNJ","Free cash flow ~$8.7B is an estimate as of July 15, 2026, not a final figure","uncategorized"
"0001171843-25-004919","SHEN","Prior-year Q2 included $11.3M Horizon restructuring/integration expense (down 98.2% YoY), flattering the operating-loss comparison","impairment-restructuring"
"0001171843-25-004919","SHEN","$4.2M write-off of plant-under-construction assets inflates current-quarter D&A","uncategorized"
"0001171843-25-004919","SHEN","$0.8M non-cash deferred revenue adjustment on a modified carrier contract depresses Commercial Fiber revenue","uncategorized"
"0001171843-25-004919","SHEN","$0.9M early termination fees earned in prior-year period distort Commercial Fiber comparison (ex-items growth was +2.7%)","uncategorized"
"0001171843-25-004919","SHEN","Six-month comparison distorted by Horizon Telcom acquisition perimeter and prior-year $216.8M gain on sale of discontinued operations; new $1.5M dividends on redeemable noncontrolling interest reduce attributable net loss","acquisition-divestiture-perimeter;asset-sale-gains-losses"
"0001049521-25-000022","MRCY","FY25 GAAP net loss of $37.9M vs adjusted EPS +$0.64 implies large unspecified excluded charges; reconciliation tables not visible in input","uncategorized"
"0001049521-25-000022","MRCY","Prior-year FY24 adjusted EBITDA of $9.4M was severely depressed, amplifying the YoY improvement to $119.4M","uncategorized"
"0001403161-25-000051","V","$615M current-quarter litigation provision (interchange MDL and other legal matters) depresses GAAP results","insurance-weather-litigation"
"0001403161-25-000051","V","Prior-year $118M indirect tax reserve release (fiscal 2021 reserve)","uncategorized"
"0001403161-25-000051","V","Prior-year $67M Visa Foundation securities donation","uncategorized"
"0001403161-25-000051","V","Prior-year $10M MDL litigation provision","insurance-weather-litigation"
"0001403161-25-000051","V","Net equity investment losses ($35M current year vs $22M prior year)","uncategorized"
"0001403161-25-000051","V","Amortization of acquired intangibles and acquisition-related costs ($73M current vs $76M prior)","acquisition-divestiture-perimeter"
"0000854775-26-000016","DGII","Jolt acquisition (completed Aug 2025) included for full six months; majority of IoT Solutions revenue growth (+$7.8M recurring, +$2.6M one-time) driven by Jolt","acquisition-divestiture-perimeter"
"0000854775-26-000016","DGII","Particle acquisition (Jan 2026) adds ~$20M ARR; Products & Services ARR +104% primarily due to Particle","acquisition-divestiture-perimeter"
"0000854775-26-000016","DGII","Adjusted net income per diluted share method changed in FY26 to include interest expense; prior periods recast (~$0.03-$0.04/share impact)","accounting-change-recast"
"0000854775-26-000016","DGII","Increased acquisition-related intangible amortization compresses segment operating margins (Solutions -80bps)","acquisition-divestiture-perimeter"
"0000854775-26-000016","DGII","Acquisition funded with debt: $143M debt outstanding, $111M net debt at quarter end","acquisition-divestiture-perimeter"
"0001140361-25-017561","WTTR","Non-recurring transaction/rebranding costs in SG&A: $1.2M Q1'25 vs $4.9M Q1'24 vs $1.5M Q4'24 — swing is large relative to the $5.7M YoY net income change","uncategorized"
"0001140361-25-017561","WTTR","Bolt-on disposal acquisitions since year-end (amounts not stated) alter perimeter","acquisition-divestiture-perimeter"
"0001140361-25-017561","WTTR","$1.1M impairments and abandonments plus $0.7M lease abandonment costs adjusted out of Q1'25 Adjusted EBITDA","impairment-restructuring"
"0001140361-25-017561","WTTR","Legacy freshwater pipeline assets taken offline for conversion depress Water Infrastructure segment comparability","uncategorized"
"0001193125-26-085812","HLIO","CFP divestiture distorts YoY: 4Q sales +17% reported vs +29% pro forma; FY +4% vs +6%; APAC -8% reported vs +46% pro forma","acquisition-divestiture-perimeter"
"0001193125-26-085812","HLIO","One-time $5.4M interest-rate-swap benefit reduced net interest expense in 4Q25","uncategorized"
"0001193125-26-085812","HLIO","Prior-year 4Q effective tax rate 37.2% vs 22.7% (2024 discrete items from CEO termination) inflates net income/EPS percentage gains","uncategorized"
"0001193125-26-085812","HLIO","2025 included goodwill impairment and gain on sale of CFP (drove FY operating income -19% and affected tax rates)","impairment-restructuring;asset-sale-gains-losses"
"0001193125-26-085812","HLIO","Favorable FX added $3.3M to 4Q25 sales","fx-currency"
"0001193125-26-312471","GTY","Environmental expense swing: Q2 $0.34M vs $5.34M prior year; 6M a $(7.2)M benefit vs $5.5M expense, incl. removal of previously accrued unknown reserve liabilities — flatters FFO/net earnings YoY","uncategorized"
"0001193125-26-312471","GTY","$4.7M gain on sale of four properties in Q2 net earnings ($6.5M for 6M)","asset-sale-gains-losses"
"0001193125-26-312471","GTY","Non-recurring former COO retirement costs in 6M G&A (G&A up to $16.4M from $13.7M)","uncategorized"
"0001193125-26-312471","GTY","Impairments $2.5M vs $0.5M in Q2 ($4.0M vs $1.6M 6M)","impairment-restructuring"
"0001193125-26-312471","GTY","$128.3M Q2 acquisitions (35 properties) plus prior acquisitions drive rental income growth — perimeter expansion, partially offset by dispositions","acquisition-divestiture-perimeter"
"0001767042-26-000009","KGS","Sold Mexico operations in 2025, completing divestment of all international operations — perimeter change distorts YoY comparison (amount not stated)","acquisition-divestiture-perimeter"
"0001767042-26-000009","KGS","Pending ~$675M Distributed Power Solutions acquisition excluded from 2026 guidance; guidance to be updated after early-April close","acquisition-divestiture-perimeter"
"0001767042-26-000009","KGS","Other capital expenditures ($62.8M FY25) reclassified out of growth capex, restated for current and historical periods","accounting-change-recast"
"0001767042-26-000009","KGS","Large gap between GAAP net income ($24.6M Q4) and adjusted net income ($35.3M Q4), and Q3 2025 GAAP net loss of $(14.0)M vs $31.5M adjusted, implying sizable non-recurring adjustments not itemized in the truncated text","uncategorized"
"0001169561-25-000030","CVLT","Prior-year Q4'24 income tax benefit of $103.1M (FY'24 benefit $85.3M) inflates prior-year GAAP net income/EPS ($126M / $2.89 vs $31M / $0.69), making the net-income comparison meaningless","discrete-tax"
"0001169561-25-000030","CVLT","FY25 restructuring charges $10.0M vs $4.5M FY24","impairment-restructuring"
"0001169561-25-000030","CVLT","FY25 impairment charges $2.9M (none in FY24)","impairment-restructuring"
"0001169561-25-000030","CVLT","FY25 change in contingent consideration $2.1M implies an acquisition earn-out affecting operating expenses (acquisition not named in text)","acquisition-divestiture-perimeter"
"0001193125-26-170614","GTY","$7.5M environmental expense benefit (removal of previously accrued unknown reserve liabilities) vs $0.1M expense prior year — inflates net earnings and FFO comparison","uncategorized"
"0001193125-26-170614","GTY","Non-recurring COO retirement costs drove G&A up to $9.1M from $6.9M","uncategorized"
"0001193125-26-170614","GTY","$1.8M gain on sale of two properties","asset-sale-gains-losses"
"0001193125-26-170614","GTY","Recently acquired properties inflate rental income vs prior year (partially offset by dispositions)","acquisition-divestiture-perimeter"
"0001193125-26-170614","GTY","Forward equity offering (4.0M shares, ~$129.9M gross) creates prospective share-count dilution","uncategorized"
"0000700923-25-000042","MYRG","Prior-year Q3 2024 margins depressed by charges on certain T&D clean energy projects and a C&I project, flattering the YoY gross-margin comparison (8.7% -> 11.8%)","uncategorized"
"0000700923-25-000042","MYRG","Q3 2024 had an income tax BENEFIT of $7.9M (42.5% effective rate) vs $12.6M tax expense (28.3%) in Q3 2025 - tax swing distorts net income comparison","discrete-tax"
"0000700923-25-000042","MYRG","$1.1M Q3 2024 (and $9.3M 9M 2024) contingent compensation expense from a prior acquisition did not recur","acquisition-divestiture-perimeter"
"0000700923-25-000042","MYRG","Changes in project gross-profit estimates cut gross margin 0.6% in Q3 2025 vs 3.9% in Q3 2024 - unequal estimate-revision drag across periods","uncategorized"
"0000856982-26-000007","MMSI","Acquired revenue inflates headline growth: Q4 constant-currency +10% vs organic +7% (~3 pts inorganic); FY +11% CC vs +7% organic","acquisition-divestiture-perimeter;fx-currency"
"0000856982-26-000007","MMSI","FX impact of $4.4M (Q4) / $5.2M (FY) on reported revenue","fx-currency"
"0000856982-26-000007","MMSI","2024 revenue recast: spine devices realigned into OEM category ($5.9M Q4 / $22.6M FY 2024)","acquisition-divestiture-perimeter;accounting-change-recast"
"0000856982-26-000007","MMSI","Q4 GAAP EPS +37% vs non-GAAP EPS +12% implies non-recurring items distorting GAAP comparison; reconciliation not visible in provided text","uncategorized"
"0000856982-26-000007","MMSI","FY2026 non-GAAP EPS guidance includes ~$0.07/share dilution from 3.00% Convertible Notes (if-converted method)","uncategorized"
"0001169561-26-000003","CVLT","Cost optimization program (restructuring) initiated in Q3 depresses GAAP EBIT — 6.3% GAAP operating margin vs 19.6% non-GAAP; Note 7 detail not visible in provided text","impairment-restructuring"
"0001169561-26-000003","CVLT","FX tailwind inflates reported growth: total revenue +19% reported vs +16% constant currency ($9.5M impact); Total ARR +22% reported vs +17% cc","fx-currency"
"0001169561-26-000003","CVLT","One-time restructuring payments cited as reducing FY26 free cash flow guidance ($215-220M)","impairment-restructuring"
"0001493152-26-009545","IDT","Favorable FX (strengthening LatAm currencies) boosted net2phone revenue/gross profit and bottom line","fx-currency"
"0001493152-26-009545","IDT","Non-GAAP EPS grew +$0.16 vs GAAP +$0.04; reconciling items not visible in provided text (reconciliation section truncated)","uncategorized"
"0001493152-26-009545","IDT","New federal remittance tax effective Jan 1, 2026 shifting BOSS Money retail-to-digital channel mix","uncategorized"
"0001049521-25-000014","MRCY","Prior-year Q3 FY24 was an unusually depressed comparator (adjusted EBITDA $(2.4)M, GAAP loss $44.6M), flattering the year-over-year swing","uncategorized"
"0001049521-25-000014","MRCY","~$22M+ gap between GAAP net loss ($19.2M) and positive adjusted EPS ($0.06) rests on adjustments whose reconciliation is truncated out of the input","uncategorized"
"0001193125-26-217028","HLIO","Custom Fluidpower (CFP) divestiture distorts YoY sales comparison (reported +17% vs +23% pro forma)","acquisition-divestiture-perimeter"
"0001193125-26-217028","HLIO","FX impact excluded from the 23% pro forma growth figure","fx-currency"
"0001193125-26-217028","HLIO","Large GAAP-vs-adjusted gap (net income $19.7M GAAP vs $26.6M non-GAAP; prior year $7.3M vs $14.8M) — adjustment detail not visible in provided text","uncategorized"
"0001193125-26-046585","PLMR","Acquisitions of Advanced Ag Protection and The Gray Casualty and Surety Company inflate YoY premium growth","acquisition-divestiture-perimeter"
"0001193125-26-046585","PLMR","Catastrophe loss ratio swing (-0.9% Q4 2025 vs 5.6% Q4 2024) flatters the loss-ratio comparison","uncategorized"
"0001193125-26-046585","PLMR","$2.8M favorable prior-year development in Q4 2025","uncategorized"
"0001193125-26-046585","PLMR","$2.4M net realized/unrealized investment gains vs $1.2M losses in prior-year quarter","uncategorized"
"0000200406-25-000201","JNJ","GAAP net earnings +91.2% ($5,152M vs $2,694M) vs adjusted net earnings +15.7% implies large special items/intangible amortization distorting the prior-year GAAP base","uncategorized"
"0000200406-25-000201","JNJ","CAPLYTA acquisition adds ~1.6% to Innovative Medicine operational growth (net M&A)","acquisition-divestiture-perimeter"
"0000200406-25-000201","JNJ","Translational currency contributes +1.4% of the 6.8% reported worldwide sales growth","fx-currency"
"0000200406-25-000201","JNJ","STELARA loss of exclusivity drags Immunology by ~(1,070) bps, partially masking underlying portfolio growth","uncategorized"
"0000200406-25-000201","JNJ","Sales guidance metrics exclude COVID-19 Vaccine","uncategorized"
"0000018230-26-000017","CAT","Discrete tax benefit $68M in 1Q26 vs $17M in 1Q25 (stock-comp settlements); effective rate 20.9% vs 22.3%","discrete-tax"
"0000018230-26-000017","CAT","Restructuring costs excluded from adjusted figures in both periods (~$0.07/share each year)","impairment-restructuring"
"0000018230-26-000017","CAT","Other income swing to $260M from $107M driven by FX, total return swaps and commodity hedges","fx-currency"
"0000018230-26-000017","CAT","Dealer inventory built more in 1Q26 than 1Q25 and is cited as a main driver of the $2.3B volume gain - flatters underlying end-demand comparison","uncategorized"
"0001421517-25-000076","ERII","Megaproject revenue timing swing: $4.1M in Q1'24 vs $0.04M in Q1'25 (down 99%), the stated driver of the revenue decline","uncategorized"
"0001421517-25-000076","ERII","$0.5M restructuring charges in Q1'25 (none in Q1'24)","impairment-restructuring"
"0001421517-25-000076","ERII","$0.4M impairment of long-lived assets in Q1'25","impairment-restructuring"
"0001421517-25-000076","ERII","$4.5M share repurchase lowered share count (54.9M vs 57.1M basic), affecting per-share comparison","uncategorized"
"0001193125-26-066953","TMDX","One-time $103.3M release of deferred-tax valuation allowance inflates net income","discrete-tax"
"0001193125-26-066953","TMDX","Q4 2025 net income tax benefit of $83.8M distorts Q4 net income vs $6.9M prior year","discrete-tax"
"0001193125-26-066953","TMDX","Full-year 2025 net income tax benefit of $82.8M distorts FY net income vs $35.5M prior year","discrete-tax"
"0001171843-26-000344","SFBS","$4.3M one-off BOLI policy income in Q4 2025 (BOLI income +$6.0M YoY to $8.1M) inflates non-interest income (+78.2% YoY, +453.9% QoQ)","uncategorized"
"0001171843-26-000344","SFBS","Q3 2025 contained adjustment items (adjusted EPS $1.30 vs GAAP $1.20; adjusted net income $71.4M vs $65.6M), distorting linked-quarter comparison","uncategorized"
"0001171843-26-000344","SFBS","FY 2025 adjusted net income $287.2M vs GAAP $276.6M (~$10.6M of adjustments during 2025)","uncategorized"
"0001171843-26-000344","SFBS","$30M 4.5% subordinated notes redeemed during Q4 2025","uncategorized"
"0000708781-26-000020","CASS","Prior-year Q1'25 GAAP included ~$1.5M favorable net adjustments (GAAP EPS $0.63 vs adjusted $0.52), depressing the adjusted base the +26.9% growth is measured against","uncategorized"
"0000708781-26-000020","CASS","Telecom Expense Management business classified as discontinued operations (April 2025 sale agreement) - continuing-ops vs total net income diverge","uncategorized"
"0000708781-26-000020","CASS","Payoff of a non-performing loan added 7 basis points to loan yield in the quarter","uncategorized"
"0000708781-26-000020","CASS","Q2 2025 investment portfolio repositioning flatters the securities-yield comparison (+83 bps)","uncategorized"
"0000708781-26-000020","CASS","Tariffs and higher freight rates inflate dollars per invoice while invoice volumes fell 3.1%","uncategorized"
"0001140361-26-019129","WTTR","$5.7M impairments and abandonments in Q1 2026 net income (large vs $9.4M net income)","impairment-restructuring"
"0001140361-26-019129","WTTR","$191.7M net proceeds from Class A share offering distorts cash/balance-sheet comparison (share dilution)","uncategorized"
"0001140361-26-019129","WTTR","$61.7M working-capital build ($54.5M receivables) depresses Q1 operating cash flow vs prior quarters","uncategorized"
"0001140361-26-019129","WTTR","Non-recurring spot-market water sales boosted Q1 Water Services revenue (expected not to recur in Q2)","uncategorized"
"0001140361-26-019129","WTTR","$28.6M Northern Delaware acquisitions closed early May 2026 (post-quarter, not in Q1 results)","acquisition-divestiture-perimeter"
"0001628280-26-011693","IMAX","Q4 GAAP Net Income $2.5M (-64%) and diluted EPS $0.01 (-90%) diverge sharply from Q4 Adjusted Net Income $32.6M (+125%) — large unexplained adjustments distort the GAAP headline; reconciliation not visible in truncated input","uncategorized"
"0001628280-26-011693","IMAX","$250M 0.750% Convertible Senior Notes due 2030 issued in 2025 with capped call transactions (cap $57.10) — likely source of non-operating charges/dilution vs prior year","uncategorized"
"0001628280-26-011693","IMAX","Diluted share count up ~3% YoY (55.5M vs 53.9M FY) modestly deflates per-share comparisons","uncategorized"
"0001558370-25-003812","AGX","Prior-year Q4 (and FY2024/FY2025) gross profit negatively impacted by Kilroot project loss, flattering the YoY margin comparison","uncategorized"
"0001558370-25-003812","AGX","Current Q4 gross margin aided by 'certain positive job closeouts' (favorable one-time contract closeouts)","uncategorized"
"0001558370-25-003812","AGX","Other income boosted by interest on invested funds (~$5.5M in Q4, ~$21.2M FY) on meaningfully higher cash balances, a non-operating tailwind","uncategorized"
"0001403161-26-000077","V","MDL litigation provision swing: $311M special item this year vs $992M prior year, inflating GAAP net income +32% / GAAP EPS +36% vs non-GAAP +17%/+20%","insurance-weather-litigation"
"0001403161-26-000077","V","Amortization of acquired intangibles and acquisition-related costs: $86M current vs $96M prior year","acquisition-divestiture-perimeter"
"0001403161-26-000077","V","Net equity investment losses: $15M current vs $23M prior year","uncategorized"
"0001403161-26-000077","V","Prisma and Newpay (Argentina) acquisition announced and completed Feb 2026 (subject to competition review); may contribute to Other revenue +41%","acquisition-divestiture-perimeter"
"0001403161-26-000077","V","FX tailwind: revenue +17% reported vs +16% constant-dollar; GAAP EPS ~35% constant-dollar vs 36% reported","fx-currency"
"0001304492-25-000095","ATEX","$33.9M non-cash gain on exchange of broadband licenses (no comparable prior-year gain)","uncategorized"
"0001304492-25-000095","ATEX","$1.0M gain on sale of broadband licenses (none prior year)","asset-sale-gains-losses"
"0001304492-25-000095","ATEX","$0.6M severance and other related charges (none prior year)","impairment-restructuring"
"0001304492-25-000095","ATEX","Tax swing: $2.3M benefit vs $1.2M expense prior year","discrete-tax"
"0000700923-25-000028","MYRG","Q2 2024 gross margin depressed by charges on certain T&D clean energy projects and a C&I project (estimate changes cut 2024 Q2 gross margin by 7.2% vs 1.0% in Q2 2025), flattering the YoY margin swing","uncategorized"
"0000700923-25-000028","MYRG","$5.0M contingent compensation expense (prior acquisition) in Q2 2024 SG&A ($8.2M in 1H 2024) flatters the SG&A comparison","acquisition-divestiture-perimeter"
"0000700923-25-000028","MYRG","Tax swing: Q2 2025 income tax expense of $10.9M vs Q2 2024 tax benefit of $6.9M (prior-year pretax loss); 1H 2024 effective rate was negative 281.9%","discrete-tax"
"0000700923-25-000028","MYRG","Q2 2025 margin aided by a favorable job closeout and better-than-anticipated productivity (partly non-recurring)","uncategorized"
"0001171843-26-004772","SFBS","Prior-year Q2 2025 included $8.6M securities losses — headline EPS +40% GAAP vs +30% against adjusted prior-year EPS of $1.21","uncategorized"
"0001171843-26-004772","SFBS","$1.9M interest income recovery from a previously nonaccrual credit (5bps of the linked-quarter loan-yield increase)","uncategorized"
"0001171843-26-004772","SFBS","BOLI income +94% YoY inflated by $150M (Q3 2025) and $25M (Q2 2026) new contract purchases","uncategorized"
"0001171843-26-004772","SFBS","$1.0M BOLI income correction adjustment recorded in Q4 2025 affecting period comparisons","uncategorized"
"0001171843-26-004772","SFBS","July 2025 treasury-management service-charge rate increases and Q1 2026 per-loan fee increase lift fee income YoY","uncategorized"
"0000200406-25-000170","JNJ","GAAP net earnings +18.2% / EPS +18.7% vs adjusted EPS -1.8%: special items and intangible amortization swing distorts headline comparison","uncategorized"
"0000200406-25-000170","JNJ","Net acquisitions/divestitures add ~1.6 pts to worldwide operational sales growth (Innovative Medicine +1.4 pts, MedTech +2.0 pts)","acquisition-divestiture-perimeter"
"0000200406-25-000170","JNJ","Translational currency adds +1.2 pts to reported sales growth","fx-currency"
"0000200406-25-000170","JNJ","Full-year guidance excludes COVID-19 Vaccine","uncategorized"
"0000200406-25-000170","JNJ","STELARA (loss of exclusivity) ~(1,170) bps drag and COVID-19 ~(130) bps drag on Innovative Medicine growth","uncategorized"
"0000046250-25-000024","HWKN","Four FY25 acquisitions added ~$72M of the $83.2M Water Treatment sales growth ($13.0M in Q4) — inorganic revenue inflates YoY comparison","acquisition-divestiture-perimeter"
"0000046250-25-000024","HWKN","LIFO reserve benefit of $1.6M in FY25 vs $15.4M in FY24 distorts gross-profit comparison","lifo-inventory"
"0000046250-25-000024","HWKN","Prior-year $7.7M PCB environmental charge (Industrial segment) not repeating flatters FY25 YoY gross profit","uncategorized"
"0000046250-25-000024","HWKN","SG&A includes $10.4M of added acquired-business costs incl. $4.2M intangible amortization","acquisition-divestiture-perimeter"
"0000046250-25-000024","HWKN","Segment realignment announced for FY26 (Water Treatment / Health and Food Sciences / Industrial Solutions) will break future segment comparability","uncategorized"
"0000046250-25-000024","HWKN","Post year-end WaterSurplus acquisition pushed leverage above 1.0x adjusted EBITDA","acquisition-divestiture-perimeter"
"0000057131-26-000018","LZB","$0.16/share favorable discrete tax items boost both GAAP and adjusted Q4 EPS","discrete-tax"
"0000057131-26-000018","LZB","~100 bps of Q4 consolidated adjusted margin improvement (150 bps in Wholesale) from favorable casegoods inventory adjustments and pricing ahead of the divestiture — a one-off","acquisition-divestiture-perimeter;lifo-inventory"
"0000057131-26-000018","LZB","$20 million Joybird goodwill impairment in GAAP Q4 results","impairment-restructuring"
"0000057131-26-000018","LZB","Exit of American Drew/Kincaid casegoods businesses (completed May, after quarter end) and U.K. supply chain restructuring distort segment comparability","impairment-restructuring"
"0000057131-26-000018","LZB","15-store independent-dealer acquisition plus 15 new stores inflate Retail written (+11%) and delivered (+9%) sales; written same-store sales were down 2%","acquisition-divestiture-perimeter"
"0001519449-25-000033","SKWD","$6.4M net realized investment gains in Q2 2025 vs $(0.04)M in Q2 2024 flatters the GAAP net income comparison (adjusted operating income, which strips this, still grew ~12%)","uncategorized"
"0001519449-25-000033","SKWD","$(4.3)M alternative & strategic investment loss vs $3.5M gain in Q2 2024 drove the $3.4M decline in net investment income","uncategorized"
"0001519449-25-000033","SKWD","Expense ratios exclude IPO-related stock compensation and secondary offering expenses (reported in other expenses)","uncategorized"
"0001552781-25-000394","WTRG","2025 EPS guidance beat explicitly attributed to non-recurring benefits (amount not stated)","uncategorized"
"0001552781-25-000394","WTRG","Prior-year credit to bad debt expense (PA water customer assistance program) distorts Q3 YoY O&M/earnings comparison","uncategorized"
"0001552781-25-000394","WTRG","YTD revenue +19.8% partly inflated by increased purchased gas costs (pass-through) in the natural gas segment","uncategorized"
"0001552781-25-000394","WTRG","2025 system acquisitions (~10,300 customers, ~$58M) modestly expand perimeter","acquisition-divestiture-perimeter"
"0000056978-26-000018","KLIC","Prior-year Q2 included $39.8M impairment charges, driving GAAP EPS of $(1.59) and distorting the YoY GAAP swing","impairment-restructuring"
"0000056978-26-000018","KLIC","Prior-year six-month period included a $76.0M gain relating to cessation of the Electronics Assembly equipment business","uncategorized"
"0000056978-26-000018","KLIC","Non-GAAP adjustments (amortization, restructuring/severance, equity comp, impairments, discrete tax items) bridge GAAP $0.66 to non-GAAP $0.79; reconciliation tables are cut off in the provided text","discrete-tax;impairment-restructuring"
"0002039852-26-000063","TBBK","Diluted shares down 11% y/y (47.96M to 42.59M) from buybacks: EPS +18% vs net income +5%, flattering the per-share headline","uncategorized"
"0002039852-26-000063","TBBK","$1.3M provision reversal on non-fintech loans vs $0.9M provision in 1Q 2025","uncategorized"
"0002039852-26-000063","TBBK","Y/y NII decline attributed to 3Q 2025 senior note upsizing/higher rate (financing change, not operations)","uncategorized"
"0002039852-26-000063","TBBK","Non-interest income share of revenue presented both with and without credit enhancement income (non-GAAP)","uncategorized"
"0001558370-25-008396","AGX","Prior-year Q1 (FY2025) gross profit was negatively impacted by a loss on an overseas project (amount not stated), depressing the comparison base and flattering the YoY margin/EPS jump","uncategorized"
"0001558370-25-008396","AGX","Gross margin also reflects a changing mix of projects and contract types vs prior year","uncategorized"
"0000950170-25-066916","TMDX","Addition of TransMedics logistics services contributes to YoY revenue growth (mix shift toward service revenue, cited for the 61% vs 62% gross margin change)","uncategorized"
"0000950170-25-066916","TMDX","Stock compensation in opex rose to $8.7M from $6.5M (recurring, minor)","uncategorized"
"0001022408-26-000017","PLUS","Sale of domestic financing business (June 30, 2025) — prior periods retrospectively recast as discontinued operations; discontinued-ops earnings fell $9.6M->$1.7M (Q3) and $24.2M->$8.9M (9M)","accounting-change-recast"
"0001022408-26-000017","PLUS","Bailiwick Services acquisition (Aug 19, 2024) inflates nine-month professional services revenue (+25.8%) and dilutes services gross margin (40.8%->38.9%)","acquisition-divestiture-perimeter"
"0001022408-26-000017","PLUS","Decrease in proportion of sales recorded on a net basis inflates net sales growth (+24.6%) relative to gross billings growth (+15.6%)","uncategorized"
"0001022408-26-000017","PLUS","Q3 discontinued-ops earnings of $1.7M primarily from settlement of a legal matter","uncategorized"
"0001022408-26-000017","PLUS","Prior-year Q3 continuing-ops base appears depressed ($14.6M net earnings, $27.0M Adjusted EBITDA), amplifying the +129.3%/+97.4% growth rates; no prior-year one-off is identified in the text","uncategorized"
"0001104659-26-070517","AGX","Effective tax rate fell to ~14.3% from ~24.3% (provision $7.7M on $53.8M pretax vs $7.2M on $29.8M), unexplained, flattering EPS growth","uncategorized"
"0001104659-26-070517","AGX","Margin gain partly from ahead-of-schedule substantial completion of final Midwest Solar and Battery Project (project-closeout benefit, may not recur)","uncategorized"
"0001104659-26-070517","AGX","Other income, net rose to $8.4M from $5.4M, primarily investment income (non-operating)","uncategorized"
"0000057131-25-000016","LZB","Acquired independent La-Z-Boy Furniture Galleries stores and new stores inflate Retail growth (delivered +11% vs written same-store +7%)","acquisition-divestiture-perimeter"
"0000057131-25-000016","LZB","Share count down ~2.5% (43,195K to 42,103K diluted): GAAP EPS +3% while GAAP net income fell (1)%","uncategorized"
"0000057131-25-000016","LZB","Non-GAAP excludes purchase accounting charges from prior acquisitions (~$0.25M operating income difference, minor)","acquisition-divestiture-perimeter"
"0000057131-25-000016","LZB","Significant customer transition in international wholesale business weighs on Wholesale sales and margin","uncategorized"
"0000320193-25-000055","AAPL","Six-month cash paid for income taxes $31.7B vs $14.5B prior year distorts operating-cash-flow comparison (OCF $53.9B vs $62.6B), not headline P&L","uncategorized"
"0000805928-26-000051","AXGN","$16.8M loss on extinguishment of debt (Oberland facility repaid Jan 28, 2026) drives GAAP net loss widening to $19.6M vs $3.8M","uncategorized"
"0000805928-26-000051","AXGN","January 2026 upsized public offering: 4.6M shares, $133.3M net proceeds — share count up ~13% YoY, distorts per-share and cash comparisons","uncategorized"
"0000805928-26-000051","AXGN","CMS Level 3 Nerve Procedure Code effective Jan 1, 2026 raised Avance facility reimbursement 40% (HOPD) / 35% (ASC) — a new-period tailwind absent from prior year","uncategorized"
"0000805928-26-000051","AXGN","Prior-year quarter carried $2.25M interest expense and $158K derivative fair-value change tied to the now-terminated debt structure","uncategorized"
"0000854775-26-000004","DGII","Jolt acquisition (Aug 2025) inflates YoY revenue and ARR; IoT Solutions +39% revenue driven primarily by Jolt","acquisition-divestiture-perimeter"
"0000854775-26-000004","DGII","Adjusted net income / adjusted EPS calculation changed in Q1 FY26 to include interest expense (both periods restated; $0.06/share impact each period)","accounting-change-recast"
"0000854775-26-000004","DGII","Particle acquisition (Jan 2026) included in FY26 guidance: ~$20-22M ARR, $13-14M revenue, $1-2M Adjusted EBITDA","acquisition-divestiture-perimeter"
"0000854775-26-000004","DGII","Cash flow from operations increase driven primarily by $5.1M decrease in deferred income tax benefit vs $0.5M increase in prior year","discrete-tax"
"0000856982-26-000023","MMSI","GAAP EPS +39% vs non-GAAP EPS +9% — large gap implies a one-time GAAP item (likely gain on DualCap sale) distorting the headline GAAP comparison","asset-sale-gains-losses"
"0000856982-26-000023","MMSI","DualCap product-line divestiture (Feb 17, 2026, $28M purchase price, $25.5M cash at closing) — organic growth is 3% including it, 4% excluding it","acquisition-divestiture-perimeter"
"0000856982-26-000023","MMSI","View Point Medical acquisition ($140M, effective Apr 1, 2026) — adds $2-4M revenue and ~$0.05 non-GAAP EPS dilution to FY26 guidance, plus ~$5.3M transaction expenses excluded from non-GAAP","acquisition-divestiture-perimeter"
"0000856982-26-000023","MMSI","Revenue presentation reorganized into new Foundational/Therapeutic categories beginning Q1 2026","uncategorized"
"0000856982-26-000023","MMSI","FX impact of $7.9M: reported revenue +7% vs constant-currency +5%","fx-currency"
"0000856982-26-000023","MMSI","Incremental year-over-year tariff headwinds cited against operating margin","uncategorized"
"0000105132-25-000061","WDFC","$11.9M discrete tax release (uncertain tax position) inflates FY25 net income +31% vs +14% adjusted; $0.87 favorable EPS impact","discrete-tax"
"0000105132-25-000061","WDFC","Assets held for sale (homecare/cleaning divestiture intent) — FY gross margin 55.1% reported vs 55.6% excluding held-for-sale impact; FY26 guidance is pro forma excluding assets to be divested","acquisition-divestiture-perimeter"
"0000105132-25-000061","WDFC","Prior sale of 1001 and 1001 Carpet Fresh brands in the UK affects HCCP comparisons","uncategorized"
"0000105132-25-000061","WDFC","FX translation: ~$3.6M favorable to Q4 net sales, ~$1.5M unfavorable to FY net sales","fx-currency"
"0001104659-25-074314","CYRX","$117.4M net-of-tax gain on CRYOPDP divestiture drives Q2 2025 net income of $105.2M","acquisition-divestiture-perimeter;asset-sale-gains-losses"
"0001104659-25-074314","CYRX","CRYOPDP results reclassified to discontinued operations for all periods presented","accounting-change-recast"
"0001104659-25-074314","CYRX","Prior-year Q2 2024 $63.8M goodwill impairment (MVE Biological Solutions) distorts opex/net-loss comparison","impairment-restructuring"
"0000108985-26-000040","YORW","Lower income taxes from higher IRS tangible property regulation deductions boosted net income (amount not quantified)","uncategorized"
"0000108985-26-000040","YORW","DSIC reset to zero partially offsets the March 1, 2026 rate increase in the revenue comparison","uncategorized"
"0000108985-26-000040","YORW","$470K acquisition of two wastewater systems (CMV Sewage Co., Pine Run Retirement Community) adds minor inorganic growth","acquisition-divestiture-perimeter"
"0001519449-25-000005","SKWD","LPT prior accident year development adds 4.2 pts to Q4 loss ratio (vs -0.2 pts in Q4 2023); legacy pre-2017 business excluded from adjusted metrics","uncategorized"
"0001519449-25-000005","SKWD","Q4 catastrophe losses 2.2 pts (Hurricane Milton) vs 0.4 pts prior year; FY also hit by Hurricanes Helene and Beryl","insurance-weather-litigation"
"0001519449-25-000005","SKWD","Q4 net investment losses of $10.4M (incl. $7.7M unrealized losses) vs $7.7M gains in Q4 2023","uncategorized"
"0001519449-25-000005","SKWD","Investment portfolio classifications simplified effective Jan 1, 2024; prior period reclassified to conform","accounting-change-recast"
"0001519449-25-000005","SKWD","LPT commuted effective Jan 31, 2025 (perimeter change for future periods)","acquisition-divestiture-perimeter"
"0001519449-25-000005","SKWD","Expense ratios exclude IPO-related stock compensation and secondary offering expenses","uncategorized"
"0000708781-26-000028","CASS","$1.8M bad-debt recovery from litigation settlement boosts Q2'26 GAAP (three $1.25M annual payments remain)","insurance-weather-litigation"
"0000708781-26-000028","CASS","Q2'26 net income adjustments of -$1.3M vs Q2'25 adjustments of +$2.7M distort GAAP YoY (GAAP continuing-ops EPS $0.81 vs $0.38 overstates growth; adjusted $0.71 vs $0.58)","uncategorized"
"0000708781-26-000028","CASS","Discontinued operations in prior year: Q2'25 total net income $8.9M vs continuing-ops $5.2M","uncategorized"
"0000708781-26-000028","CASS","Partial investment portfolio repositioning at end of Q2 2025 flatters securities-yield comparison (+70bp)","uncategorized"
"0001519449-25-000053","SKWD","Net realized gains swung to $15.9M in Q3 2025 vs $1.8M in Q3 2024, flattering GAAP net income (adjusted operating income excludes this and still improved strongly)","uncategorized"
"0001519449-25-000053","SKWD","Prior-year Q3 2024 cat losses elevated by Hurricanes Helene and Beryl (cat ratio 2.8% vs 0.6%), easing the YoY combined-ratio comparison","insurance-weather-litigation"
"0001519449-25-000053","SKWD","Expense ratios exclude IPO-related stock compensation, Apollo acquisition-related expenses and secondary offering expenses","acquisition-divestiture-perimeter"
"0001519449-25-000053","SKWD","Equity portfolio sold in Q3 2025, reducing equity investment income line","uncategorized"
"0001519449-25-000053","SKWD","Net unrealized losses on securities still held of $(9.0)M vs $8.4M gain in prior-year quarter","uncategorized"
"0001519449-25-000053","SKWD","Pending Apollo acquisition expected to close early next year (framing/one-off context, not yet in results)","acquisition-divestiture-perimeter"
"0000057131-26-000006","LZB","15-store southeast U.S. acquisition (17 acquired stores in last 12 months) inflates Retail sales growth; written same-store sales actually -4%","acquisition-divestiture-perimeter"
"0000057131-26-000006","LZB","$3.4M pre-tax ($0.09/diluted share) supply chain optimization/U.K. manufacturing closure severance excluded from adjusted results","impairment-restructuring"
"0000057131-26-000006","LZB","Business realignment gain on sale of Casegoods headquarters building, partially offset by Casegoods inventory impairment (amounts cut off by truncation)","impairment-restructuring;asset-sale-gains-losses"
"0000057131-26-000006","LZB","Kincaid upholstery sale completed subsequent to quarter close; LOI signed to sell American Drew/Kincaid casegoods businesses (upcoming perimeter change)","acquisition-divestiture-perimeter"
"0000057131-26-000006","LZB","Adverse late-January weather cited as slowing traffic and factored into Q4 outlook","insurance-weather-litigation"
"0000805928-26-000004","AXGN","~$1.9M one-time FDA BLA approval costs depress gross margin by ~3% (Q4) / ~1% (FY), 67% non-cash stock-comp vesting; revenue comparison itself unaffected","uncategorized"
"0000950170-25-097908","GTY","Q2 environmental expenses swung to $5.3M from $(0.15)M prior year (litigation accruals) — distorts net earnings and FFO comparison","insurance-weather-litigation"
"0000950170-25-097908","GTY","Recently acquired properties inflate rental income growth (base rent +9.9% Q2)","acquisition-divestiture-perimeter"
"0000950170-25-097908","GTY","Resolution of a tenant bankruptcy is embedded in the AFFO guidance raise","uncategorized"
"0000950170-25-097908","GTY","$1.6M gain on sale of three properties in Q2 ($1.9M on five YTD)","asset-sale-gains-losses"
"0000950170-25-097908","GTY","~1.2M ATM forward shares settled in Q2 ($32.8M net proceeds) raises share count, dampening per-share comparisons","uncategorized"
"0001558370-25-011873","AGX","Q2 income tax expense of only $0.4M on $35.6M pre-tax income (favorable stock-option exercise deductions) vs $6.1M on $24.3M prior year — near-zero effective tax rate flatters the net income/EPS comparison","uncategorized"
"0000950170-25-102370","DEA","1-for-2.5 reverse stock split effective April 28, 2025 (per-share data restated for all periods)","accounting-change-recast"
"0000950170-25-102370","DEA","Q2 2025 acquisitions (DC - Capitol Plaza 289,873 sq ft; DHS - Burlington 74,549 sq ft) change the portfolio perimeter","acquisition-divestiture-perimeter"
"0000950170-25-102370","DEA","ATM forward settlement of 202,721 shares (~$5.3M net proceeds) changes share count","uncategorized"
"0000950170-25-102370","DEA","No prior-year comparative figures presented in the provided text, so no clean YoY comparison is even shown","uncategorized"
"0001193125-25-250666","DEA","1-for-2.5 reverse stock split effective April 2025 (all periods restated per release, but breaks raw comparability with prior reporting)","accounting-change-recast"
"0001193125-25-250666","DEA","$0.05/share impairment loss included in FY2025 FFO guidance bridge","impairment-restructuring"
"0001193125-25-250666","DEA","ATM forward settlement: 750,000 shares issued for ~$16.8M net proceeds (share count dilution)","uncategorized"
"0001193125-25-250666","DEA","~$167M of 2025 acquisitions plus $25-75M development spend inflate growth vs organic","acquisition-divestiture-perimeter"
"0001193125-25-250666","DEA","No prior-year comparative figures present in the provided text, so the YoY comparison cannot be verified at all","uncategorized"
"0001140361-25-005021","WTTR","FY2023 net income benefited from $61.9M valuation allowance release on deferred tax assets, partially offset by $38.2M tax receivable agreements expense — distorts the $35.5M vs $79.2M net income comparison","discrete-tax"
"0001140361-25-005021","WTTR","""Several strategic acquisitions"" executed during 2024 (unquantified) may distort segment/consolidated comparisons","acquisition-divestiture-perimeter"
"0001140361-25-005021","WTTR","Colorado water rights partnership ($62M initial investment) and $550M credit facility are subsequent/announced items, not in 2024 results","uncategorized"
"0001193125-26-022562","AGYS","Other (gains) charges, net of $(2.7)M in Q3 FY26 vs $(0.01)M prior year flatters GAAP operating income and the $9.9M vs $3.8M net income comparison","uncategorized"
"0001193125-26-022562","AGYS","Nine-month other gains of $(7.9)M vs $2.6M charge in prior-year period distorts YTD comparison","uncategorized"
"0001193125-26-022562","AGYS","GAAP EPS +150% ($0.35 vs $0.14) vs adjusted EPS +10.5% ($0.42 vs $0.38) shows one-off items drive most of the GAAP earnings jump","uncategorized"
"0001193125-26-022562","AGYS","Legal settlements, net swings ($(0.06)M vs $0.33M)","insurance-weather-litigation"
"0001193125-26-022562","AGYS","Text truncated before other income/tax lines and non-GAAP reconciliations, so tax effects cannot be verified","uncategorized"
"0001140361-26-005834","WTTR","OMNI divestiture in Q3 2025 shrinks Water Services perimeter vs FY2024","acquisition-divestiture-perimeter"
"0001140361-26-005834","WTTR","$14.9M remeasurement gain on business combination (backed out of Adjusted EBITDA)","uncategorized"
"0001140361-26-005834","WTTR","$10.3M non-recurring transaction costs adjusted out of EBITDA","uncategorized"
"0001140361-26-005834","WTTR","$6.2M impairments and abandonments adjusted out of EBITDA","impairment-restructuring"
"0001140361-26-005834","WTTR","$21.0M increased D&A from infrastructure build-out compresses GAAP gross profit vs prior year","uncategorized"
"0001622194-26-000014","DEA","297,713 sq ft Richmond, VA campus acquired Jan 16, 2026 — perimeter change distorts YoY comparison","acquisition-divestiture-perimeter"
"0001622194-26-000014","DEA","New $7.0M mezzanine construction loan at 12.00% adds a non-rental income stream","uncategorized"
"0001622194-26-000014","DEA","No prior-year comparative figures present in the provided text, so the headline YoY comparison cannot be verified as clean","uncategorized"
"0001023024-26-000013","ANIP","Alimera purchase accounting: prior-year GAAP COGS included purchase-accounting costs whose non-recurrence drove GAAP gross margin up 57.9%->59.4%","uncategorized"
"0001023024-26-000013","ANIP","ILUVIEN/YUTIQ perimeter: NIU-PS indication merged into ILUVIEN label mid-2025; Q4 2024 and FY2025 figures include YUTIQ revenue, distorting the ILUVIEN -28.2% Q4 comparison","acquisition-divestiture-perimeter"
"0001023024-26-000013","ANIP","Alimera-acquired products (ILUVIEN/YUTIQ) imply acquisition contribution inflating year-over-year Rare Disease and total revenue growth","acquisition-divestiture-perimeter"
"0001023024-26-000013","ANIP","GAAP swing from prior-year Q4 net loss of $10.7M to $27.5M net income partly reflects non-recurring purchase-accounting items","uncategorized"
"0000320193-26-000005","AAPL","Operating-cash-flow comparison flattered by cash tax timing: cash paid for income taxes $3.4B vs $18.7B prior year (headline revenue/EPS comparison itself is clean)","uncategorized"
"0000320193-25-000077","AAPL","Prior-year Q4 FY2024 one-time income tax charge of $10,246M (reversal of EU General Court State Aid decision) depresses the GAAP comparison base: GAAP diluted EPS $1.85 vs $0.97 (+91%) overstates trajectory; company's own non-GAAP base is $1.64 (+13%)","uncategorized"
"0000046250-25-000041","HWKN","WaterSurplus acquisition adds ~$29M of Water Treatment sales, inflating 15% revenue growth","acquisition-divestiture-perimeter"
"0000046250-25-000041","HWKN","$0.8M step-up inventory adjustment (WaterSurplus) hit Water Treatment gross profit","lifo-inventory"
"0000046250-25-000041","HWKN","$2.0M intangibles amortization + $0.9M acquisition costs from acquired business in SG&A","acquisition-divestiture-perimeter"
"0000046250-25-000041","HWKN","$1.9M reduction to SG&A from earnout fair-value accretion adjustment (Water Solutions)","uncategorized"
"0000046250-25-000041","HWKN","$1.4M deferred-comp/equity-comp expense swing ($0.8M offset in Other Income)","uncategorized"
"0000046250-25-000041","HWKN","LIFO reserve increase reduced gross profit $0.6M vs $0.4M prior year","lifo-inventory"
"0000046250-25-000041","HWKN","Segment reporting recast (Food & Health Sciences split from Industrial) distorts segment comparisons","accounting-change-recast"
"0000200406-26-000076","JNJ","GAAP net earnings -52.4% ($5,235M vs $10,999M) vs adjusted -1.4% implies large special items / prior-year items distorting the headline comparison; the release never explains the swing","uncategorized"
"0000200406-26-000076","JNJ","Acquisitions/divestitures add ~1.1pp to operational growth (6.4% op vs 5.3% adj op), primarily CAPLYTA (+1.8% to Innovative Medicine)","acquisition-divestiture-perimeter"
"0000200406-26-000076","JNJ","Currency adds 3.5pp to reported worldwide sales growth (9.9% reported vs 6.4% operational)","fx-currency"
"0000200406-26-000076","JNJ","STELARA erosion: ~(920) bps drag on Innovative Medicine operational growth","uncategorized"
"0000200406-26-000076","JNJ","Q1 2026 free cash flow (~$1,500M) is an estimate as of April 14, 2026, not a final figure","uncategorized"
"0000874238-25-000119","STRL","RHB joint venture deconsolidated Dec 31, 2024 — prior-year revenue and backlog comparisons restated to exclude RHB (21% revenue growth is ex-RHB)","acquisition-divestiture-perimeter;accounting-change-recast"
"0000874238-25-000119","STRL","Adjusted net income $82.8M vs GAAP net income $71.0M — ~$11.8M of excluded items; reconciliation tables truncated from input","uncategorized"
"0000874238-25-000119","STRL","Pending CEC Facilities Group acquisition announced June 17 — excluded from updated 2025 guidance","acquisition-divestiture-perimeter"
"0001421517-25-000047","ERII","$2.5M Q4'24 restructuring charges (workforce reduction) with none in Q4'23","impairment-restructuring"
"0001421517-25-000047","ERII","Executive transition costs (search/retention/one-time severance) excluded from non-GAAP measures","impairment-restructuring"
"0001421517-25-000047","ERII","FY effective tax rate swing: 10.4% in 2024 vs 5.3% in 2023","uncategorized"
"0001421517-25-000047","ERII","$50.4M share repurchase drives cash decline ($122.4M to $99.9M), distorting balance-sheet comparison","uncategorized"
"0000080420-25-000145","POWL","Remsdaq acquisition completed in Q4 FY2025 (adds $112K intangible amortization; revenue contribution not quantified, appears immaterial)","acquisition-divestiture-perimeter"
"0000950170-25-029071","TMDX","Service/logistics revenue mix shift depresses FY gross margin comparison (63.8% -> 59.4%) - business-mix change, not a one-off","uncategorized"
"0000950170-25-029071","TMDX","Stock compensation rose FY $19.4M -> $31.7M within opex, inflating expense growth comparison","uncategorized"
"0000805928-26-000091","AXGN","$16.8M loss on extinguishment of debt in six-month GAAP results","uncategorized"
"0000805928-26-000091","AXGN","Debt fully retired: Q2 interest expense $1K vs $1,977K prior year; long-term debt $48.4M -> $0","uncategorized"
"0000805928-26-000091","AXGN","~6.5M new shares issued (47.2M -> 53.7M outstanding) dilutes per-share comparison (adjusted EPS flat at $0.12 despite adjusted net income up)","uncategorized"
"0000805928-26-000091","AXGN","Prior-year Q2 included $480K gain on change in fair value of debt derivative liabilities","uncategorized"
"0001104659-26-086127","TR","Timing of seasonal sales shifted between Q2 and Q3 2026 vs prior year, depressing reported Q2 net sales","uncategorized"
"0001104659-26-086127","TR","Higher trade promotions accounted for as a reduction of reported net sales, lowering the top-line comparison","uncategorized"
"0001104659-26-086127","TR","Effective tax rate swing: 26.9% vs 33.1% in Q2 (25.9% vs 27.7% H1) from non-deductible deferred compensation changes, flattering the current-year net earnings comparison","uncategorized"
"0001104659-26-086127","TR","Increased investment income from marketable securities benefited earnings (amount not stated)","uncategorized"
"0001437749-25-032198","BELFB","November 2024 Enercon acquisition (80% owned) inflates Q3-25 vs Q3-24 revenue and earnings comparison — Q3-24 predates the deal","acquisition-divestiture-perimeter"
"0001437749-25-032198","BELFB","$1.6M gain on sale of Zhongshan, PRC building in Q3-25","asset-sale-gains-losses"
"0001437749-25-032198","BELFB","Non-GAAP definitions revised in Q4-24 to additionally exclude stock-based compensation, intangibles amortization, and unrealized FX (applied retrospectively to all periods presented)","fx-currency"
"0001552781-25-000235","WTRG","Unspecified non-recurring benefits push 2025 GAAP EPS above the $2.07-$2.11 guidance range","uncategorized"
"0001552781-25-000235","WTRG","Higher purchased gas costs (pass-through) inflate revenue growth, esp. gas segment +38.3%","uncategorized"
"0001552781-25-000235","WTRG","Acquisitions add customers/revenue: ~10,300 customers acquired in 2025 for ~$58M incl. $37.75M Beaver Falls wastewater system","acquisition-divestiture-perimeter"
"0001552781-25-000235","WTRG","DELCORA removed from all guidance metrics for guidance purposes","uncategorized"
"0001519449-26-000005","SKWD","Prior accident year development swing: favorable (2.1) pts in Q4 2025 vs adverse 4.2 pts in Q4 2024, the 2024 adverse development attributed to the net impact of the LPT (one-off)","uncategorized"
"0001519449-26-000005","SKWD","Net investment gains swing: +$5.2M Q4 2025 vs -$10.4M Q4 2024; FY net realized gains $23.7M in 2025 vs -$1.6M in 2024, partly from Q3 2025 sale of the entire equity portfolio","uncategorized"
"0001519449-26-000005","SKWD","Lower cat losses flatter the comparison: cat loss/LAE 0.8% Q4 2025 vs 2.2% Q4 2024","uncategorized"
"0001519449-26-000005","SKWD","Possible perimeter change: CEO references 'additional capabilities and the outstanding Apollo team' (Lloyd's business) suggesting an acquisition may inflate premium growth; timing/impact not stated in the text","acquisition-divestiture-perimeter"
"0000700923-25-000021","MYRG","Effective tax rate swung 18.0% (Q1 2024) to 28.9% (Q1 2025) due to no stock-compensation excess tax benefits this year, distorting the net income/EPS comparison (understates underlying improvement)","discrete-tax"
"0000700923-25-000021","MYRG","Prior-year Q1 2024 SG&A included $3.2M contingent compensation expense related to a prior acquisition","acquisition-divestiture-perimeter"
"0000700923-25-000021","MYRG","Q1 2025 gross margin aided by favorable change orders, better-than-anticipated productivity and a favorable job closeout (partly one-off in nature)","uncategorized"
"0001104659-26-035201","AGX","Effective tax rate fell sharply (FY ~23.2% to ~14.2%; Q4 ~18.8% to ~11.2%), flattering net income/EPS growth; not explained in the text","uncategorized"
"0001104659-26-035201","AGX","Q4 Power-segment margin boosted by early substantial completion at Trumbull Energy Center (potentially non-recurring project-timing benefit)","uncategorized"
"0000046250-25-000056","HWKN","WaterSurplus acquisition adds ~$23M of Water Treatment sales (inorganic) and depresses EPS via ~$5M added amortization/interest","acquisition-divestiture-perimeter"
"0000046250-25-000056","HWKN","$5.6M added SG&A from acquired business incl. $2.5M intangible amortization and $0.5M earnout fair-value accretion","acquisition-divestiture-perimeter"
"0000046250-25-000056","HWKN","Interest expense, net rose $1.4M -> $3.8M on acquisition borrowing; leverage 0.86x -> 1.53x","acquisition-divestiture-perimeter"
"0000046250-25-000056","HWKN","Segment reporting recast in Q1 FY26 (Food/Agriculture/Pharma moved out of Industrial into new Food & Health Sciences)","accounting-change-recast"
"0000046250-25-000056","HWKN","$0.3M LIFO reserve increase reduced gross profit vs no LIFO impact in prior-year quarter","lifo-inventory"
"0000874238-26-000018","STRL","RHB JV deconsolidation (Q4 2024) removes revenue/backlog from consolidated results, distorting YoY comparisons","acquisition-divestiture-perimeter"
"0000874238-26-000018","STRL","Prior-year one-time pre-tax gain of $91M ($2.18/diluted share) from RHB deconsolidation makes GAAP EPS $2.81 vs $3.64 look like a decline","acquisition-divestiture-perimeter"
"0000874238-26-000018","STRL","CEC acquisition contributed $129.1M to Q4 revenue, $488.9M to backlog ($715.2M to combined backlog)","acquisition-divestiture-perimeter"
"0001171843-26-002569","SFBS","$1.0M ($0.02/share) BOLI accounting reversal related to Q4 2025 reduces Q1 2026 EPS (ex-item EPS $1.54, +33% YoY)","uncategorized"
"0001171843-26-002569","SFBS","Q4 2025 BOLI death benefit inflates prior linked quarter, driving the 65.4% linked-quarter BOLI income decline","uncategorized"
"0001171843-26-002569","SFBS","Investment Tax Credits purchased in Q1 2026 lowered effective tax rate to 17.82% from 20.06% YoY","uncategorized"
"0001403161-25-000077","V","$899M Q4 MDL litigation provision (FY25 total $2.5B vs prior-year $434M) depresses GAAP net income","insurance-weather-litigation"
"0001403161-25-000077","V","$213M severance costs and $39M lease consolidation costs in FY25","impairment-restructuring"
"0001403161-25-000077","V","Equity investment swing: Q4 +$46M net gains vs prior-year -$46M net losses (FY25 -$87M vs -$94M)","uncategorized"
"0001403161-25-000077","V","Amortization of acquired intangibles/acquisition costs: $66M Q4 / $315M FY25 (vs $76M / $282M prior year)","acquisition-divestiture-perimeter"
"0001403161-25-000077","V","Prior-year items: $118M indirect tax reserve release, $67M Visa Foundation securities donation, $57M lease consolidation","uncategorized"
"0000105132-26-000026","WDFC","Prior-year $11.9M ($0.87/share) one-time favorable tax adjustment (uncertain tax position release) makes GAAP net income/EPS fall 32% despite underlying growth","discrete-tax"
"0000105132-26-000026","WDFC","Favorable FX translation of ~$9.3M inflates reported net sales growth (11% reported vs 4% constant currency)","fx-currency"
"0000105132-26-000026","WDFC","UK homecare/cleaning portfolio divestiture (Q4 FY2025) removes ~$1.5M of prior-year sales, depressing HCCP and EIMEA comparisons","acquisition-divestiture-perimeter"
"0000105132-26-000026","WDFC","FY2026 guidance presented on pro-forma basis excluding assets expected to be divested in fiscal 2026","acquisition-divestiture-perimeter"
"0001403161-26-000103","V","$563M severance special item in current quarter","impairment-restructuring"
"0001403161-26-000103","V","$237M litigation provision (interchange MDL) in current quarter","insurance-weather-litigation"
"0001403161-26-000103","V","$18M deferred tax benefit from change in U.S. taxation of certain foreign earnings","discrete-tax"
"0001403161-26-000103","V","Prior-year $615M litigation provision (MDL and other legal matters)","insurance-weather-litigation"
"0001403161-26-000103","V","Equity investment net losses ($9M current vs $35M prior) and acquisition-related amortization ($78M vs $73M) excluded from non-GAAP","acquisition-divestiture-perimeter"
"0000874238-26-000052","STRL","CEC acquisition contributed $156.1M of Q1 revenue (92% headline growth vs 55%+ organic)","acquisition-divestiture-perimeter"
"0000874238-26-000052","STRL","CEC contributed $592.0M to backlog (78% growth vs 51% ex-CEC) and $1.88B to combined backlog (131% vs 46% ex-CEC)","uncategorized"
"0000874238-26-000052","STRL","E-Infrastructure 174% revenue growth includes CEC contribution; electrical growth quoted vs pre-acquisition quarter","acquisition-divestiture-perimeter"
"0000874238-26-000052","STRL","Adjusted figures exclude identified items (adjusted net income $111.3M vs GAAP $96.0M); reconciliation tables truncated from input","uncategorized"
"0000874238-26-000052","STRL","Building Solutions adj. operating income -42% against a stated challenging prior-year comparison","uncategorized"
"0001171843-25-004580","SFBS","$8.6M loss on sale of AFS debt securities (portfolio restructuring) collapsed non-interest income 95% and depressed GAAP EPS","impairment-restructuring;asset-sale-gains-losses"
"0001171843-25-004580","SFBS","$2.3M reversal of a legal-matter accrual recorded in interest expense (benefits NIM/net interest income)","uncategorized"
"0001171843-25-004580","SFBS","$4.9M charge-off on a loan not previously impaired inflates net charge-off ratio","impairment-restructuring"
"0001519449-25-000019","SKWD","Cat loss ratio 2.2 pts vs 0.4 pts prior year (Midwest convective storms, California wildfires) modestly inflates combined ratio comparison","insurance-weather-litigation;lifo-inventory"
"0001519449-25-000019","SKWD","Alternative & strategic investments swung to -$2.1M from +$0.1M within net investment income","uncategorized"
"0001519449-25-000019","SKWD","Underwriting divisions re-segmented to nine (new Agriculture and Credit (Re)insurance division); prior periods conformed - presentation only","insurance-weather-litigation"
"0001519449-25-000019","SKWD","Expense ratios exclude IPO-related stock compensation and secondary offering expenses in both periods","uncategorized"
"0001030469-26-000034","OFG","$4.1M interest income from three paid-in-full commercial loans in 2Q26 (vs $3.3M in 1Q26; 2Q25 amount unstated)","uncategorized"
"0001030469-26-000034","OFG","$5.8M business-related operational charges in 2Q26 non-interest expense","uncategorized"
"0001030469-26-000034","OFG","Sales of a previously reserved telecom loan and a U.S. commercial loan drive both the NCO spike (1.40%) and the NPL drop (0.81%)","uncategorized"
"0001030469-26-000034","OFG","2Q26 ETR includes benefit of unspecified discrete tax items","discrete-tax"
"0001030469-26-000034","OFG","Average share count down ~5.8% YoY (44,854k to 42,261k) from buybacks flatters EPS growth vs net income growth","uncategorized"
"0001171843-25-002338","SFBS","Prior-year Q1 2024 included $1.2M BOLI death-benefit income, inflating the YoY base","uncategorized"
"0001171843-25-002338","SFBS","Q1 2024 FDIC special assessment (Deposit Insurance Fund recapitalization) depressed prior-year expenses/net income; adjusted YoY EPS growth 23.4% vs headline 26.1%","insurance-weather-litigation"
"0001171843-25-002338","SFBS","$2.7M hurricane (Helene/Milton) allowance recorded Q3 2024 now being released","insurance-weather-litigation"
"0001171843-25-002338","SFBS","Q1 2025 charge-offs elevated by loans individually impaired in Q4 2024 (timing shift of recognition)","impairment-restructuring"
"0000950170-25-097225","AGYS","Prior-year quarter included a $6.7M income tax benefit, inflating the prior-year net income comparison ($14.1M vs $4.9M)","discrete-tax"
"0000950170-25-097225","AGYS","Book4Time acquisition contributes to the 44.3% subscription revenue growth (explicitly 'including Book4Time'), so growth is not fully organic","acquisition-divestiture-perimeter"
"0000950170-25-097225","AGYS","Amortization of internal-use software and intangibles rose $0.25M to $1.46M (acquisition-related step-up)","acquisition-divestiture-perimeter"
"0000950170-25-097225","AGYS","Interest income fell $1.78M to $0.45M and $0.2M interest expense appeared, distorting pre-tax income comparison","uncategorized"
"0000093410-26-000110","CVX","~$2.9B unfavorable timing effects (derivative mark-to-market before physical delivery, LIFO inventory accounting)","lifo-inventory"
"0000093410-26-000110","CVX","$360M net loss from a legal reserve in 1Q26","uncategorized"
"0000093410-26-000110","CVX","Hess Corporation acquisition inflates production (+388 MBOED U.S.), capex, and DD&A vs prior year","acquisition-divestiture-perimeter"
"0000093410-26-000110","CVX","Foreign currency effects decreased earnings by $223M","fx-currency"
"0000093410-26-000110","CVX","Absence of prior-year favorable fair value adjustment on Hess shares in All Other","uncategorized"
"0000093410-26-000110","CVX","$1B TCO loan repayment benefits adjusted free cash flow","uncategorized"
"0000093410-26-000110","CVX","Working capital outflows from sharp March 2026 commodity price increase depress CFFO ($2.5B vs $7.1B ex-working-capital)","uncategorized"
"0000048465-25-000005","HRL","$0.02/share loss on sale of non-core sow operation (sole reason GAAP EPS guidance cut $1.51-$1.65 -> $1.49-$1.63)","asset-sale-gains-losses"
"0000048465-25-000005","HRL","Suffolk facility snack nuts production disruption depressing Retail/Planters sales comparison","uncategorized"
"0000048465-25-000005","HRL","GAAP vs adjusted gap: operating income $228M vs adjusted $254M (~$26M of adjustments)","uncategorized"
"0000048465-25-000005","HRL","Effective tax rate 21.8% vs 23.4% prior year, driven by purchase of federal transferable energy credits","acquisition-divestiture-perimeter"
"0000048465-25-000005","HRL","Lapping whole-bird turkey market compression affecting year-over-year comparison","uncategorized"
"0001104659-25-101733","TR","$3.4M favorable cumulative after-tax bond-accretion catch-up adjustment in Other income (exceeds the $2.8M Q3 net earnings increase)","uncategorized"
"0001104659-25-101733","TR","insurance recoveries and increased investment income boosting Other income, net","insurance-weather-litigation"
"0001104659-25-101733","TR","effective tax rate swing: 26.7% vs 22.6% (Q3) and 27.2% vs 22.4% (9M) from non-deductible deferred compensation","uncategorized"
"0001104659-25-101733","TR","share buybacks reduced average shares (~72.9M vs ~73.5M), flattering EPS growth","uncategorized"
"0001558370-25-005361","TR","Insurance recovery boosted Q1 2025 net earnings (amount not stated)","insurance-weather-litigation"
"0001558370-25-005361","TR","Increased investment income from marketable securities boosted net earnings (non-operating)","uncategorized"
"0001558370-25-005361","TR","Share buybacks reduced average shares outstanding (72,957,000 vs 73,536,000), flattering EPS growth","uncategorized"
"0001654954-26-000197","AEHR","Acquisition-related adjustments excluded from non-GAAP results (amounts not stated in provided text)","acquisition-divestiture-perimeter"
"0001654954-26-000197","AEHR","Restructuring charges excluded from non-GAAP results (amounts not stated in provided text)","impairment-restructuring"
"0001654954-26-000197","AEHR","GAAP-to-non-GAAP gap ~$1.9M in Q2 (GAAP loss $(3.2)M vs non-GAAP loss $(1.3)M), so the GAAP loss comparison is distorted by these items","uncategorized"
"0001805077-25-000152","EOSE","17x YoY revenue growth off a near-zero prior-year base (Q2'24 revenue ~$0.9M implied)","uncategorized"
"0001805077-25-000152","EOSE","one-time lower-than-average selling prices depressing gross margin","uncategorized"
"0001805077-25-000152","EOSE","$5.4M one-time non-recurring items in operating expenses","uncategorized"
"0001805077-25-000152","EOSE","$151.8M non-cash mark-to-market fair-value changes tied to increased stock price in net loss","uncategorized"
"0001805077-25-000152","EOSE","loss on repurchase of 2026 convertible notes and loss on Delayed Draw Term Loan prepayment in net loss","acquisition-divestiture-perimeter"
"0001805077-25-000152","EOSE","$336M concurrent stock/convertible offerings and debt restructuring during the quarter","impairment-restructuring"
"0001493152-25-011490","SHOO","Kurt Geiger acquisition inflates revenue: total +6.8% but wholesale -12.8% and DTC -3.0% excluding it","acquisition-divestiture-perimeter"
"0001493152-25-011490","SHOO","~$63M gap between GAAP op loss ($40.3M) and adjusted op income $22.6M (adjusted opex 37.9% vs GAAP 47.2% of revenue); reconciliation section not present in truncated input","uncategorized"
"0001493152-25-011490","SHOO","$9.3M gain on derivative in Q2 2025 vs none in prior year","uncategorized"
"0001493152-25-011490","SHOO","Change in contingent payment liability valuation: $2.4M vs $6.6M prior year","uncategorized"
"0001493152-25-011490","SHOO","New acquisition debt: $293.5M total debt vs zero a year ago; net debt $181.6M vs prior net cash","acquisition-divestiture-perimeter"
"0001421517-25-000116","ERII","$0.5M restructuring charges in H1 2025 (none in prior year)","impairment-restructuring"
"0001421517-25-000116","ERII","Executive transition costs (search/retention/severance) excluded from non-GAAP measures distort GAAP YoY opex comparison","impairment-restructuring"
"0001421517-25-000116","ERII","Revenue timing of contracted projects drives quarterly cadence (company cites timing for +$0.9M Q2 revenue)","uncategorized"
"0001421517-25-000116","ERII","Other income, net fell to $0.9M from $1.6M QTD, flattering-comparison-independent non-operating swing","uncategorized"
"0001421517-25-000116","ERII","Basic share count fell from 57.4M to 54.3M, aiding per-share comparison","uncategorized"
"0001628280-26-029906","UFPT","Reported sales +4.1% but organic sales essentially flat — recent acquisitions supply nearly all of the growth","acquisition-divestiture-perimeter"
"0001628280-26-029906","UFPT","Effective tax rate rose to ~19.0% from ~15.3% ($4.1M vs $3.1M expense), dampening net income growth","uncategorized"
"0001628280-26-029906","UFPT","Prior-year quarter included $263K contingent-consideration fair-value change and $37K acquisition costs (minor)","acquisition-divestiture-perimeter"
"0001169561-25-000083","CVLT","Satori Cyber acquisition closed Aug 28, 2025 — in-quarter and folded into FY26 guidance, revenue contribution not quantified","acquisition-divestiture-perimeter"
"0001169561-25-000083","CVLT","FX tailwind ~1pp: 18% reported vs 17% constant-currency total revenue growth","fx-currency"
"0001169561-25-000083","CVLT","$900M 0% convertible debt offering + $100M capped calls in the quarter (capital structure, not operating comparison)","uncategorized"
"0001628280-25-048260","UFPT","Recent acquisitions (UNIPEC, TPI; earlier AJR) inflate reported growth: YTD sales +26.0% vs ~2.2% organic; Q3 +6.5% vs essentially flat organic","acquisition-divestiture-perimeter"
"0001628280-25-048260","UFPT","~$3M incremental Q3 labor cost at AJR from post-acquisition work-eligibility review; absent it EPS would be +13% and gross margin 29.6% vs reported 27.7%","acquisition-divestiture-perimeter"
"0001628280-25-048260","UFPT",">$8M incremental Q3 orders unfulfilled due to the AJR labor issue","uncategorized"
"0001628280-25-048260","UFPT","Acquisition costs ($14K Q3'25 vs $732K Q3'24) and contingent-consideration fair-value changes ($263K Q3'25) in operating income","acquisition-divestiture-perimeter"
"0001628280-25-048260","UFPT","Interest expense swing from acquisition debt: Q3 $2.4M vs $3.5M; nine months $7.9M vs $4.7M","acquisition-divestiture-perimeter"
"0001493152-26-021398","SHOO","Kurt Geiger acquisition inflates comparisons: revenue +18.0% reported but wholesale ex-KG -8.2% and DTC +83.8% reported vs +8.0% ex-KG","acquisition-divestiture-perimeter"
"0001493152-26-021398","SHOO","Large excluded non-GAAP items: GAAP income from operations $98.7M vs adjusted $46.3M (~$52M gain excluded); GAAP gross margin 54.7% vs adjusted 46.3%","uncategorized"
"0001493152-26-021398","SHOO","GAAP net income $71.8M/$1.00 vs adjusted $32.1M/$0.45 — GAAP headline materially flattered by one-off items; Non-GAAP Reconciliation section not present in truncated input","uncategorized"
"0001493152-26-021398","SHOO","Acquisition financing added leverage: net debt $209.3M ($286.5M debt vs $77.2M cash); no buybacks in quarter","acquisition-divestiture-perimeter"
"0000093410-25-000058","CVX","$215M net loss from Hess share fair-value measurement and pension curtailment costs, partly offset by gain on sale of non-operated U.S. pipeline assets","asset-sale-gains-losses"
"0000093410-25-000058","CVX","Foreign currency effects decreased earnings by $348M","fx-currency"
"0000093410-25-000058","CVX","Hess Corporation acquisition completed July 2025 (post-quarter, affects go-forward perimeter)","acquisition-divestiture-perimeter"
"0000093410-25-000058","CVX","Asset sales (Canada, Republic of Congo, U.S. pipeline) distort production and earnings comparisons","uncategorized"
"0000093410-25-000058","CVX","Lithium acreage acquisition (~125,000 net acres, Smackover Formation) adds inorganic capex","acquisition-divestiture-perimeter"
"0000093410-25-000058","CVX","Prior-year working capital outflows flatter YoY CFFO comparison","uncategorized"
"0001421517-25-000133","ERII","$0.539M restructuring charges in YTD 2025 opex (none in 2024)","impairment-restructuring"
"0001421517-25-000133","ERII","YTD effective tax rate swing (13.0% 2025 vs 62.4% 2024) makes net-loss comparison NM, though absolute dollar effect is small","uncategorized"
"0001421517-25-000133","ERII","Basic share count fell ~8% (53.2M vs 57.8M), flattering per-share comparisons","uncategorized"
"0001421517-25-000133","ERII","Tariff costs cited within the 90 bps gross-margin decline","uncategorized"
"0000056978-26-000010","KLIC","Prior-year Q1 included $76.0M gain relating to cessation of Electronics Assembly business, inflating prior-year GAAP EPS to $1.51 vs $0.32 now","uncategorized"
"0000056978-26-000010","KLIC","Restructuring costs $2.0M current quarter vs $0.8M prior year","impairment-restructuring"
"0000056978-26-000010","KLIC","$0.3M other income from escrow release on sale of subsidiary in current quarter","uncategorized"
"0001140361-25-028927","WTTR","OMNI asset swap closed July 2025: acquires Bakken infrastructure, divests trucking/rental operations (~7% of workforce transitioned) — will meaningfully reduce Water Services revenue near-term","acquisition-divestiture-perimeter"
"0001140361-25-028927","WTTR","Peak Rentals strategic-alternatives evaluation (potential separation of power/rentals business within Water Services)","uncategorized"
"0001140361-25-028927","WTTR","Headline comparisons are sequential (Q2 vs Q1 2025), no year-over-year comparison presented in available text","uncategorized"
"0001140361-25-028927","WTTR","Input truncated before financial tables, so one-time items in the quarter cannot be verified","uncategorized"
"0001193125-25-262948","HLIO","$25.9M goodwill impairment of i3PD business in 3Q25 operating income (drove -94% operating income and -9% GAAP EPS)","impairment-restructuring"
"0001193125-25-262948","HLIO","$21M gain on sale of Custom Fluidpower (CFP) recorded in 3Q25; divestiture also changes perimeter going forward (amortization already down on it)","acquisition-divestiture-perimeter;asset-sale-gains-losses"
"0001193125-25-262948","HLIO","Prior-year 3Q24 included $5.5M stock-compensation reversal benefit from former CEO termination, flattering the SEA expense comparison","uncategorized"
"0001193125-25-262948","HLIO","Tax rate swing: 19.8% in 3Q25 vs 14.2% in 3Q24 (2024 had discrete tax benefits from CEO termination; 2025 rate distorted by impairment and CFP gain)","discrete-tax;impairment-restructuring"
"0001104659-25-045557","CYRX","CRYOPDP presented as discontinued operations for all periods (pending DHL divestiture, expected to close Q2/Q3 2025) - continuing-ops figures exclude it in both years but headline perimeter differs from prior reporting","acquisition-divestiture-perimeter"
"0001104659-25-045557","CYRX","Net loss figures include discontinued operations while revenue/margin/adjusted EBITDA are continuing-ops only, mixing perimeters within the release","acquisition-divestiture-perimeter"
"0001673985-26-000004","ASIX","4Q24 extended planned turnaround depressed prior-year volume/EBITDA, driving the +11% volume and +$14.5M EBITDA comparison","uncategorized"
"0001673985-26-000004","ASIX","$9.7M 45Q carbon capture tax credits claimed in 4Q24 flatter the prior-year adjusted EPS comparison ($0.03 vs $0.09)","uncategorized"
"0001673985-26-000004","ASIX","FY2025 includes final settlement proceeds from 2019 PES supplier shutdown claim (amount not stated)","uncategorized"
"0001673985-26-000004","ASIX","2024 product-line reclassification between Chemical Intermediates and Plant Nutrients distorts segment mix (total revenue unaffected)","accounting-change-recast"
"0001673985-26-000004","ASIX","Additional 45Q tax credits claimed in 2025 benefit results","uncategorized"
"0001193125-26-322170","MNRO","Closure of 145 underperforming stores in Q1 FY2026 removes $9.0M of sales from the YoY comparison","impairment-restructuring"
"0001193125-26-322170","MNRO","$17.8M lower store closing costs YoY flatters the GAAP operating income swing (GAAP $3.7M income vs $6.1M loss moves opposite to adjusted)","uncategorized"
"0001193125-26-322170","MNRO","$3.7M lower consultant costs tied to operational improvement plan","uncategorized"
"0001193125-26-322170","MNRO","Tax swing: $0.2M expense (-7.7% effective rate) vs $2.7M benefit (24.8%) in prior year","discrete-tax"
"0001193125-26-322170","MNRO","Adjusted vs GAAP results move in opposite directions; reconciliation tables truncated from input","uncategorized"
"0000048465-26-000024","HRL","$61M loss on sale of whole-bird turkey business (incl. transaction costs) depresses GAAP operating income/margin/EPS","asset-sale-gains-losses"
"0000048465-26-000024","HRL","Whole-bird turkey divestiture removes ~$50M from FY26 reported net sales","acquisition-divestiture-perimeter"
"0000048465-26-000024","HRL","Effective tax rate 23.6% vs 22.0% prior year","uncategorized"
"0000048465-26-000024","HRL","Prior-year amounts reclassified to conform to current presentation","accounting-change-recast"
"0000048465-26-000024","HRL","SG&A % of net sales 10.7% vs 8.7% GAAP driven by divestiture-related items (adjusted flat at 8.2%)","acquisition-divestiture-perimeter"
"0001304492-25-000108","ATEX","$59.6M gain on exchange of broadband licenses (Q2; $93.5M six-month) — no prior-year counterpart","uncategorized"
"0001304492-25-000108","ATEX","$11.5M gain on sale of broadband licenses (Q2) — no prior-year counterpart","asset-sale-gains-losses"
"0001304492-25-000108","ATEX","$0.7M Q2 / $1.4M six-month severance and related charges (none in prior year)","impairment-restructuring"
"0001304492-25-000108","ATEX","Income tax expense $7.5M vs $0.2M prior-year quarter","uncategorized"
"0001304492-25-000108","ATEX","License monetization gains are lumpy/transaction-driven, distorting the loss-to-profit swing","uncategorized"
"0001628280-26-009722","MSEX","$4.3M (net of tax) one-time 2024 recovery of Park Avenue plant depreciation/operating/carrying costs inflates prior-year net income","uncategorized"
"0001628280-26-009722","MSEX","Income tax swing: FY taxes fell $6.9M to $4.8M, cushioning a $3.6M pre-tax income decline","discrete-tax"
"0001628280-26-009722","MSEX","Weather-driven lower consumption depressed 2025 revenues and raised production/main-break costs","insurance-weather-litigation"
"0001193125-26-240509","MNRO","Closure of 145 underperforming stores in Q1 FY26 depresses reported sales comparison (Q4 -7.2%, FY -3.2%)","impairment-restructuring"
"0001193125-26-240509","MNRO","Prior-year Q4 included $22.5M higher store impairment costs, flattering the YoY GAAP operating/net loss improvement","impairment-restructuring"
"0001193125-26-240509","MNRO","$2.7M Q4 / $20.3M FY consultant costs for operational improvement plan; $1.8M lower management restructuring/transition costs","impairment-restructuring"
"0001193125-26-240509","MNRO","$6.9M Q4 / $14.1M FY increased marketing costs","uncategorized"
"0001193125-26-240509","MNRO","Calendar distortions: six fewer selling days in Q4 FY25 and 53-week fiscal 2024 require day-adjusted comps","uncategorized"
"0001193125-26-240509","MNRO","Effective tax rate swing (28.6% benefit vs 24.3%) from change in unrecognized tax benefits","discrete-tax"
"0001104659-25-109314","WTTR","Divestment of certain trucking operations, partially offset by Omni Bakken infrastructure assets — ~$16M or 37% of the net sequential revenue reduction","acquisition-divestiture-perimeter"
"0001104659-25-109314","WTTR","$14.9M remeasurement gain from the Omni transaction inflates Q3 2025 net income","uncategorized"
"0001104659-25-109314","WTTR","$2.2M non-recurring severance and transaction costs in Q3 2025 SG&A ($1.7M in Q2 2025)","impairment-restructuring"
"0001104659-25-109314","WTTR","$1.5M net reduction to Q3 2025 Adjusted EBITDA from offsetting non-recurring and non-cash items","uncategorized"
"0001104659-25-109314","WTTR","Lower net skim oil sales volume and pricing drove most of the 2.5% sequential Water Infrastructure revenue decline","uncategorized"
"0000048465-25-000035","HRL","Adjusted vs GAAP gap: Q2 adjusted operating income $265M vs GAAP $248M (~$17M of unspecified adjustments; nature not stated in provided text)","uncategorized"
"0000048465-25-000035","HRL","Adjusted diluted EPS $0.35 vs GAAP $0.33 (Q2); first-half adjusted operating income $519M vs GAAP $477M","uncategorized"
"0000048465-25-000035","HRL","Organic vs reported net sales distinction (organic +1% vs reported flat) implies perimeter/currency effects not detailed in provided text","acquisition-divestiture-perimeter;fx-currency"
"0000048465-25-000035","HRL","Retail/Foodservice volume declines partly from lower commodity shipments and contract manufacturing (non-core mix effects)","uncategorized"
"0001104659-26-054942","CYRX","CRYOPDP specialty courier divestiture to DHL (completed June 11, 2025) — results shown as discontinued operations for all periods and excluded from non-GAAP measures, a perimeter change vs. the year-ago quarter","acquisition-divestiture-perimeter"
"0001104659-26-054942","CYRX","Net loss including discontinued operations ($10.5M vs $12.0M) mixes the divested CRYOPDP business into the prior-year comparison","acquisition-divestiture-perimeter"
"0000950170-25-026058","DEA","10 property acquisitions (~$230.0M pro rata, $189.1M wholly owned + $40.9M JV share) inflate portfolio/revenue vs prior year","acquisition-divestiture-perimeter"
"0000950170-25-026058","DEA","5,491,217 shares issued via 2019 ATM at $12.95 avg ($71.1M net proceeds) dilutes per-share metrics","uncategorized"
"0000950170-25-026058","DEA","$52.1M construction loan (DEA - Bedford) at 9.00% adds lending income stream not present historically","uncategorized"
"0000950170-25-026058","DEA","No prior-year comparatives present in the provided text, so the YoY comparison cannot be verified as clean","uncategorized"
"0001493152-25-020615","UMH","Acquisitions inflate totals: 5 communities / 587 sites acquired YTD for ~$42M (incl. two Maryland communities for ~$14.6M in Q3)","acquisition-divestiture-perimeter"
"0001493152-25-020615","UMH","Share count up ~12% YoY (diluted 76.6M -> 85.5M) from ATM issuance, compressing per-share growth (Normalized FFO +15% total but only +4% per share)","uncategorized"
"0001493152-25-020615","UMH","GAAP Net Income fell $8.2M -> $4.2M ($0.11 -> $0.05) on items excluded from FFO (depreciation, marketable-securities fair-value changes), making the GAAP comparison uninformative","uncategorized"
"0001493152-25-020615","UMH","Normalized FFO excludes ~$1.6M of items vs NAREIT FFO ($21.3M vs $19.7M); FFO per share was flat at $0.23","uncategorized"
"0001493152-25-020615","UMH","$80.2M 5.85% Series B bond issuance changes capital structure vs prior year","uncategorized"
"0000908315-26-000027","WINA","$2.2M prior-year (6-mo 2025) leasing income from customer litigation settlement","insurance-weather-litigation"
"0000908315-26-000027","WINA","Leasing business wind-down: leasing income $46.6K->$0 Q2, $2.35M->$0 six-month","impairment-restructuring"
"0000908315-26-000027","WINA","Effective tax rate swing: Q2 ~16.6% -> ~21.2% (provision $2.10M -> $2.79M on similar pretax income)","uncategorized"
"0001680247-26-000058","PUMP","January 2026 adverse weather significantly reduced completions utilization — cited as primary driver of the 7% revenue decline and EBITDA drop (one-off)","insurance-weather-litigation"
"0001680247-26-000058","PUMP","$4M of nonrecurring/noncash G&A items (stock-based comp, acquisition contingent consideration adjustments, retention bonuses, severance)","acquisition-divestiture-perimeter;impairment-restructuring"
"0001680247-26-000058","PUMP","Operating cash flow swing distorted by working capital: ~$32M consumption in Q1 vs ~$35M source in prior quarter","uncategorized"
"0001680247-26-000058","PUMP","Headline comparison is sequential (vs Q4 2025); no year-over-year figures provided","uncategorized"
"0001680247-26-000058","PUMP","PROPWR capex financed and paid directly by financing partner distorts paid ($43M) vs incurred ($85M) capex comparison","uncategorized"
"0001628280-26-010689","KWR","Acquisitions (incl. Dipsol; three completed in 2025) contribute 6% of Q4 net sales growth — organic volumes actually -1%","acquisition-divestiture-perimeter"
"0001628280-26-010689","KWR","$88.8M impairment charge in FY2025 GAAP results","impairment-restructuring"
"0001628280-26-010689","KWR","$35.1M FY2025 restructuring charges","impairment-restructuring"
"0001628280-26-010689","KWR","Favorable FX translation +2% on Q4 net sales","fx-currency"
"0001628280-26-010689","KWR","Headline Q4 net income comparison relies on non-GAAP exclusions of 'non-recurring and non-core items' in both periods","uncategorized"
"0001030469-26-000022","OFG","$3.3M interest income from a paid-in-full PCD loan in 1Q26","uncategorized"
"0001030469-26-000022","OFG","~$1.3M favorable MSR valuation in 1Q26 fee income (4Q25 had $2.3M annual insurance commission)","insurance-weather-litigation"
"0001030469-26-000022","OFG","$500M government demand deposit transfer to wealth management distorts sequential deposit (-$263.4M) and cash (-$403.8M) comparisons","uncategorized"
"0001030469-26-000022","OFG","4Q25 comparison distorted by $16.8M tax benefits (4Q25 tax was an $8.5M benefit vs $14.9M expense) and net $6.8M expense items","discrete-tax"
"0001030469-26-000022","OFG","Two fewer business days vs 4Q25 (~-$3.1M interest income, ~-$1.0M interest expense)","uncategorized"
"0001030469-26-000022","OFG","$1.0M capital markets readiness and registration costs in 1Q26 expenses","uncategorized"
"0001767042-26-000041","KGS","$36.5M loss on extinguishment of debt (senior notes refinancing) depresses Q1 2026 GAAP net income","uncategorized"
"0001767042-26-000041","KGS","$8.3M nonrecurring DPS acquisition transaction expenses in Q1 2026","acquisition-divestiture-perimeter"
"0001767042-26-000041","KGS","FY2026 guidance raise incorporates three quarters of newly-acquired DPS (closed April 1, 2026) - not purely organic","acquisition-divestiture-perimeter"
"0001767042-26-000041","KGS","Segment reclassification going forward: Contract Services renamed Compression Infrastructure, new Power Infrastructure segment created","accounting-change-recast"
"0001104659-26-014044","TR","Prior-year Q4 2024 write-off of deferred tax assets drove 48.8% effective tax rate vs 27.1% in Q4 2025, flattering headline YoY earnings growth","discrete-tax"
"0001104659-26-014044","TR","Prior-year Q4 2024 LIFO liquidation benefit boosted 2024 Q4 and twelve-month results","lifo-inventory"
"0001104659-26-014044","TR","Nondeductible deferred compensation tax effects in both years (adjusted net earnings: Q4 $29.1M vs $33.5M; FY $103.1M vs $97.8M)","uncategorized"
"0001104659-26-014044","TR","2025 favorable one-time adjustment recording additional bond accretion on discounted bonds boosted investment income","uncategorized"
"0001104659-26-014044","TR","~$3.7M incremental tariff costs in 2025; cocoa tariffs rescinded in Q4 2025","uncategorized"
"0001104659-26-014044","TR","Unfavorable foreign exchange impacted Q4 and twelve months 2025 results","fx-currency"
"0000700923-25-000005","MYRG","Losses on clean energy T&D projects at mechanical completion (contractual disputes, labor inefficiencies) cut Q4 operating margin ~3.0% and FY ~5.5%","uncategorized"
"0000700923-25-000005","MYRG","Single C&I project at substantial completion cut C&I operating margin 2.2% (Q4) / 2.3% (FY)","uncategorized"
"0000700923-25-000005","MYRG","Changes in estimates of gross profit reduced gross margin 2.9% in Q4 2024 vs 2.2% in Q4 2023; 4.4% FY 2024 vs 1.7% FY 2023","uncategorized"
"0000700923-25-000005","MYRG","$3.1M decrease in contingent compensation expense from a prior acquisition flattered Q4 SG&A/C&I margin","acquisition-divestiture-perimeter"
"0000700923-25-000005","MYRG","Effective tax rate jumped to 40.9% in Q4 2024 vs 32.3% in Q4 2023 (FY 34.9% vs prior year)","uncategorized"
"0000700923-25-000005","MYRG","FX losses on intercompany receivables added $1.1M other expense in Q4","fx-currency"
"0001641172-25-008949","SHOO","Non-GAAP adjustments in both years (op income: ~$2.6M excluded in Q1'25 vs ~$4.3M in Q1'24) — reconciliation section truncated, items unidentified","uncategorized"
"0001641172-25-008949","SHOO","Kurt Geiger acquisition completed May 6, 2025 (post-quarter): no Q1 revenue impact but new $300M term loan + $250M revolver will distort future comparisons","acquisition-divestiture-perimeter"
"0001493152-26-007955","SHOO","Kurt Geiger acquisition inflates revenue: Q4 wholesale +7.5% reported but -2.6% ex-KG; DTC +79.9% reported but +1.6% ex-KG","acquisition-divestiture-perimeter"
"0001493152-26-007955","SHOO","New US tariffs compress gross margins in both wholesale and DTC channels","uncategorized"
"0001493152-26-007955","SHOO","Large GAAP vs adjusted gap: FY income from operations $80.8M GAAP vs $175.9M adjusted (Non-GAAP Adjustments not itemized in truncated text)","uncategorized"
"0001493152-26-007955","SHOO","Acquisition-related debt: $234.2M total debt / $121.7M net debt vs prior net cash posture implied by no open-market buybacks","acquisition-divestiture-perimeter"
"0001493152-26-007955","SHOO","2026 SG&A comparability flagged: incentive compensation normalization and restoration of senior executive salaries","uncategorized"
"0000057131-25-000096","LZB","110 bps consolidated adjusted-margin benefit (160 bps in Wholesale) from a change in dealer warranty arrangements during the quarter","uncategorized"
"0000057131-25-000096","LZB","$0.8M pre-tax charges for distribution and home delivery transformation excluded from FY26 Q2 adjusted results","uncategorized"
"0000057131-25-000096","LZB","$0.2M pre-tax purchase accounting charges from prior acquisitions excluded from adjusted results","acquisition-divestiture-perimeter"
"0000057131-25-000096","LZB","Retail written sales +4% driven by new and acquired stores while written same-store sales were -2%","acquisition-divestiture-perimeter"
"0000057131-25-000096","LZB","Announced exits (Kincaid/American Drew, UK plant closure) to cut ~$30M net sales and add 75-100 bps margin going forward","impairment-restructuring"
"0001493152-25-008267","SHOO","FY2024 GAAP vs Adjusted gap of ~$28.6M in operating income ($224.9M vs $253.5M) from unspecified Non-GAAP Adjustments; reconciliation section truncated from input","uncategorized"
"0001493152-25-008267","SHOO","2025 revenue guidance of +17-19% assumes pending Kurt Geiger acquisition closing May 1, 2025, inflating guided growth vs organic","acquisition-divestiture-perimeter"
"0001493152-25-008267","SHOO","Q4 GAAP EPS flat ($0.49 vs $0.49) while adjusted EPS fell ($0.55 vs $0.61), so headline GAAP read diverges from adjusted trend","uncategorized"
"0001437749-26-014873","NPK","Housewares warehouse startup issues blocked shipments for part of the quarter, driving a sizable segment loss","uncategorized"
"0001437749-26-014873","NPK","Two-week shutdown of government facility performing 40mm load/assembly/pack reduced Defense absorption","uncategorized"
"0001437749-26-014873","NPK","Tariff-driven price increases depressed Housewares volume","uncategorized"
"0001437749-26-014873","NPK","Safety segment shipments reduced by the same warehouse disruption","uncategorized"
"0001193125-25-181264","FLO","Simple Mills acquisition added 5.1% to net sales ($61.4M) — headline +1.5% growth is acquisition-driven; organic pricing/mix -1.2% and volume -2.4%","acquisition-divestiture-perimeter"
"0001193125-25-181264","FLO","Simple Mills dilutive: net loss $2.1M and ($0.01) diluted EPS, plus acquisition-related costs ($0.01/share incl. $0.01 non-deductible tax item from prior period)","acquisition-divestiture-perimeter;discrete-tax"
"0001193125-25-181264","FLO","Prior-year restructuring charges ($6.8M decrease YoY, $0.02/share) and plant closure/impairment costs ($1.4M decrease) flatter the YoY expense comparison","impairment-restructuring"
"0001193125-25-181264","FLO","Higher interest expense (+$10.1M) from debt issued to fund the Simple Mills acquisition","acquisition-divestiture-perimeter"
"0001193125-25-181264","FLO","Fiscal 2025 is a 53-week year: extra week expected to add $70-80M sales, $5-7M adjusted EBITDA, ~$0.02 EPS","uncategorized"
"0001193125-25-181264","FLO","Restructuring-related implementation costs $0.01/share in both periods; legal settlement costs NM","impairment-restructuring;insurance-weather-litigation"
"0001628280-26-048253","EOSE","Preliminary, unaudited ranges only — final Q2 results subject to closing/review and may differ materially","uncategorized"
"0001628280-26-048253","EOSE","Battery Line 2 start-up costs and low initial volumes create cost-absorption pressure distorting the gross margin comparison","uncategorized"
"0001628280-26-048253","EOSE","No prior-year margin or income-statement comparatives provided in the release, only revenue/shipment growth claims","uncategorized"
"0000018230-25-000043","CAT","$54M catch-up charge from raising estimated global annual ETR to 24.0% (vs 22.5%) after U.S. tax legislation enacted July 4, 2025","uncategorized"
"0000018230-25-000043","CAT","$41M discrete tax charge in 3Q25 vs $47M discrete tax benefit in 3Q24 (~$88M unfavorable swing on prior-year estimates)","discrete-tax"
"0000018230-25-000043","CAT","Effective tax rate 26.7% vs 20.7% distorts GAAP EPS comparison","uncategorized"
"0000018230-25-000043","CAT","Restructuring costs excluded from adjusted margin/EPS in both periods","impairment-restructuring"
"0000018230-25-000043","CAT","Insurance claim proceeds included in $180M favorable other operating income/expense","insurance-weather-litigation"
"0000018230-25-000043","CAT","Favorable foreign currency drove other income of $208M vs $76M","fx-currency"
"0001628280-26-034367","EOSE","$508.9M net income attributable to shareholders driven by non-cash mark-to-market fair-value change tied to end-of-quarter stock price, not operations","uncategorized"
"0001628280-26-034367","EOSE","445% revenue growth is off a very small prior-year base (~$10.5M implied), overstating the headline comparison","uncategorized"
"0001628280-26-034367","EOSE","Frontier Power USA JV formation and 2 GWh capacity reservation agreement (subsequent to quarter end) expand backlog beyond the March 31 organic figure","uncategorized"
"0001171843-25-005027","UFPT","2024 acquisitions drive bulk of +37.2% sales growth; organic growth only 4.9% (Q2) / 3.6% (YTD)","acquisition-divestiture-perimeter"
"0001171843-25-005027","UFPT","Two Q2 2025 acquisitions (UNIPEC, TPI) add further perimeter change","acquisition-divestiture-perimeter"
"0001171843-25-005027","UFPT","~$1.2M incremental labor costs at AJR facility from E-Verify-related workforce turnover compressed gross margin","uncategorized"
"0001171843-25-005027","UFPT","Acquisition costs $0.3M in Q2 2025 vs $0.9M in Q2 2024","acquisition-divestiture-perimeter"
"0001171843-25-005027","UFPT","Interest expense, net rose to $2.7M from $0.6M YoY on acquisition-related debt","acquisition-divestiture-perimeter"
"0001437749-25-004749","NPK","Favorable LIFO inventory adjustment (unquantified) boosted Housewares operating earnings (+71.4% segment increase)","lifo-inventory"
"0001437749-25-004749","NPK","2023 base depressed by PFAS packaging-disclosure shipment disruption in Housewares, flattering the YoY comparison","impairment-restructuring"
"0001437749-25-004749","NPK","Portfolio (investment) earnings down due to deploying liquid assets into Defense inventory buildup — non-operating drag on net earnings comparison","uncategorized"
"0001193125-25-269692","FLO","Simple Mills acquisition adds 5.9% to net sales ($70.7M) and masks organic pricing/mix (-2.3%) and volume (-0.6%) declines","acquisition-divestiture-perimeter"
"0001193125-25-269692","FLO","Higher interest expense (+$9.7M) from debt issued to fund Simple Mills acquisition","acquisition-divestiture-perimeter"
"0001193125-25-269692","FLO","Restructuring charges +$5.5M (workforce reduction; $0.02 EPS) and restructuring-related implementation costs ($0.01 EPS)","impairment-restructuring"
"0001193125-25-269692","FLO","Prior-year plant closure costs and ERP software impairment ($0.02 EPS; charges decreased $4.5M YoY)","impairment-restructuring"
"0001193125-25-269692","FLO","Acquisition and integration-related costs ($0.01 EPS)","acquisition-divestiture-perimeter"
"0001193125-25-269692","FLO","Fiscal 2025 is a 53-week year: extra week expected to add $70-80M sales, $5-7M adjusted EBITDA, ~$0.02 EPS","uncategorized"
"0001193125-26-213160","IOSP","January 2026 US winter storm shut North Carolina plants, depressing Performance Chemicals and Oilfield Services results (one-off operational disruption)","insurance-weather-litigation"
"0001193125-26-213160","IOSP","$4.7M gain from adjustment to fair value of contingent consideration this quarter vs $0.7M charge prior year (net GAAP special items swing: -$4.1M vs +$2.7M)","uncategorized"
"0001193125-26-213160","IOSP","$1.9M foreign currency exchange gains vs $0.3M prior year","fx-currency"
"0001193125-26-213160","IOSP","$1.7M legacy costs of closed operations vs $0.6M prior year","uncategorized"
"0001193125-26-213160","IOSP","Effective tax rate 22.8% vs 25.7% prior year flatters GAAP comparison","uncategorized"
"0001193125-26-213160","IOSP","Large FX effects inside segment revenue (Performance Chemicals +9% currency offsetting -9% volume; Fuel Specialties +6% currency)","fx-currency"
"0001104659-26-022940","CYRX","CRYOPDP divestiture to DHL (completed June 11, 2025) — results recast as discontinued operations for all periods; perimeter change vs originally reported FY2024","acquisition-divestiture-perimeter;accounting-change-recast"
"0001104659-26-022940","CYRX","FY2024 operating costs of $191.3M vs FY2025 $119.9M — ~$71M swing implies large prior-year charges; explanation truncated from input","uncategorized"
"0001030469-25-000033","OFG","$1.7M discrete tax benefit lowered 2Q25 ETR to 21.37% vs 24.90% anticipated full-year rate","discrete-tax"
"0001030469-25-000033","OFG","YoY tax swing: income tax $14.1M vs $20.1M in 2Q24 — diluted EPS rose 6.5% YoY while pretax income fell ~7.6% ($65.9M vs $71.3M)","discrete-tax"
"0001030469-25-000033","OFG","Buybacks cut average diluted shares ~4.5% YoY (47.1M to 45.0M), flattering the per-share comparison","uncategorized"
"0001030469-25-000033","OFG","1Q25 expense base benefited from a $3.1M one-time volume incentive payment from a business partner (distorts sequential expense comparison)","uncategorized"
"0001654954-25-004020","AEHR","InCal Technology acquisition (August 2024) contributes Sonoma-system revenue not present in prior-year quarter","acquisition-divestiture-perimeter"
"0001654954-25-004020","AEHR","Acquisition-related costs and adjustments excluded from non-GAAP results","acquisition-divestiture-perimeter"
"0001654954-25-004020","AEHR","Charges for executive officer's death-related accelerated benefits excluded from non-GAAP results","uncategorized"
"0000105132-26-000006","WDFC","Favorable FX translation added ~$3.4M to net sales (+1% reported vs -2% constant currency)","fx-currency"
"0000105132-26-000006","WDFC","UK homecare/cleaning portfolio divested in Q4 FY2025; ~$1.6M of prior-year sales not recurring (HCCP -31%)","acquisition-divestiture-perimeter"
"0000105132-26-000006","WDFC","FY2026 guidance presented on pro forma basis excluding assets expected to be divested in FY2026","acquisition-divestiture-perimeter"
"0000105132-26-000006","WDFC","Distributor-market order timing depressed Asia distributor sales (-$3.3M, -33%), framed as timing not demand","uncategorized"
"0000056978-25-000078","KLIC","$76.0M gain relating to cessation of Electronics Assembly business boosts FY25 GAAP results","uncategorized"
"0000056978-25-000078","KLIC","$39.8M FY25 impairment charges (vs $44.5M in FY24) distort both years' GAAP comparison","impairment-restructuring"
"0000056978-25-000078","KLIC","Q4 FY24 had a $2.0M income tax benefit vs Q4 FY25 $0.3M tax expense, distorting the GAAP EPS comparison","discrete-tax"
"0000056978-25-000078","KLIC","FY25 tax provision of $20.3M against only $20.5M pretax income implies large discrete tax items compressing FY GAAP net income to $0.2M","discrete-tax"
"0000056978-25-000078","KLIC","FY25 ended Oct 4, 2025 vs Sep 28, 2024 - likely a 53-week year (14-week Q4), a period-length distortion not stated in the text","uncategorized"
"0001421517-26-000040","ERII","$1.6M restructuring inventory reserve booked to cost of revenue (CO2 retail grocery wind-down), stated ~17 pts of the gross-margin decline","impairment-restructuring;lifo-inventory"
"0001421517-26-000040","ERII","$1.7M goodwill impairment in Q1'26 vs none in Q1'25","impairment-restructuring"
"0001421517-26-000040","ERII","Restructuring charges $1.5M in Q1'26 vs $0.5M in Q1'25","impairment-restructuring"
"0001421517-26-000040","ERII","Wind-down of CO2 retail grocery business distorts YoY expense and margin comparison","impairment-restructuring"
"0001304492-25-000054","ATEX","$18.3M Q4 gain on sale of intangible assets (broadband licenses to Oncor) drives Q4 swing to net income","asset-sale-gains-losses"
"0001304492-25-000054","ATEX","$22.8M FY gain on exchange of narrowband-for-broadband licenses vs $35.0M prior-year exchange gain","uncategorized"
"0001304492-25-000054","ATEX","$3.8M FY severance and other related charges (none prior year)","impairment-restructuring"
"0001304492-25-000054","ATEX","Prior-year operating cash flow included $61.5M deferred revenue inflow vs $2.5M this year, distorting the OCF comparison","uncategorized"
"0001304492-25-000054","ATEX","Q4 FY24 included $15.2M deferred revenue inflow vs -$1.4M in Q4 FY25","uncategorized"
"0001437749-26-013888","BELFB","dataMate acquisition closed March 2026 adds partial-quarter revenue to Q1-26","acquisition-divestiture-perimeter"
"0001437749-26-013888","BELFB","Large GAAP vs non-GAAP gap in Q1-26 ($11.4M GAAP vs $22.8M non-GAAP) implies significant special items; reconciliation truncated so items unidentified","uncategorized"
"0001437749-26-013888","BELFB","GAAP net earnings fell YoY ($17.9M to $11.4M) while non-GAAP rose ($16.8M to $22.8M) - opposite directions signal comparability distortion","uncategorized"
"0001437749-26-013888","BELFB","Enercon (Nov 2024) 80%-owned with intended buy-in of remaining 20% pending (per risk factors)","acquisition-divestiture-perimeter"
"0001437749-25-023426","BELFB","Enercon acquisition (Nov 2024, 80%-owned) inflates YoY revenue/earnings comparison","acquisition-divestiture-perimeter"
"0001437749-25-023426","BELFB","$4.1M gain on sale of Glen Rock, PA building boosts GAAP net earnings","asset-sale-gains-losses"
"0001437749-25-023426","BELFB","Non-GAAP definitions revised in Q4-24 (now exclude stock-based comp, intangible amortization, unrealized FX), applied retrospectively to all periods","fx-currency"
"0001437749-25-023426","BELFB","Results labeled preliminary","uncategorized"
"0001437749-26-015010","JJSF","$6.5M non-recurring plant closure costs in operating expenses ($4.1M non-cash)","impairment-restructuring"
"0001437749-26-015010","JJSF","$0.9M increase in non-recurring legal expenses plus other restructuring charges including severance","impairment-restructuring"
"0001437749-26-015010","JJSF","Anticipated planned reductions in lower-margin bakery business (~$8.0M of Food Service sales decline)","uncategorized"
"0001437749-26-015010","JJSF","Unspecified 'other non-recurring expenses' also included in the $97.5M operating expenses","uncategorized"
"0000950170-25-102060","HLIO","FX translation +$1.5M favorable to sales YoY (minor, <1% of sales)","fx-currency"
"0000950170-25-102060","HLIO","Electronics leadership-change costs drove SEA +$0.6M YoY","uncategorized"
"0000950170-25-102060","HLIO","HCEE restructuring drove amortization of intangibles +5% YoY","impairment-restructuring"
"0000950170-25-102060","HLIO","CFP divestiture (~$83M AUD) announced but not closed - does not affect Q2 comparison yet","acquisition-divestiture-perimeter"
"0000018230-25-000037","CAT","Prior-year 2Q24 included $228M losses on divestiture of two non-U.S. entities with no related tax benefit, distorting GAAP YoY comparison","acquisition-divestiture-perimeter;discrete-tax;asset-sale-gains-losses"
"0000018230-25-000037","CAT","Restructuring costs excluded from adjusted operating margin and adjusted PPS in both periods (amounts not stated in provided text)","impairment-restructuring"
"0000018230-25-000037","CAT","Higher tariffs cited as main driver of unfavorable manufacturing costs, an external cost regime change vs 2Q24","uncategorized"
"0001628280-25-049552","EOSE","$572.3M cumulative non-cash mark-to-market / convertible-note early-retirement loss dominates the $641.4M net loss","uncategorized"
"0001628280-25-049552","EOSE","35x YoY revenue comparison is off a near-zero prior-year base (Q3'25 revenue nearly doubles ALL of FY2024)","uncategorized"
"0001628280-25-049552","EOSE","Early retirement of 26.5%-interest convertible notes creates a one-time loss tied to a 122% stock-price increase","uncategorized"
"0001628280-25-049552","EOSE","Margin changes quoted in 'points' (92-point gross, 166-point EBITDA) while absolute dollar losses actually widened QoQ","uncategorized"
"0001437749-26-011412","BELFB","Segment reorganization: two new end-market business units replace prior product-centric structure, which will break future segment-level comparability (Connectivity + Enercon -> Aerospace/Defense & Rugged; Power Solutions & Protection + Magnetics -> Industrial Tech & Data)","uncategorized"
"0001654954-26-006655","AEHR","Acquisition-related adjustments excluded from non-GAAP (acquisition unnamed and unquantified in provided text; possible revenue-perimeter change - 'revenue diversification' cited)","acquisition-divestiture-perimeter"
"0001654954-26-006655","AEHR","Restructuring charges excluded from FY2026 non-GAAP (amount not stated)","impairment-restructuring"
"0001654954-26-006655","AEHR","Cash jumped $37.1M (Feb 27, 2026) to $116.5M (May 29, 2026) in one quarter with no explanation in provided text (likely financing/dilution, not operations - operating cash flow was -$3.3M for the year)","uncategorized"
"0000950170-25-064564","HLIO","Prior-year period included $1.8M recognized gain on interest rate swap flattering prior-year interest expense (nearly equal to the $1.9M YoY net income decline)","uncategorized"
"0000950170-25-064564","HLIO","FX translation unfavorably impacted Q1 2025 sales by $2.3M vs prior year","fx-currency"
"0000950170-25-064564","HLIO","Amortization of intangibles up 5% to $8.3M driven by restructuring of Helios Center for Engineering Excellence (HCEE)","impairment-restructuring"
"0001421517-26-000021","ERII","Restructuring swing: Q4'24 had $2.5M restructuring charges vs a $(0.2)M net reversal in Q4'25, flattering the 36.5% opex decline and the +22.3% operating income comparison","impairment-restructuring"
"0001421517-26-000021","ERII","Buybacks ($36.3M repurchased in 2025) cut diluted shares ~7% (57.2M -> 53.4M), flattering EPS comparisons","uncategorized"
"0001421517-26-000021","ERII","Effective tax rate rose to 16.8% from 10.4% (full year), distorting net income comparison","uncategorized"
"0001421517-26-000021","ERII","Adjusted metrics exclude stock-based compensation, executive transition costs, restructuring and impairment; adjusted trend (FY adj. net income -23%) diverges sharply from flat GAAP net income","impairment-restructuring"
"0001421517-26-000021","ERII","Tariff costs cited as part of the 300 bps Q4 gross-margin decline","uncategorized"
"0001466593-26-000002","OTTR","Favorable weather added ~$0.10 diluted EPS in 2025 vs 2024 (Electric segment)","insurance-weather-litigation"
"0001466593-26-000002","OTTR","Vinyltech phase-1 capacity added late 2024 drove +8% Plastics volumes, partially masking 15% price decline","uncategorized"
"0001466593-26-000002","OTTR","Production tax credits from completed wind repowering reduced rider revenue with offsetting lower income tax (pass-through, revenue-only distortion)","uncategorized"
"0001193125-26-055921","IOSP","Prior-year Q4 $155.6M UK pension scheme buy-out settlement charge ($4.65/sh) drove the GAAP loss, making the loss-to-income swing non-comparable","uncategorized"
"0001193125-26-055921","IOSP","Current-quarter $9.5M net income benefit from internal reorganizations (+$0.38/sh)","uncategorized"
"0001193125-26-055921","IOSP","FY2025 $22.9M impairment of property, plant and equipment ($0.72/sh)","impairment-restructuring"
"0001193125-26-055921","IOSP","FY2025 $19.1M impairment of intangible assets ($0.56/sh)","impairment-restructuring"
"0001193125-26-055921","IOSP","FY2025 $(15.9)M gain on adjustment to fair value of contingent consideration vs $3.4M charge prior year","uncategorized"
"0001193125-26-055921","IOSP","Prior-year $11.0M (Q4) / $11.4M (FY) favorable adjustment of income tax provisions","uncategorized"
"0001193125-26-055921","IOSP","Foreign currency exchange gains in both periods ($2.7M Q4 2025 vs $8.0M Q4 2024)","fx-currency"
"0001193125-26-055921","IOSP","Prior-year $8.4M recovery of historical pension costs (FY)","uncategorized"
"0001673985-26-000033","ASIX","Prior-year 1Q25 included ~$26M pre-tax insurance proceeds benefit in COGS, flattering the comparison base","insurance-weather-litigation"
"0001673985-26-000033","ASIX","~$11M winter storm impact on 1Q26 plant costs","insurance-weather-litigation"
"0001673985-26-000033","ASIX","Higher sulfur and natural gas raw material costs cited as margin drag (market-driven, not one-off, but frames the swing)","uncategorized"
"0001193125-26-313363","HZO","Prior-year Q3 FY2025 included a $69.1M non-cash goodwill impairment (manufacturing segment), flattering the YoY net income swing","impairment-restructuring"
"0001193125-26-313363","HZO","~110 bps of the 530 bps gross margin gain came from a tariff refund, majority related to boat sales recorded earlier in the fiscal year","uncategorized"
"0001193125-26-313363","HZO","Adjusted SG&A excludes transaction and other costs, intangible amortization, contingent consideration changes, weather-related costs, and restructuring expenses","impairment-restructuring;insurance-weather-litigation"
"0000057131-25-000080","LZB","New and acquired stores drive Retail written +5% while written same-store sales are down 4%","acquisition-divestiture-perimeter"
"0000057131-25-000080","LZB","Significant international wholesale customer transition (began FY25 Q2) depresses Wholesale/international comparison","uncategorized"
"0000057131-25-000080","LZB","$1.3M pre-tax ($0.03/sh) distribution and home delivery transformation charges excluded from FY26 Q1 adjusted figures","uncategorized"
"0000057131-25-000080","LZB","$0.2M (FY26 Q1) and $0.4M (FY25 Q1) purchase accounting charges from prior acquisitions","acquisition-divestiture-perimeter"
"0000057131-25-000080","LZB","Announced 15-store acquisition (closing late October) will affect future-period comparability","acquisition-divestiture-perimeter"
"0001552781-25-000176","WTRG","Prior-year (Q1 2024) gain on sale of combined-heat-and-power business worth $0.24/share flatters the prior-year base, so underlying YoY EPS growth is stronger than headline +6%","asset-sale-gains-losses"
"0001552781-25-000176","WTRG","Higher tax benefit in Q1 2025 cited as an earnings driver","discrete-tax"
"0001552781-25-000176","WTRG","28% revenue increase driven largely by purchased gas cost pass-through and colder-weather gas volumes, not underlying growth","insurance-weather-litigation"
"0001552781-25-000176","WTRG","Customer assistance surcharge costs in gas segment inflate both O&M and revenues with an equivalent offset","uncategorized"
"0001552781-25-000176","WTRG","Small tuck-in acquisitions (Greenville $18M Jan 2025, Midvale ~$3M Apr 2025) add perimeter, though immaterial at scale","acquisition-divestiture-perimeter"
"0001437749-26-006907","NPK","Sizable capital loss from bankruptcy of a key supplier (amount not stated) depresses 2025 earnings","uncategorized"
"0001437749-26-006907","NPK","Duplicated costs from ongoing Canton, MS to Nettleton, MS distribution-center relocation (two staffs, transport costs)","uncategorized"
"0001437749-26-006907","NPK","Trump tariffs expensed as period costs under LIFO drive Housewares operating loss; potential refund after Supreme Court struck down IEEPA tariffs is unresolved","lifo-inventory"
"0001628280-26-028907","IMAX","Record 2025 Chinese New Year comp (Ne Zha 2 grossed record $161M in 1Q25) depresses YoY box office and China revenue","uncategorized"
"0001628280-26-028907","IMAX","Two larger Chinese local-language titles shifted to later 2026, lowering 1Q26 Greater China box office","uncategorized"
"0001628280-26-028907","IMAX","Non-controlling interest swing: total net income -26% ($6.1M vs $8.2M) while NI attributable to common +83% ($4.2M vs $2.3M) — per-share growth not representative of total-company trend","uncategorized"
"0001628280-26-028907","IMAX","Adjusted vs GAAP divergence: Adjusted Net Income +33% while total Adjusted EBITDA -18%","uncategorized"
"0001628280-26-028907","IMAX","Operating cash flow comparison distorted by $9M lease incentives to exhibitors in 2026 vs $1M in 2025","uncategorized"
"0001171843-26-000624","CLFD","Nestor Cables business sold Nov 2025 — results reclassified to discontinued operations; perimeter change vs prior consolidated periods","acquisition-divestiture-perimeter;accounting-change-recast"
"0001171843-26-000624","CLFD","Consolidated net loss improvement ($0.13 to $0.04 per share) driven mostly by discontinued-ops loss narrowing ($1.6M to $0.3M), not continuing operations","uncategorized"
"0001171843-26-000624","CLFD","Small tax swing: $53K expense to ~$1K benefit due to discrete items (immaterial)","discrete-tax"
"0000921582-25-000005","IMAX","Large gap between GAAP and adjusted results (Q4 Net Income $5.3M vs Adjusted Net Income $14.5M) driven by unspecified adjustments; reconciliation tables truncated from input","uncategorized"
"0000921582-25-000005","IMAX","Q4 GAAP Net Income +112% is off a very small prior-year base ($2.5M), overstating the headline percentage","uncategorized"
"0000921582-25-000005","IMAX","Lower sales-type installations (63 vs 70 FY) vs higher rental revenue shifts revenue mix year-over-year","uncategorized"
"0001437749-25-023664","NPK","One-off loss of a deposit from a supplier bankruptcy hit Housewares earnings (amount not stated)","uncategorized"
"0001437749-25-023664","NPK","Trump tariffs expensed as period costs under LIFO significantly distort Housewares YoY earnings comparison","lifo-inventory"
"0001437749-25-023664","NPK","Portfolio (investment) earnings nominal this quarter due to inventory build for Defense awards, vs prior-year contribution","uncategorized"
"0000908315-26-000016","WINA","$2.2M one-time leasing income from customer litigation settlement in Q1 2025","insurance-weather-litigation"
"0000908315-26-000016","WINA","Leasing business run-off: leasing income $2.31M in Q1 2025 vs $0 in Q1 2026 distorts total revenue comparison","uncategorized"
"0001562762-26-000078","CALM","Prior-year comparison is against record-high egg prices from severe supply shortage, distorting all YoY figures","uncategorized"
"0001562762-26-000078","CALM","Prepared Foods segment revenue is acquisition-driven ($244.8M FY26 vs $4.1M FY25; Van's, Creighton Brothers assets, Crepini JV)","acquisition-divestiture-perimeter"
"0001562762-26-000078","CALM","New segment reporting structure effective Q4 FY2026 with prior periods recast","accounting-change-recast"
"0001562762-26-000078","CALM","$8.8M FY26 gain on involuntary conversion ($0.9M in Q4) vs $(0.2)M prior year","uncategorized"
"0001562762-26-000078","CALM","Eggland's Best franchise territory acquisition subsequent to year-end will affect future comparability","acquisition-divestiture-perimeter"
"0000046250-26-000004","HWKN","Six FY2026 acquisitions (incl. WaterSurplus) add ~$19M of Water Treatment sales and ~$5M/quarter of amortization, earnout accretion and interest expense","acquisition-divestiture-perimeter"
"0000046250-26-000004","HWKN","$4.6M favorable fair-value adjustment to Water Solutions earnout liability reduced SG&A this quarter","uncategorized"
"0000046250-26-000004","HWKN","Prior-year quarter tax rate (26% vs 27%) benefited from favorable tax provision adjustments","uncategorized"
"0000046250-26-000004","HWKN","LIFO reserve benefit $0.2M this quarter vs $0.8M prior-year quarter","lifo-inventory"
"0000046250-26-000004","HWKN","Segment reporting recast in FY2026 (Food/Agriculture/Pharma moved out of Industrial into new Food & Health Sciences segment)","accounting-change-recast"
"0000093410-26-000019","CVX","Hess acquisition (completed 2025) adds 261 MBOED and inflates yoy production, earnings and cash flow comparisons","acquisition-divestiture-perimeter"
"0000093410-26-000019","CVX","$128M net loss from pension settlement costs included in 4Q25","uncategorized"
"0000093410-26-000019","CVX","Foreign currency effects decreased 4Q25 earnings by $130M (international upstream FY FX -$408M vs +$395M prior year)","fx-currency"
"0000093410-26-000019","CVX","Divestitures reduce production comparability: Republic of Congo, Malaysia-Thailand JDA, Canada asset sales; $1.8B asset sale proceeds included in adjusted FCF","acquisition-divestiture-perimeter"
"0000093410-26-000019","CVX","Absence of prior-year severance charges flatters yoy expense comparisons across segments","impairment-restructuring"
"0000093410-26-000019","CVX","Lower Brent price environment ($64 vs $75 in Q4; $69 vs $81 FY) drives the headline earnings decline","uncategorized"
"0000093410-25-000016","CVX","$175M net loss from legal reserves and UK energy profits levy tax charge, partially offset by Hess share fair-value measurement","uncategorized"
"0000093410-25-000016","CVX","Foreign currency effects decreased earnings by $138M","fx-currency"
"0000093410-25-000016","CVX","CFFO reduced by tax payments related to Canadian asset sale that closed 4Q 2024","uncategorized"
"0000093410-25-000016","CVX","Asset sales (Canada, Republic of Congo, East Texas gas majority interest) and Myanmar withdrawal distort production and earnings comparisons","uncategorized"
"0000093410-25-000016","CVX","Favorable Hess fair-market-valuation adjustment flatters All Other segment","uncategorized"
"0001552781-26-000307","WTRG","Q1 2025 included non-recurring income tax reserve regulatory liability release (amount not stated)","uncategorized"
"0001552781-26-000307","WTRG","Q1 2025 included insurance reimbursement of legal-proceeding expenses (amount not stated)","insurance-weather-litigation"
"0001552781-26-000307","WTRG","Q1 2025 included rate recovery of a regulated asset associated with bad debt (amount not stated)","uncategorized"
"0001552781-26-000307","WTRG","Q1 2026 includes $16.3M merger-related expenses ($0.04/share excluded from non-GAAP EPS)","acquisition-divestiture-perimeter"
"0001552781-26-000307","WTRG","Abnormal cold-weather costs inflated Q1 2026 O&M (overtime, outside services, main breaks)","insurance-weather-litigation"
"0001552781-26-000307","WTRG","Purchased gas cost pass-throughs inflate gas-segment revenue growth","uncategorized"
"0001552781-26-000307","WTRG","DELCORA acquisition removed from all guidance metrics","acquisition-divestiture-perimeter"
